source,source_id,source_sha256,source_pdf_page,source_serial,junction_name_as_printed,junction_type_as_printed,latitude_dms_as_printed,longitude_dms_as_printed,latitude_degrees,longitude_degrees,coordinate_datum,coordinate_derivation,evidence_scope,operating_plan_status,model_binding_status
published_tender_inventory,bmc_signal_upgrade_spec_2021,643aa77e2d77ab6fb05c1d3edca5acf2425cdf476c99810a864e17880804c9a0,63,1,President Hotel,3-arm,"18°54'51.32""N,","72°49'17.94""E",18.91425555555555555555555556,72.82165000000000000000000000,not_stated_in_table,degrees + minutes/60 + seconds/3600; datum unchanged,70_junction_upgrade_tender_not_citywide_signal_census,cycles_splits_offsets_and_phases_not_supplied_by_inventory,unmatched_reference_point_not_assigned_to_OSM
published_tender_inventory,bmc_signal_upgrade_spec_2021,643aa77e2d77ab6fb05c1d3edca5acf2425cdf476c99810a864e17880804c9a0,63,2,Saigaonkar Marg on Captain Prakash Marg,3-arm,"18°54'59.93""N","72°49'25.12""E",18.91664722222222222222222222,72.82364444444444444444444445,not_stated_in_table,degrees + minutes/60 + seconds/3600; datum unchanged,70_junction_upgrade_tender_not_citywide_signal_census,cycles_splits_offsets_and_phases_not_supplied_by_inventory,unmatched_reference_point_not_assigned_to_OSM
published_tender_inventory,bmc_signal_upgrade_spec_2021,643aa77e2d77ab6fb05c1d3edca5acf2425cdf476c99810a864e17880804c9a0,63,3,Badhwar Park,3-arm,"18°55'7.62""N,","72°49'31.76""E",18.91878333333333333333333334,72.82548888888888888888888889,not_stated_in_table,degrees + minutes/60 + seconds/3600; datum unchanged,70_junction_upgrade_tender_not_citywide_signal_census,cycles_splits_offsets_and_phases_not_supplied_by_inventory,unmatched_reference_point_not_assigned_to_OSM
published_tender_inventory,bmc_signal_upgrade_spec_2021,643aa77e2d77ab6fb05c1d3edca5acf2425cdf476c99810a864e17880804c9a0,63,4,Lalit Building,3-arm,"18°55'16.18""N","72°49'34.82""E",18.92116111111111111111111111,72.82633888888888888888888889,not_stated_in_table,degrees + minutes/60 + seconds/3600; datum unchanged,70_junction_upgrade_tender_not_citywide_signal_census,cycles_splits_offsets_and_phases_not_supplied_by_inventory,unmatched_reference_point_not_assigned_to_OSM
published_tender_inventory,bmc_signal_upgrade_spec_2021,643aa77e2d77ab6fb05c1d3edca5acf2425cdf476c99810a864e17880804c9a0,63,5,Sarang Building,3-arm,"18°55'22.22""N","72°49'35.96""E",18.92283888888888888888888889,72.82665555555555555555555556,not_stated_in_table,degrees + minutes/60 + seconds/3600; datum unchanged,70_junction_upgrade_tender_not_citywide_signal_census,cycles_splits_offsets_and_phases_not_supplied_by_inventory,unmatched_reference_point_not_assigned_to_OSM
published_tender_inventory,bmc_signal_upgrade_spec_2021,643aa77e2d77ab6fb05c1d3edca5acf2425cdf476c99810a864e17880804c9a0,63,6,Arthor Bandar Road on S B S Marg,3-arm,"18°55'8.20""N","72°49'44.61""E",18.91894444444444444444444445,72.82905833333333333333333334,not_stated_in_table,degrees + minutes/60 + seconds/3600; datum unchanged,70_junction_upgrade_tender_not_citywide_signal_census,cycles_splits_offsets_and_phases_not_supplied_by_inventory,unmatched_reference_point_not_assigned_to_OSM
published_tender_inventory,bmc_signal_upgrade_spec_2021,643aa77e2d77ab6fb05c1d3edca5acf2425cdf476c99810a864e17880804c9a0,63,7,BEST House,4-arm,"18°55'18.70""N","72°49'52.19""E",18.92186111111111111111111111,72.83116388888888888888888889,not_stated_in_table,degrees + minutes/60 + seconds/3600; datum unchanged,70_junction_upgrade_tender_not_citywide_signal_census,cycles_splits_offsets_and_phases_not_supplied_by_inventory,unmatched_reference_point_not_assigned_to_OSM
published_tender_inventory,bmc_signal_upgrade_spec_2021,643aa77e2d77ab6fb05c1d3edca5acf2425cdf476c99810a864e17880804c9a0,63,8,Nathalal Parekh,4-arm,"18°55'22.50""N","72°49'45.86""E",18.92291666666666666666666667,72.82940555555555555555555556,not_stated_in_table,degrees + minutes/60 + seconds/3600; datum unchanged,70_junction_upgrade_tender_not_citywide_signal_census,cycles_splits_offsets_and_phases_not_supplied_by_inventory,unmatched_reference_point_not_assigned_to_OSM
published_tender_inventory,bmc_signal_upgrade_spec_2021,643aa77e2d77ab6fb05c1d3edca5acf2425cdf476c99810a864e17880804c9a0,63,9,Bombay Samachar Marg,3-arm,"18°55'41.58""N","72°50'2.82""E",18.92821666666666666666666667,72.83411666666666666666666666,not_stated_in_table,degrees + minutes/60 + seconds/3600; datum unchanged,70_junction_upgrade_tender_not_citywide_signal_census,cycles_splits_offsets_and_phases_not_supplied_by_inventory,unmatched_reference_point_not_assigned_to_OSM
published_tender_inventory,bmc_signal_upgrade_spec_2021,643aa77e2d77ab6fb05c1d3edca5acf2425cdf476c99810a864e17880804c9a0,63,10,Horniman Circle,3-arm +ped,"18°55'55.17""N","72°50'8.54""E",18.93199166666666666666666667,72.83570555555555555555555555,not_stated_in_table,degrees + minutes/60 + seconds/3600; datum unchanged,70_junction_upgrade_tender_not_citywide_signal_census,cycles_splits_offsets_and_phases_not_supplied_by_inventory,unmatched_reference_point_not_assigned_to_OSM
published_tender_inventory,bmc_signal_upgrade_spec_2021,643aa77e2d77ab6fb05c1d3edca5acf2425cdf476c99810a864e17880804c9a0,63,11,RBI Junction,Ped,"18°56'0.09""N","72°50'12.67""E",18.93335833333333333333333333,72.83685277777777777777777777,not_stated_in_table,degrees + minutes/60 + seconds/3600; datum unchanged,70_junction_upgrade_tender_not_citywide_signal_census,cycles_splits_offsets_and_phases_not_supplied_by_inventory,unmatched_reference_point_not_assigned_to_OSM
published_tender_inventory,bmc_signal_upgrade_spec_2021,643aa77e2d77ab6fb05c1d3edca5acf2425cdf476c99810a864e17880804c9a0,63,12,Fort Market,4-arm,"18°56'4.20""N","72°50'13.40""E",18.93450000000000000000000000,72.83705555555555555555555555,not_stated_in_table,degrees + minutes/60 + seconds/3600; datum unchanged,70_junction_upgrade_tender_not_citywide_signal_census,cycles_splits_offsets_and_phases_not_supplied_by_inventory,unmatched_reference_point_not_assigned_to_OSM
published_tender_inventory,bmc_signal_upgrade_spec_2021,643aa77e2d77ab6fb05c1d3edca5acf2425cdf476c99810a864e17880804c9a0,63,13,ACP Office,3-arm,"18°56'18.65""N","72°50'9.41""E",18.93851388888888888888888889,72.83594722222222222222222222,not_stated_in_table,degrees + minutes/60 + seconds/3600; datum unchanged,70_junction_upgrade_tender_not_citywide_signal_census,cycles_splits_offsets_and_phases_not_supplied_by_inventory,unmatched_reference_point_not_assigned_to_OSM
published_tender_inventory,bmc_signal_upgrade_spec_2021,643aa77e2d77ab6fb05c1d3edca5acf2425cdf476c99810a864e17880804c9a0,63,14,GPO Junction,3-arm,"18°56'18.43""N","72°50'12.72""E",18.93845277777777777777777777,72.83686666666666666666666666,not_stated_in_table,degrees + minutes/60 + seconds/3600; datum unchanged,70_junction_upgrade_tender_not_citywide_signal_census,cycles_splits_offsets_and_phases_not_supplied_by_inventory,unmatched_reference_point_not_assigned_to_OSM
published_tender_inventory,bmc_signal_upgrade_spec_2021,643aa77e2d77ab6fb05c1d3edca5acf2425cdf476c99810a864e17880804c9a0,63,15,Mint Road on P D'mello Road,4-arm,"18°56'17.81""N","72°50'16.64""E",18.93828055555555555555555555,72.83795555555555555555555555,not_stated_in_table,degrees + minutes/60 + seconds/3600; datum unchanged,70_junction_upgrade_tender_not_citywide_signal_census,cycles_splits_offsets_and_phases_not_supplied_by_inventory,unmatched_reference_point_not_assigned_to_OSM
published_tender_inventory,bmc_signal_upgrade_spec_2021,643aa77e2d77ab6fb05c1d3edca5acf2425cdf476c99810a864e17880804c9a0,63,16,Karnac Bandar,4-arm,"18°56'55.95""N","72°50'26.03""E",18.94887500000000000000000000,72.84056388888888888888888889,not_stated_in_table,degrees + minutes/60 + seconds/3600; datum unchanged,70_junction_upgrade_tender_not_citywide_signal_census,cycles_splits_offsets_and_phases_not_supplied_by_inventory,unmatched_reference_point_not_assigned_to_OSM
published_tender_inventory,bmc_signal_upgrade_spec_2021,643aa77e2d77ab6fb05c1d3edca5acf2425cdf476c99810a864e17880804c9a0,63,17,Wadi Bandar,3-arm,"18°57'26.49""N","72°50'33.24""E",18.95735833333333333333333333,72.84256666666666666666666666,not_stated_in_table,degrees + minutes/60 + seconds/3600; datum unchanged,70_junction_upgrade_tender_not_citywide_signal_census,cycles_splits_offsets_and_phases_not_supplied_by_inventory,unmatched_reference_point_not_assigned_to_OSM
published_tender_inventory,bmc_signal_upgrade_spec_2021,643aa77e2d77ab6fb05c1d3edca5acf2425cdf476c99810a864e17880804c9a0,63,18,Mallet Bandar,3-arm,"18°57'36.51""N","72°50'35.77""E",18.96014166666666666666666667,72.84326944444444444444444444,not_stated_in_table,degrees + minutes/60 + seconds/3600; datum unchanged,70_junction_upgrade_tender_not_citywide_signal_census,cycles_splits_offsets_and_phases_not_supplied_by_inventory,unmatched_reference_point_not_assigned_to_OSM
published_tender_inventory,bmc_signal_upgrade_spec_2021,643aa77e2d77ab6fb05c1d3edca5acf2425cdf476c99810a864e17880804c9a0,63,19,Kaklij Chowk,4-arm,"18°57'48.79""N","72°50'38.56""E",18.96355277777777777777777778,72.84404444444444444444444444,not_stated_in_table,degrees + minutes/60 + seconds/3600; datum unchanged,70_junction_upgrade_tender_not_citywide_signal_census,cycles_splits_offsets_and_phases_not_supplied_by_inventory,unmatched_reference_point_not_assigned_to_OSM
published_tender_inventory,bmc_signal_upgrade_spec_2021,643aa77e2d77ab6fb05c1d3edca5acf2425cdf476c99810a864e17880804c9a0,63,20,Dockyard Road,3-arm,"18°58'3.42""N","72°50'41.50""E",18.96761666666666666666666667,72.84486111111111111111111111,not_stated_in_table,degrees + minutes/60 + seconds/3600; datum unchanged,70_junction_upgrade_tender_not_citywide_signal_census,cycles_splits_offsets_and_phases_not_supplied_by_inventory,unmatched_reference_point_not_assigned_to_OSM
published_tender_inventory,bmc_signal_upgrade_spec_2021,643aa77e2d77ab6fb05c1d3edca5acf2425cdf476c99810a864e17880804c9a0,63,21,Kasara Bandar,Ped,"18°58'11.44""N","72°50'43.48""E",18.96984444444444444444444445,72.84541111111111111111111111,not_stated_in_table,degrees + minutes/60 + seconds/3600; datum unchanged,70_junction_upgrade_tender_not_citywide_signal_census,cycles_splits_offsets_and_phases_not_supplied_by_inventory,unmatched_reference_point_not_assigned_to_OSM
published_tender_inventory,bmc_signal_upgrade_spec_2021,643aa77e2d77ab6fb05c1d3edca5acf2425cdf476c99810a864e17880804c9a0,63,22,Reay Road,Ped,"18°58'38.25""N","72°50'38.16""E",18.97729166666666666666666667,72.84393333333333333333333333,not_stated_in_table,degrees + minutes/60 + seconds/3600; datum unchanged,70_junction_upgrade_tender_not_citywide_signal_census,cycles_splits_offsets_and_phases_not_supplied_by_inventory,unmatched_reference_point_not_assigned_to_OSM
published_tender_inventory,bmc_signal_upgrade_spec_2021,643aa77e2d77ab6fb05c1d3edca5acf2425cdf476c99810a864e17880804c9a0,63,23,Cotton Green,Ped,"18°59'7.65""N","72°50'31.81""E",18.98545833333333333333333333,72.84216944444444444444444444,not_stated_in_table,degrees + minutes/60 + seconds/3600; datum unchanged,70_junction_upgrade_tender_not_citywide_signal_census,cycles_splits_offsets_and_phases_not_supplied_by_inventory,unmatched_reference_point_not_assigned_to_OSM
published_tender_inventory,bmc_signal_upgrade_spec_2021,643aa77e2d77ab6fb05c1d3edca5acf2425cdf476c99810a864e17880804c9a0,63,24,Albert Circle,4-arm,"18°59'7.10""N","72°50'31.80""E",18.98530555555555555555555555,72.84216666666666666666666666,not_stated_in_table,degrees + minutes/60 + seconds/3600; datum unchanged,70_junction_upgrade_tender_not_citywide_signal_census,cycles_splits_offsets_and_phases_not_supplied_by_inventory,unmatched_reference_point_not_assigned_to_OSM
published_tender_inventory,bmc_signal_upgrade_spec_2021,643aa77e2d77ab6fb05c1d3edca5acf2425cdf476c99810a864e17880804c9a0,64,25,Sewree Court,4-arm,"18°59'46.10""N","72°51'10.16""E",18.99613888888888888888888889,72.85282222222222222222222222,not_stated_in_table,degrees + minutes/60 + seconds/3600; datum unchanged,70_junction_upgrade_tender_not_citywide_signal_census,cycles_splits_offsets_and_phases_not_supplied_by_inventory,unmatched_reference_point_not_assigned_to_OSM
published_tender_inventory,bmc_signal_upgrade_spec_2021,643aa77e2d77ab6fb05c1d3edca5acf2425cdf476c99810a864e17880804c9a0,64,26,Fatima High School,3-arm,"19° 0'1.91""N","72°51'13.47""E",19.00053055555555555555555556,72.85374166666666666666666667,not_stated_in_table,degrees + minutes/60 + seconds/3600; datum unchanged,70_junction_upgrade_tender_not_citywide_signal_census,cycles_splits_offsets_and_phases_not_supplied_by_inventory,unmatched_reference_point_not_assigned_to_OSM
published_tender_inventory,bmc_signal_upgrade_spec_2021,643aa77e2d77ab6fb05c1d3edca5acf2425cdf476c99810a864e17880804c9a0,64,27,Dyaneshwar Nagar,3-arm,"19° 0'17.38""N","72°51'14.22""E",19.00482777777777777777777778,72.85395,not_stated_in_table,degrees + minutes/60 + seconds/3600; datum unchanged,70_junction_upgrade_tender_not_citywide_signal_census,cycles_splits_offsets_and_phases_not_supplied_by_inventory,unmatched_reference_point_not_assigned_to_OSM
published_tender_inventory,bmc_signal_upgrade_spec_2021,643aa77e2d77ab6fb05c1d3edca5acf2425cdf476c99810a864e17880804c9a0,64,28,Sewree Market,Ped,"19° 0'32.48""N","72°51'14.94""E",19.00902222222222222222222222,72.85415,not_stated_in_table,degrees + minutes/60 + seconds/3600; datum unchanged,70_junction_upgrade_tender_not_citywide_signal_census,cycles_splits_offsets_and_phases_not_supplied_by_inventory,unmatched_reference_point_not_assigned_to_OSM
published_tender_inventory,bmc_signal_upgrade_spec_2021,643aa77e2d77ab6fb05c1d3edca5acf2425cdf476c99810a864e17880804c9a0,64,29,Sakhar Punchayat,3-arm,"19° 0'40.76""N","72°51'15.63""E",19.01132222222222222222222222,72.85434166666666666666666667,not_stated_in_table,degrees + minutes/60 + seconds/3600; datum unchanged,70_junction_upgrade_tender_not_citywide_signal_census,cycles_splits_offsets_and_phases_not_supplied_by_inventory,unmatched_reference_point_not_assigned_to_OSM
published_tender_inventory,bmc_signal_upgrade_spec_2021,643aa77e2d77ab6fb05c1d3edca5acf2425cdf476c99810a864e17880804c9a0,64,30,Wadala Station,4-arm,"19° 1'0.78""N","72°51'31.28""E",19.01688333333333333333333334,72.85868888888888888888888889,not_stated_in_table,degrees + minutes/60 + seconds/3600; datum unchanged,70_junction_upgrade_tender_not_citywide_signal_census,cycles_splits_offsets_and_phases_not_supplied_by_inventory,unmatched_reference_point_not_assigned_to_OSM
published_tender_inventory,bmc_signal_upgrade_spec_2021,643aa77e2d77ab6fb05c1d3edca5acf2425cdf476c99810a864e17880804c9a0,64,31,Wadala Flyover,3-arm,"19° 1'7.55""N","72°51'36.82""E",19.01876388888888888888888889,72.86022777777777777777777778,not_stated_in_table,degrees + minutes/60 + seconds/3600; datum unchanged,70_junction_upgrade_tender_not_citywide_signal_census,cycles_splits_offsets_and_phases_not_supplied_by_inventory,unmatched_reference_point_not_assigned_to_OSM
published_tender_inventory,bmc_signal_upgrade_spec_2021,643aa77e2d77ab6fb05c1d3edca5acf2425cdf476c99810a864e17880804c9a0,64,32,SIWS College,3-arm,"19° 1'14.81""N","72°51'38.70""E",19.02078055555555555555555556,72.86075,not_stated_in_table,degrees + minutes/60 + seconds/3600; datum unchanged,70_junction_upgrade_tender_not_citywide_signal_census,cycles_splits_offsets_and_phases_not_supplied_by_inventory,unmatched_reference_point_not_assigned_to_OSM
published_tender_inventory,bmc_signal_upgrade_spec_2021,643aa77e2d77ab6fb05c1d3edca5acf2425cdf476c99810a864e17880804c9a0,64,33,Amulukchand School,Ped,"19° 1'37.53""N","72°51'35.28""E",19.02709166666666666666666667,72.8598,not_stated_in_table,degrees + minutes/60 + seconds/3600; datum unchanged,70_junction_upgrade_tender_not_citywide_signal_census,cycles_splits_offsets_and_phases_not_supplied_by_inventory,unmatched_reference_point_not_assigned_to_OSM
published_tender_inventory,bmc_signal_upgrade_spec_2021,643aa77e2d77ab6fb05c1d3edca5acf2425cdf476c99810a864e17880804c9a0,64,34,Khada Parsi,5-arm,"18°58'17.15""N","72°49'56.75""E",18.97143055555555555555555556,72.83243055555555555555555556,not_stated_in_table,degrees + minutes/60 + seconds/3600; datum unchanged,70_junction_upgrade_tender_not_citywide_signal_census,cycles_splits_offsets_and_phases_not_supplied_by_inventory,unmatched_reference_point_not_assigned_to_OSM
published_tender_inventory,bmc_signal_upgrade_spec_2021,643aa77e2d77ab6fb05c1d3edca5acf2425cdf476c99810a864e17880804c9a0,64,35,Fruit Market,3-arm,"18°58'26.67""N","72°50'1.72""E",18.97407500000000000000000000,72.83381111111111111111111111,not_stated_in_table,degrees + minutes/60 + seconds/3600; datum unchanged,70_junction_upgrade_tender_not_citywide_signal_census,cycles_splits_offsets_and_phases_not_supplied_by_inventory,unmatched_reference_point_not_assigned_to_OSM
published_tender_inventory,bmc_signal_upgrade_spec_2021,643aa77e2d77ab6fb05c1d3edca5acf2425cdf476c99810a864e17880804c9a0,64,36,Gloria Church,3-arm,"18°58'31.56""N","72°50'1.21""E",18.97543333333333333333333334,72.83366944444444444444444444,not_stated_in_table,degrees + minutes/60 + seconds/3600; datum unchanged,70_junction_upgrade_tender_not_citywide_signal_census,cycles_splits_offsets_and_phases_not_supplied_by_inventory,unmatched_reference_point_not_assigned_to_OSM
published_tender_inventory,bmc_signal_upgrade_spec_2021,643aa77e2d77ab6fb05c1d3edca5acf2425cdf476c99810a864e17880804c9a0,64,37,Palace Cinema,Ped,"18°58'34.72""N","72°50'0.74""E",18.97631111111111111111111111,72.83353888888888888888888889,not_stated_in_table,degrees + minutes/60 + seconds/3600; datum unchanged,70_junction_upgrade_tender_not_citywide_signal_census,cycles_splits_offsets_and_phases_not_supplied_by_inventory,unmatched_reference_point_not_assigned_to_OSM
published_tender_inventory,bmc_signal_upgrade_spec_2021,643aa77e2d77ab6fb05c1d3edca5acf2425cdf476c99810a864e17880804c9a0,64,38,E. S. Patanwala,3-arm,"18°58'49.80""N","72°50'3.46""E",18.98050000000000000000000000,72.83429444444444444444444444,not_stated_in_table,degrees + minutes/60 + seconds/3600; datum unchanged,70_junction_upgrade_tender_not_citywide_signal_census,cycles_splits_offsets_and_phases_not_supplied_by_inventory,unmatched_reference_point_not_assigned_to_OSM
published_tender_inventory,bmc_signal_upgrade_spec_2021,643aa77e2d77ab6fb05c1d3edca5acf2425cdf476c99810a864e17880804c9a0,64,39,D. K. Marg,3-arm,"18°58'53.89""N","72°50'4.58""E",18.98163611111111111111111111,72.83460555555555555555555555,not_stated_in_table,degrees + minutes/60 + seconds/3600; datum unchanged,70_junction_upgrade_tender_not_citywide_signal_census,cycles_splits_offsets_and_phases_not_supplied_by_inventory,unmatched_reference_point_not_assigned_to_OSM
published_tender_inventory,bmc_signal_upgrade_spec_2021,643aa77e2d77ab6fb05c1d3edca5acf2425cdf476c99810a864e17880804c9a0,64,40,T B Kadam Marg,3-arm,"18°59'2.19""N","72°50'6.95""E",18.98394166666666666666666666,72.83526388888888888888888889,not_stated_in_table,degrees + minutes/60 + seconds/3600; datum unchanged,70_junction_upgrade_tender_not_citywide_signal_census,cycles_splits_offsets_and_phases_not_supplied_by_inventory,unmatched_reference_point_not_assigned_to_OSM
published_tender_inventory,bmc_signal_upgrade_spec_2021,643aa77e2d77ab6fb05c1d3edca5acf2425cdf476c99810a864e17880804c9a0,64,41,Volta Sagar,Ped,"18°59'10.52""N","72°50'8.14""E",18.98625555555555555555555555,72.83559444444444444444444444,not_stated_in_table,degrees + minutes/60 + seconds/3600; datum unchanged,70_junction_upgrade_tender_not_citywide_signal_census,cycles_splits_offsets_and_phases_not_supplied_by_inventory,unmatched_reference_point_not_assigned_to_OSM
published_tender_inventory,bmc_signal_upgrade_spec_2021,643aa77e2d77ab6fb05c1d3edca5acf2425cdf476c99810a864e17880804c9a0,64,42,Kala Chowky,4-arm,"18°59'18.58""N","72°50'8.88""E",18.98849444444444444444444444,72.83580000000000000000000000,not_stated_in_table,degrees + minutes/60 + seconds/3600; datum unchanged,70_junction_upgrade_tender_not_citywide_signal_census,cycles_splits_offsets_and_phases_not_supplied_by_inventory,unmatched_reference_point_not_assigned_to_OSM
published_tender_inventory,bmc_signal_upgrade_spec_2021,643aa77e2d77ab6fb05c1d3edca5acf2425cdf476c99810a864e17880804c9a0,64,43,Santa Jagnade Maharaj (lalbaug Market),3-arm,"18°59'26.66""N","72°50'8.39""E",18.99073888888888888888888889,72.83566388888888888888888889,not_stated_in_table,degrees + minutes/60 + seconds/3600; datum unchanged,70_junction_upgrade_tender_not_citywide_signal_census,cycles_splits_offsets_and_phases_not_supplied_by_inventory,unmatched_reference_point_not_assigned_to_OSM
published_tender_inventory,bmc_signal_upgrade_spec_2021,643aa77e2d77ab6fb05c1d3edca5acf2425cdf476c99810a864e17880804c9a0,64,44,Tejukaya,Ped,"18°59'36.47""N","72°50'11.53""E",18.99346388888888888888888889,72.83653611111111111111111111,not_stated_in_table,degrees + minutes/60 + seconds/3600; datum unchanged,70_junction_upgrade_tender_not_citywide_signal_census,cycles_splits_offsets_and_phases_not_supplied_by_inventory,unmatched_reference_point_not_assigned_to_OSM
published_tender_inventory,bmc_signal_upgrade_spec_2021,643aa77e2d77ab6fb05c1d3edca5acf2425cdf476c99810a864e17880804c9a0,64,45,Bharatmata,4-arm,"18°59'43.35""N","72°50'11.81""E",18.99537500000000000000000000,72.83661388888888888888888889,not_stated_in_table,degrees + minutes/60 + seconds/3600; datum unchanged,70_junction_upgrade_tender_not_citywide_signal_census,cycles_splits_offsets_and_phases_not_supplied_by_inventory,unmatched_reference_point_not_assigned_to_OSM
published_tender_inventory,bmc_signal_upgrade_spec_2021,643aa77e2d77ab6fb05c1d3edca5acf2425cdf476c99810a864e17880804c9a0,64,46,Supari Baug,3-arm,"18°59'51.39""N","72°50'14.74""E",18.99760833333333333333333333,72.83742777777777777777777777,not_stated_in_table,degrees + minutes/60 + seconds/3600; datum unchanged,70_junction_upgrade_tender_not_citywide_signal_census,cycles_splits_offsets_and_phases_not_supplied_by_inventory,unmatched_reference_point_not_assigned_to_OSM
published_tender_inventory,bmc_signal_upgrade_spec_2021,643aa77e2d77ab6fb05c1d3edca5acf2425cdf476c99810a864e17880804c9a0,64,47,Parel Workshop,Ped,"19° 0'1.30""N","72°50'16.34""E",19.00036111111111111111111111,72.83787222222222222222222222,not_stated_in_table,degrees + minutes/60 + seconds/3600; datum unchanged,70_junction_upgrade_tender_not_citywide_signal_census,cycles_splits_offsets_and_phases_not_supplied_by_inventory,unmatched_reference_point_not_assigned_to_OSM
published_tender_inventory,bmc_signal_upgrade_spec_2021,643aa77e2d77ab6fb05c1d3edca5acf2425cdf476c99810a864e17880804c9a0,64,48,Krishna Nagar,Ped,"19° 0'11.75""N","72°50'19.36""E",19.00326388888888888888888889,72.83871111111111111111111111,not_stated_in_table,degrees + minutes/60 + seconds/3600; datum unchanged,70_junction_upgrade_tender_not_citywide_signal_census,cycles_splits_offsets_and_phases_not_supplied_by_inventory,unmatched_reference_point_not_assigned_to_OSM
published_tender_inventory,bmc_signal_upgrade_spec_2021,643aa77e2d77ab6fb05c1d3edca5acf2425cdf476c99810a864e17880804c9a0,64,49,Parel T.T.,5-arm,"19° 0'19.28""N","72°50'22.93""E",19.00535555555555555555555556,72.83970277777777777777777777,not_stated_in_table,degrees + minutes/60 + seconds/3600; datum unchanged,70_junction_upgrade_tender_not_citywide_signal_census,cycles_splits_offsets_and_phases_not_supplied_by_inventory,unmatched_reference_point_not_assigned_to_OSM
published_tender_inventory,bmc_signal_upgrade_spec_2021,643aa77e2d77ab6fb05c1d3edca5acf2425cdf476c99810a864e17880804c9a0,65,50,Hindamata,4-arm,"19° 0'30.63""N","72°50'29.45""E",19.00850833333333333333333333,72.84151388888888888888888889,not_stated_in_table,degrees + minutes/60 + seconds/3600; datum unchanged,70_junction_upgrade_tender_not_citywide_signal_census,cycles_splits_offsets_and_phases_not_supplied_by_inventory,unmatched_reference_point_not_assigned_to_OSM
published_tender_inventory,bmc_signal_upgrade_spec_2021,643aa77e2d77ab6fb05c1d3edca5acf2425cdf476c99810a864e17880804c9a0,65,51,Shindewadi,Ped,"19° 0'43.05""N","72°50'37.12""E",19.01195833333333333333333333,72.84364444444444444444444444,not_stated_in_table,degrees + minutes/60 + seconds/3600; datum unchanged,70_junction_upgrade_tender_not_citywide_signal_census,cycles_splits_offsets_and_phases_not_supplied_by_inventory,unmatched_reference_point_not_assigned_to_OSM
published_tender_inventory,bmc_signal_upgrade_spec_2021,643aa77e2d77ab6fb05c1d3edca5acf2425cdf476c99810a864e17880804c9a0,65,52,Naigaon Corss Road with extension,4-arm,"19° 0'52.90""N","72°50'43.69""E",19.01469444444444444444444444,72.84546944444444444444444444,not_stated_in_table,degrees + minutes/60 + seconds/3600; datum unchanged,70_junction_upgrade_tender_not_citywide_signal_census,cycles_splits_offsets_and_phases_not_supplied_by_inventory,unmatched_reference_point_not_assigned_to_OSM
published_tender_inventory,bmc_signal_upgrade_spec_2021,643aa77e2d77ab6fb05c1d3edca5acf2425cdf476c99810a864e17880804c9a0,65,53,Pritam Hotel,3-arm,"19° 0'58.71""N","72°50'47.84""E",19.01630833333333333333333333,72.84662222222222222222222222,not_stated_in_table,degrees + minutes/60 + seconds/3600; datum unchanged,70_junction_upgrade_tender_not_citywide_signal_census,cycles_splits_offsets_and_phases_not_supplied_by_inventory,unmatched_reference_point_not_assigned_to_OSM
published_tender_inventory,bmc_signal_upgrade_spec_2021,643aa77e2d77ab6fb05c1d3edca5acf2425cdf476c99810a864e17880804c9a0,65,54,Dadar T.T. with extension,4-arm +ped,"19° 1'4.05""N","72°50'52.14""E",19.01779166666666666666666667,72.84781666666666666666666666,not_stated_in_table,degrees + minutes/60 + seconds/3600; datum unchanged,70_junction_upgrade_tender_not_citywide_signal_census,cycles_splits_offsets_and_phases_not_supplied_by_inventory,unmatched_reference_point_not_assigned_to_OSM
published_tender_inventory,bmc_signal_upgrade_spec_2021,643aa77e2d77ab6fb05c1d3edca5acf2425cdf476c99810a864e17880804c9a0,65,55,Ruia College,4-arm,"19° 1'19.28""N","72°51'3.53""E",19.02202222222222222222222223,72.85098055555555555555555556,not_stated_in_table,degrees + minutes/60 + seconds/3600; datum unchanged,70_junction_upgrade_tender_not_citywide_signal_census,cycles_splits_offsets_and_phases_not_supplied_by_inventory,unmatched_reference_point_not_assigned_to_OSM
published_tender_inventory,bmc_signal_upgrade_spec_2021,643aa77e2d77ab6fb05c1d3edca5acf2425cdf476c99810a864e17880804c9a0,65,56,Maheshwari Udyan,4-arm,"19° 1'36.67""N","72°51'19.20""E",19.02685277777777777777777778,72.85533333333333333333333333,not_stated_in_table,degrees + minutes/60 + seconds/3600; datum unchanged,70_junction_upgrade_tender_not_citywide_signal_census,cycles_splits_offsets_and_phases_not_supplied_by_inventory,unmatched_reference_point_not_assigned_to_OSM
published_tender_inventory,bmc_signal_upgrade_spec_2021,643aa77e2d77ab6fb05c1d3edca5acf2425cdf476c99810a864e17880804c9a0,65,57,Arora Talkies,3-arm,"19° 1'45.14""N","72°51'26.45""E",19.02920555555555555555555556,72.85734722222222222222222222,not_stated_in_table,degrees + minutes/60 + seconds/3600; datum unchanged,70_junction_upgrade_tender_not_citywide_signal_census,cycles_splits_offsets_and_phases_not_supplied_by_inventory,unmatched_reference_point_not_assigned_to_OSM
published_tender_inventory,bmc_signal_upgrade_spec_2021,643aa77e2d77ab6fb05c1d3edca5acf2425cdf476c99810a864e17880804c9a0,65,58,Sion Hospital with extension,3-arm +ped,"19° 2'6.22""N","72°51'35.69""E",19.03506111111111111111111111,72.85991388888888888888888889,not_stated_in_table,degrees + minutes/60 + seconds/3600; datum unchanged,70_junction_upgrade_tender_not_citywide_signal_census,cycles_splits_offsets_and_phases_not_supplied_by_inventory,unmatched_reference_point_not_assigned_to_OSM
published_tender_inventory,bmc_signal_upgrade_spec_2021,643aa77e2d77ab6fb05c1d3edca5acf2425cdf476c99810a864e17880804c9a0,65,59,Shivneri,Ped,"19° 2'19.79""N","72°51'41.08""E",19.03883055555555555555555555,72.86141111111111111111111111,not_stated_in_table,degrees + minutes/60 + seconds/3600; datum unchanged,70_junction_upgrade_tender_not_citywide_signal_census,cycles_splits_offsets_and_phases_not_supplied_by_inventory,unmatched_reference_point_not_assigned_to_OSM
published_tender_inventory,bmc_signal_upgrade_spec_2021,643aa77e2d77ab6fb05c1d3edca5acf2425cdf476c99810a864e17880804c9a0,65,60,Sion Circle,Ped,"19° 2'33.07""N","72°51'49.82""E",19.04251944444444444444444444,72.86383888888888888888888889,not_stated_in_table,degrees + minutes/60 + seconds/3600; datum unchanged,70_junction_upgrade_tender_not_citywide_signal_census,cycles_splits_offsets_and_phases_not_supplied_by_inventory,unmatched_reference_point_not_assigned_to_OSM
published_tender_inventory,bmc_signal_upgrade_spec_2021,643aa77e2d77ab6fb05c1d3edca5acf2425cdf476c99810a864e17880804c9a0,65,61,Nagpada Junction,5-arm,"18°58'1.24""N","72°49'43.33""E",18.96701111111111111111111111,72.82870277777777777777777778,not_stated_in_table,degrees + minutes/60 + seconds/3600; datum unchanged,70_junction_upgrade_tender_not_citywide_signal_census,cycles_splits_offsets_and_phases_not_supplied_by_inventory,unmatched_reference_point_not_assigned_to_OSM
published_tender_inventory,bmc_signal_upgrade_spec_2021,643aa77e2d77ab6fb05c1d3edca5acf2425cdf476c99810a864e17880804c9a0,65,62,Alexandra Theatre,3-arm,"18°58'3.39""N","72°49'34.93""E",18.96760833333333333333333334,72.82636944444444444444444445,not_stated_in_table,degrees + minutes/60 + seconds/3600; datum unchanged,70_junction_upgrade_tender_not_citywide_signal_census,cycles_splits_offsets_and_phases_not_supplied_by_inventory,unmatched_reference_point_not_assigned_to_OSM
published_tender_inventory,bmc_signal_upgrade_spec_2021,643aa77e2d77ab6fb05c1d3edca5acf2425cdf476c99810a864e17880804c9a0,65,63,NESBIT,3-arm,"18°58'5.41""N","72°49'57.92""E",18.96816944444444444444444445,72.83275555555555555555555556,not_stated_in_table,degrees + minutes/60 + seconds/3600; datum unchanged,70_junction_upgrade_tender_not_citywide_signal_census,cycles_splits_offsets_and_phases_not_supplied_by_inventory,unmatched_reference_point_not_assigned_to_OSM
published_tender_inventory,bmc_signal_upgrade_spec_2021,643aa77e2d77ab6fb05c1d3edca5acf2425cdf476c99810a864e17880804c9a0,65,64,Sofia Juber,4-arm,"18°57'56.24""N","72°49'56.94""E",18.96562222222222222222222222,72.83248333333333333333333334,not_stated_in_table,degrees + minutes/60 + seconds/3600; datum unchanged,70_junction_upgrade_tender_not_citywide_signal_census,cycles_splits_offsets_and_phases_not_supplied_by_inventory,unmatched_reference_point_not_assigned_to_OSM
published_tender_inventory,bmc_signal_upgrade_spec_2021,643aa77e2d77ab6fb05c1d3edca5acf2425cdf476c99810a864e17880804c9a0,65,65,Himalaya Jn,3-arm,"18°56'41.81""N","72°50'4.15""E",18.94494722222222222222222222,72.83448611111111111111111111,not_stated_in_table,degrees + minutes/60 + seconds/3600; datum unchanged,70_junction_upgrade_tender_not_citywide_signal_census,cycles_splits_offsets_and_phases_not_supplied_by_inventory,unmatched_reference_point_not_assigned_to_OSM
published_tender_inventory,bmc_signal_upgrade_spec_2021,643aa77e2d77ab6fb05c1d3edca5acf2425cdf476c99810a864e17880804c9a0,65,66,Crawford market,3-arm,"18°56'42.55""N","72°50'3.01""E",18.94515277777777777777777777,72.83416944444444444444444444,not_stated_in_table,degrees + minutes/60 + seconds/3600; datum unchanged,70_junction_upgrade_tender_not_citywide_signal_census,cycles_splits_offsets_and_phases_not_supplied_by_inventory,unmatched_reference_point_not_assigned_to_OSM
published_tender_inventory,bmc_signal_upgrade_spec_2021,643aa77e2d77ab6fb05c1d3edca5acf2425cdf476c99810a864e17880804c9a0,65,67,C P Office,Ped,"18°56'43.68""N","72°50'2.50""E",18.94546666666666666666666666,72.83402777777777777777777777,not_stated_in_table,degrees + minutes/60 + seconds/3600; datum unchanged,70_junction_upgrade_tender_not_citywide_signal_census,cycles_splits_offsets_and_phases_not_supplied_by_inventory,unmatched_reference_point_not_assigned_to_OSM
published_tender_inventory,bmc_signal_upgrade_spec_2021,643aa77e2d77ab6fb05c1d3edca5acf2425cdf476c99810a864e17880804c9a0,65,68,Vadacha Naka,4-arm,"19° 0'17.92""N","72°49'51.56""E",19.00497777777777777777777778,72.83098888888888888888888889,not_stated_in_table,degrees + minutes/60 + seconds/3600; datum unchanged,70_junction_upgrade_tender_not_citywide_signal_census,cycles_splits_offsets_and_phases_not_supplied_by_inventory,unmatched_reference_point_not_assigned_to_OSM
published_tender_inventory,bmc_signal_upgrade_spec_2021,643aa77e2d77ab6fb05c1d3edca5acf2425cdf476c99810a864e17880804c9a0,65,69,Elphinston Junction,4-arm,"19° 0'32.92""N","72°49'59.98""E",19.00914444444444444444444444,72.83332777777777777777777778,not_stated_in_table,degrees + minutes/60 + seconds/3600; datum unchanged,70_junction_upgrade_tender_not_citywide_signal_census,cycles_splits_offsets_and_phases_not_supplied_by_inventory,unmatched_reference_point_not_assigned_to_OSM
published_tender_inventory,bmc_signal_upgrade_spec_2021,643aa77e2d77ab6fb05c1d3edca5acf2425cdf476c99810a864e17880804c9a0,65,70,Dipak Cinema Junction,3-arm,"19° 0'22.49""N","72°49'51.08""E",19.00624722222222222222222222,72.83085555555555555555555556,not_stated_in_table,degrees + minutes/60 + seconds/3600; datum unchanged,70_junction_upgrade_tender_not_citywide_signal_census,cycles_splits_offsets_and_phases_not_supplied_by_inventory,unmatched_reference_point_not_assigned_to_OSM
