state_code,district_code,area_name,age_band,residence,persons_count,male_persons_count,female_persons_count,source,source_id,source_sha256,source_row,observation_year,status
27,517,District - Thane (21),All ages,Total,11060148,5865078,5195070,observed,census_c14_maharashtra,d460de9ab07eb4383efaded69b6e766f9447558994fe7eadc465c4359c981e38,407,2011,historical_control_not_current_demand
27,517,District - Thane (21),All ages,Rural,2545470,1300136,1245334,observed,census_c14_maharashtra,d460de9ab07eb4383efaded69b6e766f9447558994fe7eadc465c4359c981e38,407,2011,historical_control_not_current_demand
27,517,District - Thane (21),All ages,Urban,8514678,4564942,3949736,observed,census_c14_maharashtra,d460de9ab07eb4383efaded69b6e766f9447558994fe7eadc465c4359c981e38,407,2011,historical_control_not_current_demand
27,517,District - Thane (21),0-4,Total,925381,479864,445517,observed,census_c14_maharashtra,d460de9ab07eb4383efaded69b6e766f9447558994fe7eadc465c4359c981e38,408,2011,historical_control_not_current_demand
27,517,District - Thane (21),0-4,Rural,254453,129956,124497,observed,census_c14_maharashtra,d460de9ab07eb4383efaded69b6e766f9447558994fe7eadc465c4359c981e38,408,2011,historical_control_not_current_demand
27,517,District - Thane (21),0-4,Urban,670928,349908,321020,observed,census_c14_maharashtra,d460de9ab07eb4383efaded69b6e766f9447558994fe7eadc465c4359c981e38,408,2011,historical_control_not_current_demand
27,517,District - Thane (21),5-9,Total,982539,513568,468971,observed,census_c14_maharashtra,d460de9ab07eb4383efaded69b6e766f9447558994fe7eadc465c4359c981e38,409,2011,historical_control_not_current_demand
27,517,District - Thane (21),5-9,Rural,273427,139554,133873,observed,census_c14_maharashtra,d460de9ab07eb4383efaded69b6e766f9447558994fe7eadc465c4359c981e38,409,2011,historical_control_not_current_demand
27,517,District - Thane (21),5-9,Urban,709112,374014,335098,observed,census_c14_maharashtra,d460de9ab07eb4383efaded69b6e766f9447558994fe7eadc465c4359c981e38,409,2011,historical_control_not_current_demand
27,517,District - Thane (21),10-14,Total,994881,523506,471375,observed,census_c14_maharashtra,d460de9ab07eb4383efaded69b6e766f9447558994fe7eadc465c4359c981e38,410,2011,historical_control_not_current_demand
27,517,District - Thane (21),10-14,Rural,271491,140467,131024,observed,census_c14_maharashtra,d460de9ab07eb4383efaded69b6e766f9447558994fe7eadc465c4359c981e38,410,2011,historical_control_not_current_demand
27,517,District - Thane (21),10-14,Urban,723390,383039,340351,observed,census_c14_maharashtra,d460de9ab07eb4383efaded69b6e766f9447558994fe7eadc465c4359c981e38,410,2011,historical_control_not_current_demand
27,517,District - Thane (21),15-19,Total,977232,530784,446448,observed,census_c14_maharashtra,d460de9ab07eb4383efaded69b6e766f9447558994fe7eadc465c4359c981e38,411,2011,historical_control_not_current_demand
27,517,District - Thane (21),15-19,Rural,238288,124648,113640,observed,census_c14_maharashtra,d460de9ab07eb4383efaded69b6e766f9447558994fe7eadc465c4359c981e38,411,2011,historical_control_not_current_demand
27,517,District - Thane (21),15-19,Urban,738944,406136,332808,observed,census_c14_maharashtra,d460de9ab07eb4383efaded69b6e766f9447558994fe7eadc465c4359c981e38,411,2011,historical_control_not_current_demand
27,517,District - Thane (21),20-24,Total,1147520,611986,535534,observed,census_c14_maharashtra,d460de9ab07eb4383efaded69b6e766f9447558994fe7eadc465c4359c981e38,412,2011,historical_control_not_current_demand
27,517,District - Thane (21),20-24,Rural,254861,130064,124797,observed,census_c14_maharashtra,d460de9ab07eb4383efaded69b6e766f9447558994fe7eadc465c4359c981e38,412,2011,historical_control_not_current_demand
27,517,District - Thane (21),20-24,Urban,892659,481922,410737,observed,census_c14_maharashtra,d460de9ab07eb4383efaded69b6e766f9447558994fe7eadc465c4359c981e38,412,2011,historical_control_not_current_demand
27,517,District - Thane (21),25-29,Total,1156966,614115,542851,observed,census_c14_maharashtra,d460de9ab07eb4383efaded69b6e766f9447558994fe7eadc465c4359c981e38,413,2011,historical_control_not_current_demand
27,517,District - Thane (21),25-29,Rural,231322,121652,109670,observed,census_c14_maharashtra,d460de9ab07eb4383efaded69b6e766f9447558994fe7eadc465c4359c981e38,413,2011,historical_control_not_current_demand
27,517,District - Thane (21),25-29,Urban,925644,492463,433181,observed,census_c14_maharashtra,d460de9ab07eb4383efaded69b6e766f9447558994fe7eadc465c4359c981e38,413,2011,historical_control_not_current_demand
27,517,District - Thane (21),30-34,Total,991627,533590,458037,observed,census_c14_maharashtra,d460de9ab07eb4383efaded69b6e766f9447558994fe7eadc465c4359c981e38,414,2011,historical_control_not_current_demand
27,517,District - Thane (21),30-34,Rural,193960,100874,93086,observed,census_c14_maharashtra,d460de9ab07eb4383efaded69b6e766f9447558994fe7eadc465c4359c981e38,414,2011,historical_control_not_current_demand
27,517,District - Thane (21),30-34,Urban,797667,432716,364951,observed,census_c14_maharashtra,d460de9ab07eb4383efaded69b6e766f9447558994fe7eadc465c4359c981e38,414,2011,historical_control_not_current_demand
27,517,District - Thane (21),35-39,Total,894455,479034,415421,observed,census_c14_maharashtra,d460de9ab07eb4383efaded69b6e766f9447558994fe7eadc465c4359c981e38,415,2011,historical_control_not_current_demand
27,517,District - Thane (21),35-39,Rural,179578,92693,86885,observed,census_c14_maharashtra,d460de9ab07eb4383efaded69b6e766f9447558994fe7eadc465c4359c981e38,415,2011,historical_control_not_current_demand
27,517,District - Thane (21),35-39,Urban,714877,386341,328536,observed,census_c14_maharashtra,d460de9ab07eb4383efaded69b6e766f9447558994fe7eadc465c4359c981e38,415,2011,historical_control_not_current_demand
27,517,District - Thane (21),40-44,Total,741183,400754,340429,observed,census_c14_maharashtra,d460de9ab07eb4383efaded69b6e766f9447558994fe7eadc465c4359c981e38,416,2011,historical_control_not_current_demand
27,517,District - Thane (21),40-44,Rural,153919,79399,74520,observed,census_c14_maharashtra,d460de9ab07eb4383efaded69b6e766f9447558994fe7eadc465c4359c981e38,416,2011,historical_control_not_current_demand
27,517,District - Thane (21),40-44,Urban,587264,321355,265909,observed,census_c14_maharashtra,d460de9ab07eb4383efaded69b6e766f9447558994fe7eadc465c4359c981e38,416,2011,historical_control_not_current_demand
27,517,District - Thane (21),45-49,Total,614623,325825,288798,observed,census_c14_maharashtra,d460de9ab07eb4383efaded69b6e766f9447558994fe7eadc465c4359c981e38,417,2011,historical_control_not_current_demand
27,517,District - Thane (21),45-49,Rural,129007,65323,63684,observed,census_c14_maharashtra,d460de9ab07eb4383efaded69b6e766f9447558994fe7eadc465c4359c981e38,417,2011,historical_control_not_current_demand
27,517,District - Thane (21),45-49,Urban,485616,260502,225114,observed,census_c14_maharashtra,d460de9ab07eb4383efaded69b6e766f9447558994fe7eadc465c4359c981e38,417,2011,historical_control_not_current_demand
27,517,District - Thane (21),50-54,Total,484200,261984,222216,observed,census_c14_maharashtra,d460de9ab07eb4383efaded69b6e766f9447558994fe7eadc465c4359c981e38,418,2011,historical_control_not_current_demand
27,517,District - Thane (21),50-54,Rural,102327,52100,50227,observed,census_c14_maharashtra,d460de9ab07eb4383efaded69b6e766f9447558994fe7eadc465c4359c981e38,418,2011,historical_control_not_current_demand
27,517,District - Thane (21),50-54,Urban,381873,209884,171989,observed,census_c14_maharashtra,d460de9ab07eb4383efaded69b6e766f9447558994fe7eadc465c4359c981e38,418,2011,historical_control_not_current_demand
27,517,District - Thane (21),55-59,Total,366223,196615,169608,observed,census_c14_maharashtra,d460de9ab07eb4383efaded69b6e766f9447558994fe7eadc465c4359c981e38,419,2011,historical_control_not_current_demand
27,517,District - Thane (21),55-59,Rural,79181,39564,39617,observed,census_c14_maharashtra,d460de9ab07eb4383efaded69b6e766f9447558994fe7eadc465c4359c981e38,419,2011,historical_control_not_current_demand
27,517,District - Thane (21),55-59,Urban,287042,157051,129991,observed,census_c14_maharashtra,d460de9ab07eb4383efaded69b6e766f9447558994fe7eadc465c4359c981e38,419,2011,historical_control_not_current_demand
27,517,District - Thane (21),60-64,Total,287765,149566,138199,observed,census_c14_maharashtra,d460de9ab07eb4383efaded69b6e766f9447558994fe7eadc465c4359c981e38,420,2011,historical_control_not_current_demand
27,517,District - Thane (21),60-64,Rural,67539,31707,35832,observed,census_c14_maharashtra,d460de9ab07eb4383efaded69b6e766f9447558994fe7eadc465c4359c981e38,420,2011,historical_control_not_current_demand
27,517,District - Thane (21),60-64,Urban,220226,117859,102367,observed,census_c14_maharashtra,d460de9ab07eb4383efaded69b6e766f9447558994fe7eadc465c4359c981e38,420,2011,historical_control_not_current_demand
27,517,District - Thane (21),65-69,Total,183967,91550,92417,observed,census_c14_maharashtra,d460de9ab07eb4383efaded69b6e766f9447558994fe7eadc465c4359c981e38,421,2011,historical_control_not_current_demand
27,517,District - Thane (21),65-69,Rural,47819,21266,26553,observed,census_c14_maharashtra,d460de9ab07eb4383efaded69b6e766f9447558994fe7eadc465c4359c981e38,421,2011,historical_control_not_current_demand
27,517,District - Thane (21),65-69,Urban,136148,70284,65864,observed,census_c14_maharashtra,d460de9ab07eb4383efaded69b6e766f9447558994fe7eadc465c4359c981e38,421,2011,historical_control_not_current_demand
27,517,District - Thane (21),70-74,Total,119413,58181,61232,observed,census_c14_maharashtra,d460de9ab07eb4383efaded69b6e766f9447558994fe7eadc465c4359c981e38,422,2011,historical_control_not_current_demand
27,517,District - Thane (21),70-74,Rural,30812,13568,17244,observed,census_c14_maharashtra,d460de9ab07eb4383efaded69b6e766f9447558994fe7eadc465c4359c981e38,422,2011,historical_control_not_current_demand
27,517,District - Thane (21),70-74,Urban,88601,44613,43988,observed,census_c14_maharashtra,d460de9ab07eb4383efaded69b6e766f9447558994fe7eadc465c4359c981e38,422,2011,historical_control_not_current_demand
27,517,District - Thane (21),75-79,Total,62929,30042,32887,observed,census_c14_maharashtra,d460de9ab07eb4383efaded69b6e766f9447558994fe7eadc465c4359c981e38,423,2011,historical_control_not_current_demand
27,517,District - Thane (21),75-79,Rural,14346,6433,7913,observed,census_c14_maharashtra,d460de9ab07eb4383efaded69b6e766f9447558994fe7eadc465c4359c981e38,423,2011,historical_control_not_current_demand
27,517,District - Thane (21),75-79,Urban,48583,23609,24974,observed,census_c14_maharashtra,d460de9ab07eb4383efaded69b6e766f9447558994fe7eadc465c4359c981e38,423,2011,historical_control_not_current_demand
27,517,District - Thane (21),80+,Total,75424,34585,40839,observed,census_c14_maharashtra,d460de9ab07eb4383efaded69b6e766f9447558994fe7eadc465c4359c981e38,424,2011,historical_control_not_current_demand
27,517,District - Thane (21),80+,Rural,15365,6777,8588,observed,census_c14_maharashtra,d460de9ab07eb4383efaded69b6e766f9447558994fe7eadc465c4359c981e38,424,2011,historical_control_not_current_demand
27,517,District - Thane (21),80+,Urban,60059,27808,32251,observed,census_c14_maharashtra,d460de9ab07eb4383efaded69b6e766f9447558994fe7eadc465c4359c981e38,424,2011,historical_control_not_current_demand
27,517,District - Thane (21),Age not stated,Total,53820,29529,24291,observed,census_c14_maharashtra,d460de9ab07eb4383efaded69b6e766f9447558994fe7eadc465c4359c981e38,425,2011,historical_control_not_current_demand
27,517,District - Thane (21),Age not stated,Rural,7775,4091,3684,observed,census_c14_maharashtra,d460de9ab07eb4383efaded69b6e766f9447558994fe7eadc465c4359c981e38,425,2011,historical_control_not_current_demand
27,517,District - Thane (21),Age not stated,Urban,46045,25438,20607,observed,census_c14_maharashtra,d460de9ab07eb4383efaded69b6e766f9447558994fe7eadc465c4359c981e38,425,2011,historical_control_not_current_demand
27,518,District - Mumbai Suburban (22),All ages,Total,9356962,5031323,4325639,observed,census_c14_maharashtra,d460de9ab07eb4383efaded69b6e766f9447558994fe7eadc465c4359c981e38,426,2011,historical_control_not_current_demand
27,518,District - Mumbai Suburban (22),All ages,Rural,0,0,0,observed,census_c14_maharashtra,d460de9ab07eb4383efaded69b6e766f9447558994fe7eadc465c4359c981e38,426,2011,historical_control_not_current_demand
27,518,District - Mumbai Suburban (22),All ages,Urban,9356962,5031323,4325639,observed,census_c14_maharashtra,d460de9ab07eb4383efaded69b6e766f9447558994fe7eadc465c4359c981e38,426,2011,historical_control_not_current_demand
27,518,District - Mumbai Suburban (22),0-4,Total,648076,338108,309968,observed,census_c14_maharashtra,d460de9ab07eb4383efaded69b6e766f9447558994fe7eadc465c4359c981e38,427,2011,historical_control_not_current_demand
27,518,District - Mumbai Suburban (22),0-4,Rural,0,0,0,observed,census_c14_maharashtra,d460de9ab07eb4383efaded69b6e766f9447558994fe7eadc465c4359c981e38,427,2011,historical_control_not_current_demand
27,518,District - Mumbai Suburban (22),0-4,Urban,648076,338108,309968,observed,census_c14_maharashtra,d460de9ab07eb4383efaded69b6e766f9447558994fe7eadc465c4359c981e38,427,2011,historical_control_not_current_demand
27,518,District - Mumbai Suburban (22),5-9,Total,701121,368863,332258,observed,census_c14_maharashtra,d460de9ab07eb4383efaded69b6e766f9447558994fe7eadc465c4359c981e38,428,2011,historical_control_not_current_demand
27,518,District - Mumbai Suburban (22),5-9,Rural,0,0,0,observed,census_c14_maharashtra,d460de9ab07eb4383efaded69b6e766f9447558994fe7eadc465c4359c981e38,428,2011,historical_control_not_current_demand
27,518,District - Mumbai Suburban (22),5-9,Urban,701121,368863,332258,observed,census_c14_maharashtra,d460de9ab07eb4383efaded69b6e766f9447558994fe7eadc465c4359c981e38,428,2011,historical_control_not_current_demand
27,518,District - Mumbai Suburban (22),10-14,Total,767735,406821,360914,observed,census_c14_maharashtra,d460de9ab07eb4383efaded69b6e766f9447558994fe7eadc465c4359c981e38,429,2011,historical_control_not_current_demand
27,518,District - Mumbai Suburban (22),10-14,Rural,0,0,0,observed,census_c14_maharashtra,d460de9ab07eb4383efaded69b6e766f9447558994fe7eadc465c4359c981e38,429,2011,historical_control_not_current_demand
27,518,District - Mumbai Suburban (22),10-14,Urban,767735,406821,360914,observed,census_c14_maharashtra,d460de9ab07eb4383efaded69b6e766f9447558994fe7eadc465c4359c981e38,429,2011,historical_control_not_current_demand
27,518,District - Mumbai Suburban (22),15-19,Total,834831,462660,372171,observed,census_c14_maharashtra,d460de9ab07eb4383efaded69b6e766f9447558994fe7eadc465c4359c981e38,430,2011,historical_control_not_current_demand
27,518,District - Mumbai Suburban (22),15-19,Rural,0,0,0,observed,census_c14_maharashtra,d460de9ab07eb4383efaded69b6e766f9447558994fe7eadc465c4359c981e38,430,2011,historical_control_not_current_demand
27,518,District - Mumbai Suburban (22),15-19,Urban,834831,462660,372171,observed,census_c14_maharashtra,d460de9ab07eb4383efaded69b6e766f9447558994fe7eadc465c4359c981e38,430,2011,historical_control_not_current_demand
27,518,District - Mumbai Suburban (22),20-24,Total,999427,563925,435502,observed,census_c14_maharashtra,d460de9ab07eb4383efaded69b6e766f9447558994fe7eadc465c4359c981e38,431,2011,historical_control_not_current_demand
27,518,District - Mumbai Suburban (22),20-24,Rural,0,0,0,observed,census_c14_maharashtra,d460de9ab07eb4383efaded69b6e766f9447558994fe7eadc465c4359c981e38,431,2011,historical_control_not_current_demand
27,518,District - Mumbai Suburban (22),20-24,Urban,999427,563925,435502,observed,census_c14_maharashtra,d460de9ab07eb4383efaded69b6e766f9447558994fe7eadc465c4359c981e38,431,2011,historical_control_not_current_demand
27,518,District - Mumbai Suburban (22),25-29,Total,985170,541602,443568,observed,census_c14_maharashtra,d460de9ab07eb4383efaded69b6e766f9447558994fe7eadc465c4359c981e38,432,2011,historical_control_not_current_demand
27,518,District - Mumbai Suburban (22),25-29,Rural,0,0,0,observed,census_c14_maharashtra,d460de9ab07eb4383efaded69b6e766f9447558994fe7eadc465c4359c981e38,432,2011,historical_control_not_current_demand
27,518,District - Mumbai Suburban (22),25-29,Urban,985170,541602,443568,observed,census_c14_maharashtra,d460de9ab07eb4383efaded69b6e766f9447558994fe7eadc465c4359c981e38,432,2011,historical_control_not_current_demand
27,518,District - Mumbai Suburban (22),30-34,Total,837047,455539,381508,observed,census_c14_maharashtra,d460de9ab07eb4383efaded69b6e766f9447558994fe7eadc465c4359c981e38,433,2011,historical_control_not_current_demand
27,518,District - Mumbai Suburban (22),30-34,Rural,0,0,0,observed,census_c14_maharashtra,d460de9ab07eb4383efaded69b6e766f9447558994fe7eadc465c4359c981e38,433,2011,historical_control_not_current_demand
27,518,District - Mumbai Suburban (22),30-34,Urban,837047,455539,381508,observed,census_c14_maharashtra,d460de9ab07eb4383efaded69b6e766f9447558994fe7eadc465c4359c981e38,433,2011,historical_control_not_current_demand
27,518,District - Mumbai Suburban (22),35-39,Total,764467,408670,355797,observed,census_c14_maharashtra,d460de9ab07eb4383efaded69b6e766f9447558994fe7eadc465c4359c981e38,434,2011,historical_control_not_current_demand
27,518,District - Mumbai Suburban (22),35-39,Rural,0,0,0,observed,census_c14_maharashtra,d460de9ab07eb4383efaded69b6e766f9447558994fe7eadc465c4359c981e38,434,2011,historical_control_not_current_demand
27,518,District - Mumbai Suburban (22),35-39,Urban,764467,408670,355797,observed,census_c14_maharashtra,d460de9ab07eb4383efaded69b6e766f9447558994fe7eadc465c4359c981e38,434,2011,historical_control_not_current_demand
27,518,District - Mumbai Suburban (22),40-44,Total,649785,348253,301532,observed,census_c14_maharashtra,d460de9ab07eb4383efaded69b6e766f9447558994fe7eadc465c4359c981e38,435,2011,historical_control_not_current_demand
27,518,District - Mumbai Suburban (22),40-44,Rural,0,0,0,observed,census_c14_maharashtra,d460de9ab07eb4383efaded69b6e766f9447558994fe7eadc465c4359c981e38,435,2011,historical_control_not_current_demand
27,518,District - Mumbai Suburban (22),40-44,Urban,649785,348253,301532,observed,census_c14_maharashtra,d460de9ab07eb4383efaded69b6e766f9447558994fe7eadc465c4359c981e38,435,2011,historical_control_not_current_demand
27,518,District - Mumbai Suburban (22),45-49,Total,560702,297650,263052,observed,census_c14_maharashtra,d460de9ab07eb4383efaded69b6e766f9447558994fe7eadc465c4359c981e38,436,2011,historical_control_not_current_demand
27,518,District - Mumbai Suburban (22),45-49,Rural,0,0,0,observed,census_c14_maharashtra,d460de9ab07eb4383efaded69b6e766f9447558994fe7eadc465c4359c981e38,436,2011,historical_control_not_current_demand
27,518,District - Mumbai Suburban (22),45-49,Urban,560702,297650,263052,observed,census_c14_maharashtra,d460de9ab07eb4383efaded69b6e766f9447558994fe7eadc465c4359c981e38,436,2011,historical_control_not_current_demand
27,518,District - Mumbai Suburban (22),50-54,Total,452439,245402,207037,observed,census_c14_maharashtra,d460de9ab07eb4383efaded69b6e766f9447558994fe7eadc465c4359c981e38,437,2011,historical_control_not_current_demand
27,518,District - Mumbai Suburban (22),50-54,Rural,0,0,0,observed,census_c14_maharashtra,d460de9ab07eb4383efaded69b6e766f9447558994fe7eadc465c4359c981e38,437,2011,historical_control_not_current_demand
27,518,District - Mumbai Suburban (22),50-54,Urban,452439,245402,207037,observed,census_c14_maharashtra,d460de9ab07eb4383efaded69b6e766f9447558994fe7eadc465c4359c981e38,437,2011,historical_control_not_current_demand
27,518,District - Mumbai Suburban (22),55-59,Total,355509,189254,166255,observed,census_c14_maharashtra,d460de9ab07eb4383efaded69b6e766f9447558994fe7eadc465c4359c981e38,438,2011,historical_control_not_current_demand
27,518,District - Mumbai Suburban (22),55-59,Rural,0,0,0,observed,census_c14_maharashtra,d460de9ab07eb4383efaded69b6e766f9447558994fe7eadc465c4359c981e38,438,2011,historical_control_not_current_demand
27,518,District - Mumbai Suburban (22),55-59,Urban,355509,189254,166255,observed,census_c14_maharashtra,d460de9ab07eb4383efaded69b6e766f9447558994fe7eadc465c4359c981e38,438,2011,historical_control_not_current_demand
27,518,District - Mumbai Suburban (22),60-64,Total,287613,148221,139392,observed,census_c14_maharashtra,d460de9ab07eb4383efaded69b6e766f9447558994fe7eadc465c4359c981e38,439,2011,historical_control_not_current_demand
27,518,District - Mumbai Suburban (22),60-64,Rural,0,0,0,observed,census_c14_maharashtra,d460de9ab07eb4383efaded69b6e766f9447558994fe7eadc465c4359c981e38,439,2011,historical_control_not_current_demand
27,518,District - Mumbai Suburban (22),60-64,Urban,287613,148221,139392,observed,census_c14_maharashtra,d460de9ab07eb4383efaded69b6e766f9447558994fe7eadc465c4359c981e38,439,2011,historical_control_not_current_demand
27,518,District - Mumbai Suburban (22),65-69,Total,189642,96532,93110,observed,census_c14_maharashtra,d460de9ab07eb4383efaded69b6e766f9447558994fe7eadc465c4359c981e38,440,2011,historical_control_not_current_demand
27,518,District - Mumbai Suburban (22),65-69,Rural,0,0,0,observed,census_c14_maharashtra,d460de9ab07eb4383efaded69b6e766f9447558994fe7eadc465c4359c981e38,440,2011,historical_control_not_current_demand
27,518,District - Mumbai Suburban (22),65-69,Urban,189642,96532,93110,observed,census_c14_maharashtra,d460de9ab07eb4383efaded69b6e766f9447558994fe7eadc465c4359c981e38,440,2011,historical_control_not_current_demand
27,518,District - Mumbai Suburban (22),70-74,Total,131091,65674,65417,observed,census_c14_maharashtra,d460de9ab07eb4383efaded69b6e766f9447558994fe7eadc465c4359c981e38,441,2011,historical_control_not_current_demand
27,518,District - Mumbai Suburban (22),70-74,Rural,0,0,0,observed,census_c14_maharashtra,d460de9ab07eb4383efaded69b6e766f9447558994fe7eadc465c4359c981e38,441,2011,historical_control_not_current_demand
27,518,District - Mumbai Suburban (22),70-74,Urban,131091,65674,65417,observed,census_c14_maharashtra,d460de9ab07eb4383efaded69b6e766f9447558994fe7eadc465c4359c981e38,441,2011,historical_control_not_current_demand
27,518,District - Mumbai Suburban (22),75-79,Total,77042,37798,39244,observed,census_c14_maharashtra,d460de9ab07eb4383efaded69b6e766f9447558994fe7eadc465c4359c981e38,442,2011,historical_control_not_current_demand
27,518,District - Mumbai Suburban (22),75-79,Rural,0,0,0,observed,census_c14_maharashtra,d460de9ab07eb4383efaded69b6e766f9447558994fe7eadc465c4359c981e38,442,2011,historical_control_not_current_demand
27,518,District - Mumbai Suburban (22),75-79,Urban,77042,37798,39244,observed,census_c14_maharashtra,d460de9ab07eb4383efaded69b6e766f9447558994fe7eadc465c4359c981e38,442,2011,historical_control_not_current_demand
27,518,District - Mumbai Suburban (22),80+,Total,82230,37913,44317,observed,census_c14_maharashtra,d460de9ab07eb4383efaded69b6e766f9447558994fe7eadc465c4359c981e38,443,2011,historical_control_not_current_demand
27,518,District - Mumbai Suburban (22),80+,Rural,0,0,0,observed,census_c14_maharashtra,d460de9ab07eb4383efaded69b6e766f9447558994fe7eadc465c4359c981e38,443,2011,historical_control_not_current_demand
27,518,District - Mumbai Suburban (22),80+,Urban,82230,37913,44317,observed,census_c14_maharashtra,d460de9ab07eb4383efaded69b6e766f9447558994fe7eadc465c4359c981e38,443,2011,historical_control_not_current_demand
27,518,District - Mumbai Suburban (22),Age not stated,Total,33035,18438,14597,observed,census_c14_maharashtra,d460de9ab07eb4383efaded69b6e766f9447558994fe7eadc465c4359c981e38,444,2011,historical_control_not_current_demand
27,518,District - Mumbai Suburban (22),Age not stated,Rural,0,0,0,observed,census_c14_maharashtra,d460de9ab07eb4383efaded69b6e766f9447558994fe7eadc465c4359c981e38,444,2011,historical_control_not_current_demand
27,518,District - Mumbai Suburban (22),Age not stated,Urban,33035,18438,14597,observed,census_c14_maharashtra,d460de9ab07eb4383efaded69b6e766f9447558994fe7eadc465c4359c981e38,444,2011,historical_control_not_current_demand
27,519,District - Mumbai (23),All ages,Total,3085411,1684608,1400803,observed,census_c14_maharashtra,d460de9ab07eb4383efaded69b6e766f9447558994fe7eadc465c4359c981e38,445,2011,historical_control_not_current_demand
27,519,District - Mumbai (23),All ages,Rural,0,0,0,observed,census_c14_maharashtra,d460de9ab07eb4383efaded69b6e766f9447558994fe7eadc465c4359c981e38,445,2011,historical_control_not_current_demand
27,519,District - Mumbai (23),All ages,Urban,3085411,1684608,1400803,observed,census_c14_maharashtra,d460de9ab07eb4383efaded69b6e766f9447558994fe7eadc465c4359c981e38,445,2011,historical_control_not_current_demand
27,519,District - Mumbai (23),0-4,Total,189193,98595,90598,observed,census_c14_maharashtra,d460de9ab07eb4383efaded69b6e766f9447558994fe7eadc465c4359c981e38,446,2011,historical_control_not_current_demand
27,519,District - Mumbai (23),0-4,Rural,0,0,0,observed,census_c14_maharashtra,d460de9ab07eb4383efaded69b6e766f9447558994fe7eadc465c4359c981e38,446,2011,historical_control_not_current_demand
27,519,District - Mumbai (23),0-4,Urban,189193,98595,90598,observed,census_c14_maharashtra,d460de9ab07eb4383efaded69b6e766f9447558994fe7eadc465c4359c981e38,446,2011,historical_control_not_current_demand
27,519,District - Mumbai (23),5-9,Total,208264,108793,99471,observed,census_c14_maharashtra,d460de9ab07eb4383efaded69b6e766f9447558994fe7eadc465c4359c981e38,447,2011,historical_control_not_current_demand
27,519,District - Mumbai (23),5-9,Rural,0,0,0,observed,census_c14_maharashtra,d460de9ab07eb4383efaded69b6e766f9447558994fe7eadc465c4359c981e38,447,2011,historical_control_not_current_demand
27,519,District - Mumbai (23),5-9,Urban,208264,108793,99471,observed,census_c14_maharashtra,d460de9ab07eb4383efaded69b6e766f9447558994fe7eadc465c4359c981e38,447,2011,historical_control_not_current_demand
27,519,District - Mumbai (23),10-14,Total,230713,122365,108348,observed,census_c14_maharashtra,d460de9ab07eb4383efaded69b6e766f9447558994fe7eadc465c4359c981e38,448,2011,historical_control_not_current_demand
27,519,District - Mumbai (23),10-14,Rural,0,0,0,observed,census_c14_maharashtra,d460de9ab07eb4383efaded69b6e766f9447558994fe7eadc465c4359c981e38,448,2011,historical_control_not_current_demand
27,519,District - Mumbai (23),10-14,Urban,230713,122365,108348,observed,census_c14_maharashtra,d460de9ab07eb4383efaded69b6e766f9447558994fe7eadc465c4359c981e38,448,2011,historical_control_not_current_demand
27,519,District - Mumbai (23),15-19,Total,265548,150557,114991,observed,census_c14_maharashtra,d460de9ab07eb4383efaded69b6e766f9447558994fe7eadc465c4359c981e38,449,2011,historical_control_not_current_demand
27,519,District - Mumbai (23),15-19,Rural,0,0,0,observed,census_c14_maharashtra,d460de9ab07eb4383efaded69b6e766f9447558994fe7eadc465c4359c981e38,449,2011,historical_control_not_current_demand
27,519,District - Mumbai (23),15-19,Urban,265548,150557,114991,observed,census_c14_maharashtra,d460de9ab07eb4383efaded69b6e766f9447558994fe7eadc465c4359c981e38,449,2011,historical_control_not_current_demand
27,519,District - Mumbai (23),20-24,Total,334119,198073,136046,observed,census_c14_maharashtra,d460de9ab07eb4383efaded69b6e766f9447558994fe7eadc465c4359c981e38,450,2011,historical_control_not_current_demand
27,519,District - Mumbai (23),20-24,Rural,0,0,0,observed,census_c14_maharashtra,d460de9ab07eb4383efaded69b6e766f9447558994fe7eadc465c4359c981e38,450,2011,historical_control_not_current_demand
27,519,District - Mumbai (23),20-24,Urban,334119,198073,136046,observed,census_c14_maharashtra,d460de9ab07eb4383efaded69b6e766f9447558994fe7eadc465c4359c981e38,450,2011,historical_control_not_current_demand
27,519,District - Mumbai (23),25-29,Total,325168,186723,138445,observed,census_c14_maharashtra,d460de9ab07eb4383efaded69b6e766f9447558994fe7eadc465c4359c981e38,451,2011,historical_control_not_current_demand
27,519,District - Mumbai (23),25-29,Rural,0,0,0,observed,census_c14_maharashtra,d460de9ab07eb4383efaded69b6e766f9447558994fe7eadc465c4359c981e38,451,2011,historical_control_not_current_demand
27,519,District - Mumbai (23),25-29,Urban,325168,186723,138445,observed,census_c14_maharashtra,d460de9ab07eb4383efaded69b6e766f9447558994fe7eadc465c4359c981e38,451,2011,historical_control_not_current_demand
27,519,District - Mumbai (23),30-34,Total,272932,153652,119280,observed,census_c14_maharashtra,d460de9ab07eb4383efaded69b6e766f9447558994fe7eadc465c4359c981e38,452,2011,historical_control_not_current_demand
27,519,District - Mumbai (23),30-34,Rural,0,0,0,observed,census_c14_maharashtra,d460de9ab07eb4383efaded69b6e766f9447558994fe7eadc465c4359c981e38,452,2011,historical_control_not_current_demand
27,519,District - Mumbai (23),30-34,Urban,272932,153652,119280,observed,census_c14_maharashtra,d460de9ab07eb4383efaded69b6e766f9447558994fe7eadc465c4359c981e38,452,2011,historical_control_not_current_demand
27,519,District - Mumbai (23),35-39,Total,250947,138227,112720,observed,census_c14_maharashtra,d460de9ab07eb4383efaded69b6e766f9447558994fe7eadc465c4359c981e38,453,2011,historical_control_not_current_demand
27,519,District - Mumbai (23),35-39,Rural,0,0,0,observed,census_c14_maharashtra,d460de9ab07eb4383efaded69b6e766f9447558994fe7eadc465c4359c981e38,453,2011,historical_control_not_current_demand
27,519,District - Mumbai (23),35-39,Urban,250947,138227,112720,observed,census_c14_maharashtra,d460de9ab07eb4383efaded69b6e766f9447558994fe7eadc465c4359c981e38,453,2011,historical_control_not_current_demand
27,519,District - Mumbai (23),40-44,Total,217175,118164,99011,observed,census_c14_maharashtra,d460de9ab07eb4383efaded69b6e766f9447558994fe7eadc465c4359c981e38,454,2011,historical_control_not_current_demand
27,519,District - Mumbai (23),40-44,Rural,0,0,0,observed,census_c14_maharashtra,d460de9ab07eb4383efaded69b6e766f9447558994fe7eadc465c4359c981e38,454,2011,historical_control_not_current_demand
27,519,District - Mumbai (23),40-44,Urban,217175,118164,99011,observed,census_c14_maharashtra,d460de9ab07eb4383efaded69b6e766f9447558994fe7eadc465c4359c981e38,454,2011,historical_control_not_current_demand
27,519,District - Mumbai (23),45-49,Total,192532,102940,89592,observed,census_c14_maharashtra,d460de9ab07eb4383efaded69b6e766f9447558994fe7eadc465c4359c981e38,455,2011,historical_control_not_current_demand
27,519,District - Mumbai (23),45-49,Rural,0,0,0,observed,census_c14_maharashtra,d460de9ab07eb4383efaded69b6e766f9447558994fe7eadc465c4359c981e38,455,2011,historical_control_not_current_demand
27,519,District - Mumbai (23),45-49,Urban,192532,102940,89592,observed,census_c14_maharashtra,d460de9ab07eb4383efaded69b6e766f9447558994fe7eadc465c4359c981e38,455,2011,historical_control_not_current_demand
27,519,District - Mumbai (23),50-54,Total,158581,86026,72555,observed,census_c14_maharashtra,d460de9ab07eb4383efaded69b6e766f9447558994fe7eadc465c4359c981e38,456,2011,historical_control_not_current_demand
27,519,District - Mumbai (23),50-54,Rural,0,0,0,observed,census_c14_maharashtra,d460de9ab07eb4383efaded69b6e766f9447558994fe7eadc465c4359c981e38,456,2011,historical_control_not_current_demand
27,519,District - Mumbai (23),50-54,Urban,158581,86026,72555,observed,census_c14_maharashtra,d460de9ab07eb4383efaded69b6e766f9447558994fe7eadc465c4359c981e38,456,2011,historical_control_not_current_demand
27,519,District - Mumbai (23),55-59,Total,125961,67561,58400,observed,census_c14_maharashtra,d460de9ab07eb4383efaded69b6e766f9447558994fe7eadc465c4359c981e38,457,2011,historical_control_not_current_demand
27,519,District - Mumbai (23),55-59,Rural,0,0,0,observed,census_c14_maharashtra,d460de9ab07eb4383efaded69b6e766f9447558994fe7eadc465c4359c981e38,457,2011,historical_control_not_current_demand
27,519,District - Mumbai (23),55-59,Urban,125961,67561,58400,observed,census_c14_maharashtra,d460de9ab07eb4383efaded69b6e766f9447558994fe7eadc465c4359c981e38,457,2011,historical_control_not_current_demand
27,519,District - Mumbai (23),60-64,Total,103157,52219,50938,observed,census_c14_maharashtra,d460de9ab07eb4383efaded69b6e766f9447558994fe7eadc465c4359c981e38,458,2011,historical_control_not_current_demand
27,519,District - Mumbai (23),60-64,Rural,0,0,0,observed,census_c14_maharashtra,d460de9ab07eb4383efaded69b6e766f9447558994fe7eadc465c4359c981e38,458,2011,historical_control_not_current_demand
27,519,District - Mumbai (23),60-64,Urban,103157,52219,50938,observed,census_c14_maharashtra,d460de9ab07eb4383efaded69b6e766f9447558994fe7eadc465c4359c981e38,458,2011,historical_control_not_current_demand
27,519,District - Mumbai (23),65-69,Total,70896,34703,36193,observed,census_c14_maharashtra,d460de9ab07eb4383efaded69b6e766f9447558994fe7eadc465c4359c981e38,459,2011,historical_control_not_current_demand
27,519,District - Mumbai (23),65-69,Rural,0,0,0,observed,census_c14_maharashtra,d460de9ab07eb4383efaded69b6e766f9447558994fe7eadc465c4359c981e38,459,2011,historical_control_not_current_demand
27,519,District - Mumbai (23),65-69,Urban,70896,34703,36193,observed,census_c14_maharashtra,d460de9ab07eb4383efaded69b6e766f9447558994fe7eadc465c4359c981e38,459,2011,historical_control_not_current_demand
27,519,District - Mumbai (23),70-74,Total,52043,24438,27605,observed,census_c14_maharashtra,d460de9ab07eb4383efaded69b6e766f9447558994fe7eadc465c4359c981e38,460,2011,historical_control_not_current_demand
27,519,District - Mumbai (23),70-74,Rural,0,0,0,observed,census_c14_maharashtra,d460de9ab07eb4383efaded69b6e766f9447558994fe7eadc465c4359c981e38,460,2011,historical_control_not_current_demand
27,519,District - Mumbai (23),70-74,Urban,52043,24438,27605,observed,census_c14_maharashtra,d460de9ab07eb4383efaded69b6e766f9447558994fe7eadc465c4359c981e38,460,2011,historical_control_not_current_demand
27,519,District - Mumbai (23),75-79,Total,33506,15277,18229,observed,census_c14_maharashtra,d460de9ab07eb4383efaded69b6e766f9447558994fe7eadc465c4359c981e38,461,2011,historical_control_not_current_demand
27,519,District - Mumbai (23),75-79,Rural,0,0,0,observed,census_c14_maharashtra,d460de9ab07eb4383efaded69b6e766f9447558994fe7eadc465c4359c981e38,461,2011,historical_control_not_current_demand
27,519,District - Mumbai (23),75-79,Urban,33506,15277,18229,observed,census_c14_maharashtra,d460de9ab07eb4383efaded69b6e766f9447558994fe7eadc465c4359c981e38,461,2011,historical_control_not_current_demand
27,519,District - Mumbai (23),80+,Total,39099,17246,21853,observed,census_c14_maharashtra,d460de9ab07eb4383efaded69b6e766f9447558994fe7eadc465c4359c981e38,462,2011,historical_control_not_current_demand
27,519,District - Mumbai (23),80+,Rural,0,0,0,observed,census_c14_maharashtra,d460de9ab07eb4383efaded69b6e766f9447558994fe7eadc465c4359c981e38,462,2011,historical_control_not_current_demand
27,519,District - Mumbai (23),80+,Urban,39099,17246,21853,observed,census_c14_maharashtra,d460de9ab07eb4383efaded69b6e766f9447558994fe7eadc465c4359c981e38,462,2011,historical_control_not_current_demand
27,519,District - Mumbai (23),Age not stated,Total,15577,9049,6528,observed,census_c14_maharashtra,d460de9ab07eb4383efaded69b6e766f9447558994fe7eadc465c4359c981e38,463,2011,historical_control_not_current_demand
27,519,District - Mumbai (23),Age not stated,Rural,0,0,0,observed,census_c14_maharashtra,d460de9ab07eb4383efaded69b6e766f9447558994fe7eadc465c4359c981e38,463,2011,historical_control_not_current_demand
27,519,District - Mumbai (23),Age not stated,Urban,15577,9049,6528,observed,census_c14_maharashtra,d460de9ab07eb4383efaded69b6e766f9447558994fe7eadc465c4359c981e38,463,2011,historical_control_not_current_demand
27,520,District - Raigarh (24),All ages,Total,2634200,1344345,1289855,observed,census_c14_maharashtra,d460de9ab07eb4383efaded69b6e766f9447558994fe7eadc465c4359c981e38,464,2011,historical_control_not_current_demand
27,520,District - Raigarh (24),All ages,Rural,1664005,836996,827009,observed,census_c14_maharashtra,d460de9ab07eb4383efaded69b6e766f9447558994fe7eadc465c4359c981e38,464,2011,historical_control_not_current_demand
27,520,District - Raigarh (24),All ages,Urban,970195,507349,462846,observed,census_c14_maharashtra,d460de9ab07eb4383efaded69b6e766f9447558994fe7eadc465c4359c981e38,464,2011,historical_control_not_current_demand
27,520,District - Raigarh (24),0-4,Total,212756,109596,103160,observed,census_c14_maharashtra,d460de9ab07eb4383efaded69b6e766f9447558994fe7eadc465c4359c981e38,465,2011,historical_control_not_current_demand
27,520,District - Raigarh (24),0-4,Rural,133769,68619,65150,observed,census_c14_maharashtra,d460de9ab07eb4383efaded69b6e766f9447558994fe7eadc465c4359c981e38,465,2011,historical_control_not_current_demand
27,520,District - Raigarh (24),0-4,Urban,78987,40977,38010,observed,census_c14_maharashtra,d460de9ab07eb4383efaded69b6e766f9447558994fe7eadc465c4359c981e38,465,2011,historical_control_not_current_demand
27,520,District - Raigarh (24),5-9,Total,221412,115295,106117,observed,census_c14_maharashtra,d460de9ab07eb4383efaded69b6e766f9447558994fe7eadc465c4359c981e38,466,2011,historical_control_not_current_demand
27,520,District - Raigarh (24),5-9,Rural,140119,72036,68083,observed,census_c14_maharashtra,d460de9ab07eb4383efaded69b6e766f9447558994fe7eadc465c4359c981e38,466,2011,historical_control_not_current_demand
27,520,District - Raigarh (24),5-9,Urban,81293,43259,38034,observed,census_c14_maharashtra,d460de9ab07eb4383efaded69b6e766f9447558994fe7eadc465c4359c981e38,466,2011,historical_control_not_current_demand
27,520,District - Raigarh (24),10-14,Total,243177,126154,117023,observed,census_c14_maharashtra,d460de9ab07eb4383efaded69b6e766f9447558994fe7eadc465c4359c981e38,467,2011,historical_control_not_current_demand
27,520,District - Raigarh (24),10-14,Rural,159424,81946,77478,observed,census_c14_maharashtra,d460de9ab07eb4383efaded69b6e766f9447558994fe7eadc465c4359c981e38,467,2011,historical_control_not_current_demand
27,520,District - Raigarh (24),10-14,Urban,83753,44208,39545,observed,census_c14_maharashtra,d460de9ab07eb4383efaded69b6e766f9447558994fe7eadc465c4359c981e38,467,2011,historical_control_not_current_demand
27,520,District - Raigarh (24),15-19,Total,239580,125665,113915,observed,census_c14_maharashtra,d460de9ab07eb4383efaded69b6e766f9447558994fe7eadc465c4359c981e38,468,2011,historical_control_not_current_demand
27,520,District - Raigarh (24),15-19,Rural,155325,80635,74690,observed,census_c14_maharashtra,d460de9ab07eb4383efaded69b6e766f9447558994fe7eadc465c4359c981e38,468,2011,historical_control_not_current_demand
27,520,District - Raigarh (24),15-19,Urban,84255,45030,39225,observed,census_c14_maharashtra,d460de9ab07eb4383efaded69b6e766f9447558994fe7eadc465c4359c981e38,468,2011,historical_control_not_current_demand
27,520,District - Raigarh (24),20-24,Total,253293,129247,124046,observed,census_c14_maharashtra,d460de9ab07eb4383efaded69b6e766f9447558994fe7eadc465c4359c981e38,469,2011,historical_control_not_current_demand
27,520,District - Raigarh (24),20-24,Rural,155038,78999,76039,observed,census_c14_maharashtra,d460de9ab07eb4383efaded69b6e766f9447558994fe7eadc465c4359c981e38,469,2011,historical_control_not_current_demand
27,520,District - Raigarh (24),20-24,Urban,98255,50248,48007,observed,census_c14_maharashtra,d460de9ab07eb4383efaded69b6e766f9447558994fe7eadc465c4359c981e38,469,2011,historical_control_not_current_demand
27,520,District - Raigarh (24),25-29,Total,243936,123979,119957,observed,census_c14_maharashtra,d460de9ab07eb4383efaded69b6e766f9447558994fe7eadc465c4359c981e38,470,2011,historical_control_not_current_demand
27,520,District - Raigarh (24),25-29,Rural,143521,73751,69770,observed,census_c14_maharashtra,d460de9ab07eb4383efaded69b6e766f9447558994fe7eadc465c4359c981e38,470,2011,historical_control_not_current_demand
27,520,District - Raigarh (24),25-29,Urban,100415,50228,50187,observed,census_c14_maharashtra,d460de9ab07eb4383efaded69b6e766f9447558994fe7eadc465c4359c981e38,470,2011,historical_control_not_current_demand
27,520,District - Raigarh (24),30-34,Total,215669,109793,105876,observed,census_c14_maharashtra,d460de9ab07eb4383efaded69b6e766f9447558994fe7eadc465c4359c981e38,471,2011,historical_control_not_current_demand
27,520,District - Raigarh (24),30-34,Rural,125468,63407,62061,observed,census_c14_maharashtra,d460de9ab07eb4383efaded69b6e766f9447558994fe7eadc465c4359c981e38,471,2011,historical_control_not_current_demand
27,520,District - Raigarh (24),30-34,Urban,90201,46386,43815,observed,census_c14_maharashtra,d460de9ab07eb4383efaded69b6e766f9447558994fe7eadc465c4359c981e38,471,2011,historical_control_not_current_demand
27,520,District - Raigarh (24),35-39,Total,205190,103754,101436,observed,census_c14_maharashtra,d460de9ab07eb4383efaded69b6e766f9447558994fe7eadc465c4359c981e38,472,2011,historical_control_not_current_demand
27,520,District - Raigarh (24),35-39,Rural,121621,60767,60854,observed,census_c14_maharashtra,d460de9ab07eb4383efaded69b6e766f9447558994fe7eadc465c4359c981e38,472,2011,historical_control_not_current_demand
27,520,District - Raigarh (24),35-39,Urban,83569,42987,40582,observed,census_c14_maharashtra,d460de9ab07eb4383efaded69b6e766f9447558994fe7eadc465c4359c981e38,472,2011,historical_control_not_current_demand
27,520,District - Raigarh (24),40-44,Total,178369,92796,85573,observed,census_c14_maharashtra,d460de9ab07eb4383efaded69b6e766f9447558994fe7eadc465c4359c981e38,473,2011,historical_control_not_current_demand
27,520,District - Raigarh (24),40-44,Rural,107525,54559,52966,observed,census_c14_maharashtra,d460de9ab07eb4383efaded69b6e766f9447558994fe7eadc465c4359c981e38,473,2011,historical_control_not_current_demand
27,520,District - Raigarh (24),40-44,Urban,70844,38237,32607,observed,census_c14_maharashtra,d460de9ab07eb4383efaded69b6e766f9447558994fe7eadc465c4359c981e38,473,2011,historical_control_not_current_demand
27,520,District - Raigarh (24),45-49,Total,149111,76354,72757,observed,census_c14_maharashtra,d460de9ab07eb4383efaded69b6e766f9447558994fe7eadc465c4359c981e38,474,2011,historical_control_not_current_demand
27,520,District - Raigarh (24),45-49,Rural,92071,45452,46619,observed,census_c14_maharashtra,d460de9ab07eb4383efaded69b6e766f9447558994fe7eadc465c4359c981e38,474,2011,historical_control_not_current_demand
27,520,District - Raigarh (24),45-49,Urban,57040,30902,26138,observed,census_c14_maharashtra,d460de9ab07eb4383efaded69b6e766f9447558994fe7eadc465c4359c981e38,474,2011,historical_control_not_current_demand
27,520,District - Raigarh (24),50-54,Total,122160,64123,58037,observed,census_c14_maharashtra,d460de9ab07eb4383efaded69b6e766f9447558994fe7eadc465c4359c981e38,475,2011,historical_control_not_current_demand
27,520,District - Raigarh (24),50-54,Rural,78106,39396,38710,observed,census_c14_maharashtra,d460de9ab07eb4383efaded69b6e766f9447558994fe7eadc465c4359c981e38,475,2011,historical_control_not_current_demand
27,520,District - Raigarh (24),50-54,Urban,44054,24727,19327,observed,census_c14_maharashtra,d460de9ab07eb4383efaded69b6e766f9447558994fe7eadc465c4359c981e38,475,2011,historical_control_not_current_demand
27,520,District - Raigarh (24),55-59,Total,95150,48236,46914,observed,census_c14_maharashtra,d460de9ab07eb4383efaded69b6e766f9447558994fe7eadc465c4359c981e38,476,2011,historical_control_not_current_demand
27,520,District - Raigarh (24),55-59,Rural,63772,31098,32674,observed,census_c14_maharashtra,d460de9ab07eb4383efaded69b6e766f9447558994fe7eadc465c4359c981e38,476,2011,historical_control_not_current_demand
27,520,District - Raigarh (24),55-59,Urban,31378,17138,14240,observed,census_c14_maharashtra,d460de9ab07eb4383efaded69b6e766f9447558994fe7eadc465c4359c981e38,476,2011,historical_control_not_current_demand
27,520,District - Raigarh (24),60-64,Total,82444,39604,42840,observed,census_c14_maharashtra,d460de9ab07eb4383efaded69b6e766f9447558994fe7eadc465c4359c981e38,477,2011,historical_control_not_current_demand
27,520,District - Raigarh (24),60-64,Rural,58484,27009,31475,observed,census_c14_maharashtra,d460de9ab07eb4383efaded69b6e766f9447558994fe7eadc465c4359c981e38,477,2011,historical_control_not_current_demand
27,520,District - Raigarh (24),60-64,Urban,23960,12595,11365,observed,census_c14_maharashtra,d460de9ab07eb4383efaded69b6e766f9447558994fe7eadc465c4359c981e38,477,2011,historical_control_not_current_demand
27,520,District - Raigarh (24),65-69,Total,64716,29704,35012,observed,census_c14_maharashtra,d460de9ab07eb4383efaded69b6e766f9447558994fe7eadc465c4359c981e38,478,2011,historical_control_not_current_demand
27,520,District - Raigarh (24),65-69,Rural,49172,22113,27059,observed,census_c14_maharashtra,d460de9ab07eb4383efaded69b6e766f9447558994fe7eadc465c4359c981e38,478,2011,historical_control_not_current_demand
27,520,District - Raigarh (24),65-69,Urban,15544,7591,7953,observed,census_c14_maharashtra,d460de9ab07eb4383efaded69b6e766f9447558994fe7eadc465c4359c981e38,478,2011,historical_control_not_current_demand
27,520,District - Raigarh (24),70-74,Total,46748,21556,25192,observed,census_c14_maharashtra,d460de9ab07eb4383efaded69b6e766f9447558994fe7eadc465c4359c981e38,479,2011,historical_control_not_current_demand
27,520,District - Raigarh (24),70-74,Rural,36153,16459,19694,observed,census_c14_maharashtra,d460de9ab07eb4383efaded69b6e766f9447558994fe7eadc465c4359c981e38,479,2011,historical_control_not_current_demand
27,520,District - Raigarh (24),70-74,Urban,10595,5097,5498,observed,census_c14_maharashtra,d460de9ab07eb4383efaded69b6e766f9447558994fe7eadc465c4359c981e38,479,2011,historical_control_not_current_demand
27,520,District - Raigarh (24),75-79,Total,24543,11321,13222,observed,census_c14_maharashtra,d460de9ab07eb4383efaded69b6e766f9447558994fe7eadc465c4359c981e38,480,2011,historical_control_not_current_demand
27,520,District - Raigarh (24),75-79,Rural,18482,8485,9997,observed,census_c14_maharashtra,d460de9ab07eb4383efaded69b6e766f9447558994fe7eadc465c4359c981e38,480,2011,historical_control_not_current_demand
27,520,District - Raigarh (24),75-79,Urban,6061,2836,3225,observed,census_c14_maharashtra,d460de9ab07eb4383efaded69b6e766f9447558994fe7eadc465c4359c981e38,480,2011,historical_control_not_current_demand
27,520,District - Raigarh (24),80+,Total,26980,12250,14730,observed,census_c14_maharashtra,d460de9ab07eb4383efaded69b6e766f9447558994fe7eadc465c4359c981e38,481,2011,historical_control_not_current_demand
27,520,District - Raigarh (24),80+,Rural,19798,9017,10781,observed,census_c14_maharashtra,d460de9ab07eb4383efaded69b6e766f9447558994fe7eadc465c4359c981e38,481,2011,historical_control_not_current_demand
27,520,District - Raigarh (24),80+,Urban,7182,3233,3949,observed,census_c14_maharashtra,d460de9ab07eb4383efaded69b6e766f9447558994fe7eadc465c4359c981e38,481,2011,historical_control_not_current_demand
27,520,District - Raigarh (24),Age not stated,Total,8966,4918,4048,observed,census_c14_maharashtra,d460de9ab07eb4383efaded69b6e766f9447558994fe7eadc465c4359c981e38,482,2011,historical_control_not_current_demand
27,520,District - Raigarh (24),Age not stated,Rural,6157,3248,2909,observed,census_c14_maharashtra,d460de9ab07eb4383efaded69b6e766f9447558994fe7eadc465c4359c981e38,482,2011,historical_control_not_current_demand
27,520,District - Raigarh (24),Age not stated,Urban,2809,1670,1139,observed,census_c14_maharashtra,d460de9ab07eb4383efaded69b6e766f9447558994fe7eadc465c4359c981e38,482,2011,historical_control_not_current_demand
