source,source_id,source_sha256,survey_month,count_survey_days,exact_survey_dates,site_georeferencing,target_status,source_table,source_pdf_pages,site_id,location,component,direction,adt_vehicles_per_day,source_total_check,aggregation
observed,bmc_coastal_traffic_peer_review_2016,a40925dbeea1a5de2f41980cdc39299bb0f9ea887f202a4f9fcf66a62fa894ac,2016-01,7,not_reported_in_section,unresolved,historical_selected_sites_not_current_or_regionwide_target,4-3,43;44,1,Marine Drive (Kilachand Chowk),direction_1,NCPA-Haji Ali,30508,exact,seven_day_average_daily_traffic_not_annual_average
observed,bmc_coastal_traffic_peer_review_2016,a40925dbeea1a5de2f41980cdc39299bb0f9ea887f202a4f9fcf66a62fa894ac,2016-01,7,not_reported_in_section,unresolved,historical_selected_sites_not_current_or_regionwide_target,4-3,43;44,1,Marine Drive (Kilachand Chowk),direction_2,Haji Ali-NCPA,36805,exact,seven_day_average_daily_traffic_not_annual_average
observed,bmc_coastal_traffic_peer_review_2016,a40925dbeea1a5de2f41980cdc39299bb0f9ea887f202a4f9fcf66a62fa894ac,2016-01,7,not_reported_in_section,unresolved,historical_selected_sites_not_current_or_regionwide_target,4-3,43;44,1,Marine Drive (Kilachand Chowk),printed_total,both_reported_directions,67313,exact,seven_day_average_daily_traffic_not_annual_average
observed,bmc_coastal_traffic_peer_review_2016,a40925dbeea1a5de2f41980cdc39299bb0f9ea887f202a4f9fcf66a62fa894ac,2016-01,7,not_reported_in_section,unresolved,historical_selected_sites_not_current_or_regionwide_target,4-3,43;44,2,DN Road (near CST),direction_1,Colaba-Byculla,51494,exact,seven_day_average_daily_traffic_not_annual_average
observed,bmc_coastal_traffic_peer_review_2016,a40925dbeea1a5de2f41980cdc39299bb0f9ea887f202a4f9fcf66a62fa894ac,2016-01,7,not_reported_in_section,unresolved,historical_selected_sites_not_current_or_regionwide_target,4-3,43;44,2,DN Road (near CST),direction_2,Byculla-Colaba,44070,exact,seven_day_average_daily_traffic_not_annual_average
observed,bmc_coastal_traffic_peer_review_2016,a40925dbeea1a5de2f41980cdc39299bb0f9ea887f202a4f9fcf66a62fa894ac,2016-01,7,not_reported_in_section,unresolved,historical_selected_sites_not_current_or_regionwide_target,4-3,43;44,2,DN Road (near CST),printed_total,both_reported_directions,95564,exact,seven_day_average_daily_traffic_not_annual_average
observed,bmc_coastal_traffic_peer_review_2016,a40925dbeea1a5de2f41980cdc39299bb0f9ea887f202a4f9fcf66a62fa894ac,2016-01,7,not_reported_in_section,unresolved,historical_selected_sites_not_current_or_regionwide_target,4-3,43;44,3,PD Mello Road (Carnac Bridge),direction_1,Colaba-E Freeway,39389,exact,seven_day_average_daily_traffic_not_annual_average
observed,bmc_coastal_traffic_peer_review_2016,a40925dbeea1a5de2f41980cdc39299bb0f9ea887f202a4f9fcf66a62fa894ac,2016-01,7,not_reported_in_section,unresolved,historical_selected_sites_not_current_or_regionwide_target,4-3,43;44,3,PD Mello Road (Carnac Bridge),direction_2,E Freeway-Colaba,34484,exact,seven_day_average_daily_traffic_not_annual_average
observed,bmc_coastal_traffic_peer_review_2016,a40925dbeea1a5de2f41980cdc39299bb0f9ea887f202a4f9fcf66a62fa894ac,2016-01,7,not_reported_in_section,unresolved,historical_selected_sites_not_current_or_regionwide_target,4-3,43;44,3,PD Mello Road (Carnac Bridge),printed_total,both_reported_directions,73873,exact,seven_day_average_daily_traffic_not_annual_average
observed,bmc_coastal_traffic_peer_review_2016,a40925dbeea1a5de2f41980cdc39299bb0f9ea887f202a4f9fcf66a62fa894ac,2016-01,7,not_reported_in_section,unresolved,historical_selected_sites_not_current_or_regionwide_target,4-3,43;44,4,Nepean Sea Road (Mukesh Chowk),direction_1,Malabar Hill-Haji Ali,22420,exact,seven_day_average_daily_traffic_not_annual_average
observed,bmc_coastal_traffic_peer_review_2016,a40925dbeea1a5de2f41980cdc39299bb0f9ea887f202a4f9fcf66a62fa894ac,2016-01,7,not_reported_in_section,unresolved,historical_selected_sites_not_current_or_regionwide_target,4-3,43;44,4,Nepean Sea Road (Mukesh Chowk),direction_2,Haji Ali-Malabar Hill,19669,exact,seven_day_average_daily_traffic_not_annual_average
observed,bmc_coastal_traffic_peer_review_2016,a40925dbeea1a5de2f41980cdc39299bb0f9ea887f202a4f9fcf66a62fa894ac,2016-01,7,not_reported_in_section,unresolved,historical_selected_sites_not_current_or_regionwide_target,4-3,43;44,4,Nepean Sea Road (Mukesh Chowk),printed_total,both_reported_directions,42089,exact,seven_day_average_daily_traffic_not_annual_average
observed,bmc_coastal_traffic_peer_review_2016,a40925dbeea1a5de2f41980cdc39299bb0f9ea887f202a4f9fcf66a62fa894ac,2016-01,7,not_reported_in_section,unresolved,historical_selected_sites_not_current_or_regionwide_target,4-3,43;44,5,Pedder Road (Jaslok Hospital),direction_1,Church Gate-Haji Ali,41829,exact,seven_day_average_daily_traffic_not_annual_average
observed,bmc_coastal_traffic_peer_review_2016,a40925dbeea1a5de2f41980cdc39299bb0f9ea887f202a4f9fcf66a62fa894ac,2016-01,7,not_reported_in_section,unresolved,historical_selected_sites_not_current_or_regionwide_target,4-3,43;44,5,Pedder Road (Jaslok Hospital),direction_2,Haji Ali-Church Gate,40818,exact,seven_day_average_daily_traffic_not_annual_average
observed,bmc_coastal_traffic_peer_review_2016,a40925dbeea1a5de2f41980cdc39299bb0f9ea887f202a4f9fcf66a62fa894ac,2016-01,7,not_reported_in_section,unresolved,historical_selected_sites_not_current_or_regionwide_target,4-3,43;44,5,Pedder Road (Jaslok Hospital),printed_total,both_reported_directions,82647,exact,seven_day_average_daily_traffic_not_annual_average
observed,bmc_coastal_traffic_peer_review_2016,a40925dbeea1a5de2f41980cdc39299bb0f9ea887f202a4f9fcf66a62fa894ac,2016-01,7,not_reported_in_section,unresolved,historical_selected_sites_not_current_or_regionwide_target,4-3,43;44,6,Worli Sea Face Road,direction_1,Haji Ali-Sea Link,39425,exact,seven_day_average_daily_traffic_not_annual_average
observed,bmc_coastal_traffic_peer_review_2016,a40925dbeea1a5de2f41980cdc39299bb0f9ea887f202a4f9fcf66a62fa894ac,2016-01,7,not_reported_in_section,unresolved,historical_selected_sites_not_current_or_regionwide_target,4-3,43;44,6,Worli Sea Face Road,direction_2,Sea Link-Haji Ali,32195,exact,seven_day_average_daily_traffic_not_annual_average
observed,bmc_coastal_traffic_peer_review_2016,a40925dbeea1a5de2f41980cdc39299bb0f9ea887f202a4f9fcf66a62fa894ac,2016-01,7,not_reported_in_section,unresolved,historical_selected_sites_not_current_or_regionwide_target,4-3,43;44,6,Worli Sea Face Road,printed_total,both_reported_directions,71620,exact,seven_day_average_daily_traffic_not_annual_average
observed,bmc_coastal_traffic_peer_review_2016,a40925dbeea1a5de2f41980cdc39299bb0f9ea887f202a4f9fcf66a62fa894ac,2016-01,7,not_reported_in_section,unresolved,historical_selected_sites_not_current_or_regionwide_target,4-3,43;44,7,Annie Besant Road (Doordarshan),direction_1,Worli-Prabhadevi,40317,exact,seven_day_average_daily_traffic_not_annual_average
observed,bmc_coastal_traffic_peer_review_2016,a40925dbeea1a5de2f41980cdc39299bb0f9ea887f202a4f9fcf66a62fa894ac,2016-01,7,not_reported_in_section,unresolved,historical_selected_sites_not_current_or_regionwide_target,4-3,43;44,7,Annie Besant Road (Doordarshan),direction_2,Prabhadevi-Worli,44460,exact,seven_day_average_daily_traffic_not_annual_average
observed,bmc_coastal_traffic_peer_review_2016,a40925dbeea1a5de2f41980cdc39299bb0f9ea887f202a4f9fcf66a62fa894ac,2016-01,7,not_reported_in_section,unresolved,historical_selected_sites_not_current_or_regionwide_target,4-3,43;44,7,Annie Besant Road (Doordarshan),printed_total,both_reported_directions,84777,exact,seven_day_average_daily_traffic_not_annual_average
observed,bmc_coastal_traffic_peer_review_2016,a40925dbeea1a5de2f41980cdc39299bb0f9ea887f202a4f9fcf66a62fa894ac,2016-01,7,not_reported_in_section,unresolved,historical_selected_sites_not_current_or_regionwide_target,4-3,43;44,8,Gokhale Road (near Gopinath Chavan Chowk),direction_1,Lower Parel-Mahim,15558,exact,seven_day_average_daily_traffic_not_annual_average
observed,bmc_coastal_traffic_peer_review_2016,a40925dbeea1a5de2f41980cdc39299bb0f9ea887f202a4f9fcf66a62fa894ac,2016-01,7,not_reported_in_section,unresolved,historical_selected_sites_not_current_or_regionwide_target,4-3,43;44,8,Gokhale Road (near Gopinath Chavan Chowk),direction_2,Mahim-Lower Parel,14551,exact,seven_day_average_daily_traffic_not_annual_average
observed,bmc_coastal_traffic_peer_review_2016,a40925dbeea1a5de2f41980cdc39299bb0f9ea887f202a4f9fcf66a62fa894ac,2016-01,7,not_reported_in_section,unresolved,historical_selected_sites_not_current_or_regionwide_target,4-3,43;44,8,Gokhale Road (near Gopinath Chavan Chowk),printed_total,both_reported_directions,30109,exact,seven_day_average_daily_traffic_not_annual_average
observed,bmc_coastal_traffic_peer_review_2016,a40925dbeea1a5de2f41980cdc39299bb0f9ea887f202a4f9fcf66a62fa894ac,2016-01,7,not_reported_in_section,unresolved,historical_selected_sites_not_current_or_regionwide_target,4-3,43;44,9,Mahim Causeway,direction_1,Dadar-Bandra,104215,exact,seven_day_average_daily_traffic_not_annual_average
observed,bmc_coastal_traffic_peer_review_2016,a40925dbeea1a5de2f41980cdc39299bb0f9ea887f202a4f9fcf66a62fa894ac,2016-01,7,not_reported_in_section,unresolved,historical_selected_sites_not_current_or_regionwide_target,4-3,43;44,9,Mahim Causeway,direction_2,Bandra-Dadar,104573,exact,seven_day_average_daily_traffic_not_annual_average
observed,bmc_coastal_traffic_peer_review_2016,a40925dbeea1a5de2f41980cdc39299bb0f9ea887f202a4f9fcf66a62fa894ac,2016-01,7,not_reported_in_section,unresolved,historical_selected_sites_not_current_or_regionwide_target,4-3,43;44,9,Mahim Causeway,printed_total,both_reported_directions,208788,exact,seven_day_average_daily_traffic_not_annual_average
observed,bmc_coastal_traffic_peer_review_2016,a40925dbeea1a5de2f41980cdc39299bb0f9ea887f202a4f9fcf66a62fa894ac,2016-01,7,not_reported_in_section,unresolved,historical_selected_sites_not_current_or_regionwide_target,4-3,43;44,10,WEH-Location 1 (near Santacruz Flyover),direction_1,Bandra-Airport,147480,exact,seven_day_average_daily_traffic_not_annual_average
observed,bmc_coastal_traffic_peer_review_2016,a40925dbeea1a5de2f41980cdc39299bb0f9ea887f202a4f9fcf66a62fa894ac,2016-01,7,not_reported_in_section,unresolved,historical_selected_sites_not_current_or_regionwide_target,4-3,43;44,10,WEH-Location 1 (near Santacruz Flyover),direction_2,Airport-Bandra,161501,exact,seven_day_average_daily_traffic_not_annual_average
observed,bmc_coastal_traffic_peer_review_2016,a40925dbeea1a5de2f41980cdc39299bb0f9ea887f202a4f9fcf66a62fa894ac,2016-01,7,not_reported_in_section,unresolved,historical_selected_sites_not_current_or_regionwide_target,4-3,43;44,10,WEH-Location 1 (near Santacruz Flyover),printed_total,both_reported_directions,308981,exact,seven_day_average_daily_traffic_not_annual_average
observed,bmc_coastal_traffic_peer_review_2016,a40925dbeea1a5de2f41980cdc39299bb0f9ea887f202a4f9fcf66a62fa894ac,2016-01,7,not_reported_in_section,unresolved,historical_selected_sites_not_current_or_regionwide_target,4-3,43;44,11,SV Road (near Nanavati Hospital),direction_1,Bandra-Andheri,42568,exact,seven_day_average_daily_traffic_not_annual_average
observed,bmc_coastal_traffic_peer_review_2016,a40925dbeea1a5de2f41980cdc39299bb0f9ea887f202a4f9fcf66a62fa894ac,2016-01,7,not_reported_in_section,unresolved,historical_selected_sites_not_current_or_regionwide_target,4-3,43;44,11,SV Road (near Nanavati Hospital),direction_2,Andheri-Bandra,42176,exact,seven_day_average_daily_traffic_not_annual_average
observed,bmc_coastal_traffic_peer_review_2016,a40925dbeea1a5de2f41980cdc39299bb0f9ea887f202a4f9fcf66a62fa894ac,2016-01,7,not_reported_in_section,unresolved,historical_selected_sites_not_current_or_regionwide_target,4-3,43;44,11,SV Road (near Nanavati Hospital),printed_total,both_reported_directions,84744,exact,seven_day_average_daily_traffic_not_annual_average
observed,bmc_coastal_traffic_peer_review_2016,a40925dbeea1a5de2f41980cdc39299bb0f9ea887f202a4f9fcf66a62fa894ac,2016-01,7,not_reported_in_section,unresolved,historical_selected_sites_not_current_or_regionwide_target,4-3,43;44,12,WEH-Location 2 (near International Airport),direction_1,Bandra-Borivali,121096,exact,seven_day_average_daily_traffic_not_annual_average
observed,bmc_coastal_traffic_peer_review_2016,a40925dbeea1a5de2f41980cdc39299bb0f9ea887f202a4f9fcf66a62fa894ac,2016-01,7,not_reported_in_section,unresolved,historical_selected_sites_not_current_or_regionwide_target,4-3,43;44,12,WEH-Location 2 (near International Airport),direction_2,Borivali-Bandra,115908,exact,seven_day_average_daily_traffic_not_annual_average
observed,bmc_coastal_traffic_peer_review_2016,a40925dbeea1a5de2f41980cdc39299bb0f9ea887f202a4f9fcf66a62fa894ac,2016-01,7,not_reported_in_section,unresolved,historical_selected_sites_not_current_or_regionwide_target,4-3,43;44,12,WEH-Location 2 (near International Airport),printed_total,both_reported_directions,237004,exact,seven_day_average_daily_traffic_not_annual_average
observed,bmc_coastal_traffic_peer_review_2016,a40925dbeea1a5de2f41980cdc39299bb0f9ea887f202a4f9fcf66a62fa894ac,2016-01,7,not_reported_in_section,unresolved,historical_selected_sites_not_current_or_regionwide_target,4-3,43;44,13,Near JVPD Jn.,direction_1,Road No.10-DN Nagar,42783,exact,seven_day_average_daily_traffic_not_annual_average
observed,bmc_coastal_traffic_peer_review_2016,a40925dbeea1a5de2f41980cdc39299bb0f9ea887f202a4f9fcf66a62fa894ac,2016-01,7,not_reported_in_section,unresolved,historical_selected_sites_not_current_or_regionwide_target,4-3,43;44,13,Near JVPD Jn.,direction_2,DN Nagar-Road No.10,36902,exact,seven_day_average_daily_traffic_not_annual_average
observed,bmc_coastal_traffic_peer_review_2016,a40925dbeea1a5de2f41980cdc39299bb0f9ea887f202a4f9fcf66a62fa894ac,2016-01,7,not_reported_in_section,unresolved,historical_selected_sites_not_current_or_regionwide_target,4-3,43;44,13,Near JVPD Jn.,printed_total,both_reported_directions,79685,exact,seven_day_average_daily_traffic_not_annual_average
observed,bmc_coastal_traffic_peer_review_2016,a40925dbeea1a5de2f41980cdc39299bb0f9ea887f202a4f9fcf66a62fa894ac,2016-01,7,not_reported_in_section,unresolved,historical_selected_sites_not_current_or_regionwide_target,4-3,43;44,14,WEH-Location 3 Shankarwadi,direction_1,Andheri-Goregaon,121939,exact,seven_day_average_daily_traffic_not_annual_average
observed,bmc_coastal_traffic_peer_review_2016,a40925dbeea1a5de2f41980cdc39299bb0f9ea887f202a4f9fcf66a62fa894ac,2016-01,7,not_reported_in_section,unresolved,historical_selected_sites_not_current_or_regionwide_target,4-3,43;44,14,WEH-Location 3 Shankarwadi,direction_2,Goregaon-Andheri,125416,exact,seven_day_average_daily_traffic_not_annual_average
observed,bmc_coastal_traffic_peer_review_2016,a40925dbeea1a5de2f41980cdc39299bb0f9ea887f202a4f9fcf66a62fa894ac,2016-01,7,not_reported_in_section,unresolved,historical_selected_sites_not_current_or_regionwide_target,4-3,43;44,14,WEH-Location 3 Shankarwadi,printed_total,both_reported_directions,247355,exact,seven_day_average_daily_traffic_not_annual_average
observed,bmc_coastal_traffic_peer_review_2016,a40925dbeea1a5de2f41980cdc39299bb0f9ea887f202a4f9fcf66a62fa894ac,2016-01,7,not_reported_in_section,unresolved,historical_selected_sites_not_current_or_regionwide_target,4-3,43;44,15,WEH-Location 4 Kurar,direction_1,Andheri-Borivali,112631,exact,seven_day_average_daily_traffic_not_annual_average
observed,bmc_coastal_traffic_peer_review_2016,a40925dbeea1a5de2f41980cdc39299bb0f9ea887f202a4f9fcf66a62fa894ac,2016-01,7,not_reported_in_section,unresolved,historical_selected_sites_not_current_or_regionwide_target,4-3,43;44,15,WEH-Location 4 Kurar,direction_2,Borivali-Andheri,111243,exact,seven_day_average_daily_traffic_not_annual_average
observed,bmc_coastal_traffic_peer_review_2016,a40925dbeea1a5de2f41980cdc39299bb0f9ea887f202a4f9fcf66a62fa894ac,2016-01,7,not_reported_in_section,unresolved,historical_selected_sites_not_current_or_regionwide_target,4-3,43;44,15,WEH-Location 4 Kurar,printed_total,both_reported_directions,223874,exact,seven_day_average_daily_traffic_not_annual_average
observed,bmc_coastal_traffic_peer_review_2016,a40925dbeea1a5de2f41980cdc39299bb0f9ea887f202a4f9fcf66a62fa894ac,2016-01,7,not_reported_in_section,unresolved,historical_selected_sites_not_current_or_regionwide_target,4-3,43;44,16,Link Road (near Infinity Mall),direction_1,Goregaon-Kandivali,28528,exact,seven_day_average_daily_traffic_not_annual_average
observed,bmc_coastal_traffic_peer_review_2016,a40925dbeea1a5de2f41980cdc39299bb0f9ea887f202a4f9fcf66a62fa894ac,2016-01,7,not_reported_in_section,unresolved,historical_selected_sites_not_current_or_regionwide_target,4-3,43;44,16,Link Road (near Infinity Mall),direction_2,Kandivali-Goregaon,42530,exact,seven_day_average_daily_traffic_not_annual_average
observed,bmc_coastal_traffic_peer_review_2016,a40925dbeea1a5de2f41980cdc39299bb0f9ea887f202a4f9fcf66a62fa894ac,2016-01,7,not_reported_in_section,unresolved,historical_selected_sites_not_current_or_regionwide_target,4-3,43;44,16,Link Road (near Infinity Mall),printed_total,both_reported_directions,71058,exact,seven_day_average_daily_traffic_not_annual_average
observed,bmc_coastal_traffic_peer_review_2016,a40925dbeea1a5de2f41980cdc39299bb0f9ea887f202a4f9fcf66a62fa894ac,2016-01,7,not_reported_in_section,unresolved,historical_selected_sites_not_current_or_regionwide_target,4-3,43;44,17,NH 8 (near Fountain Hotel),direction_1,Towards North (Vasai),34244,source_disagreement,seven_day_average_daily_traffic_not_annual_average
observed,bmc_coastal_traffic_peer_review_2016,a40925dbeea1a5de2f41980cdc39299bb0f9ea887f202a4f9fcf66a62fa894ac,2016-01,7,not_reported_in_section,unresolved,historical_selected_sites_not_current_or_regionwide_target,4-3,43;44,17,NH 8 (near Fountain Hotel),direction_2,Towards South (Suburbs),37089,source_disagreement,seven_day_average_daily_traffic_not_annual_average
observed,bmc_coastal_traffic_peer_review_2016,a40925dbeea1a5de2f41980cdc39299bb0f9ea887f202a4f9fcf66a62fa894ac,2016-01,7,not_reported_in_section,unresolved,historical_selected_sites_not_current_or_regionwide_target,4-3,43;44,17,NH 8 (near Fountain Hotel),printed_total,both_reported_directions,70904,source_disagreement,seven_day_average_daily_traffic_not_annual_average
