source,train_number,action,original_cell,supporting_annotation,resolved_station_key,corroboration
derived_layout_interpretation,91491,station_reference_replaces_row_alignment,"{""aligned_station_row_label"": ""Tilaknagar"", ""printed_local_hhmm"": ""21:50"", ""source_id"": ""cr_public_harbour_down_20260501"", ""source_page"": ""16"", ""source_sha256"": ""7774ae4aacc1d0ccf5d07ce10f557c37fdcac0550385f7e856d6c934d97a8a78"", ""train_number"": ""91491""}","{""aligned_station_row_label"": ""Kurla"", ""annotation_as_printed"": ""BVI"", ""source"": ""published_layout_annotation"", ""source_id"": ""cr_public_harbour_down_20260501"", ""source_page"": 16, ""source_sha256"": ""7774ae4aacc1d0ccf5d07ce10f557c37fdcac0550385f7e856d6c934d97a8a78"", ""source_x_pdf_pt"": 272.562824, ""source_y_pdf_pt"": 221.305223, ""train_number"": ""91491""}",CR_EXTERNAL_CODE:BVI,printed_BVI_reference_only_branch_incomplete
derived_layout_interpretation,99001,station_reference_replaces_row_alignment,"{""aligned_station_row_label"": ""Masjid"", ""printed_local_hhmm"": ""00:05"", ""source_id"": ""cr_public_harbour_down_20260501"", ""source_page"": ""18"", ""source_sha256"": ""7774ae4aacc1d0ccf5d07ce10f557c37fdcac0550385f7e856d6c934d97a8a78"", ""train_number"": ""99001""}","{""aligned_station_row_label"": ""Mumbai CSMT"", ""annotation_as_printed"": ""TNA"", ""source"": ""published_layout_annotation"", ""source_id"": ""cr_public_harbour_down_20260501"", ""source_page"": 18, ""source_sha256"": ""7774ae4aacc1d0ccf5d07ce10f557c37fdcac0550385f7e856d6c934d97a8a78"", ""source_x_pdf_pt"": 617.796379, ""source_y_pdf_pt"": 458.905226, ""train_number"": ""99001""}",CR_THB_CODE:TNA,same_train_and_clock_in_Trans_Harbour
derived_layout_interpretation,99003,station_reference_replaces_row_alignment,"{""aligned_station_row_label"": ""Masjid"", ""printed_local_hhmm"": ""05:12"", ""source_id"": ""cr_public_harbour_down_20260501"", ""source_page"": ""1"", ""source_sha256"": ""7774ae4aacc1d0ccf5d07ce10f557c37fdcac0550385f7e856d6c934d97a8a78"", ""train_number"": ""99003""}","{""aligned_station_row_label"": ""Mumbai CSMT"", ""annotation_as_printed"": ""TNA"", ""source"": ""published_layout_annotation"", ""source_id"": ""cr_public_harbour_down_20260501"", ""source_page"": 1, ""source_sha256"": ""7774ae4aacc1d0ccf5d07ce10f557c37fdcac0550385f7e856d6c934d97a8a78"", ""source_x_pdf_pt"": 429.721469, ""source_y_pdf_pt"": 458.905226, ""train_number"": ""99003""}",CR_THB_CODE:TNA,same_train_and_clock_in_Trans_Harbour
derived_layout_interpretation,99005,station_reference_replaces_row_alignment,"{""aligned_station_row_label"": ""Masjid"", ""printed_local_hhmm"": ""06:20"", ""source_id"": ""cr_public_harbour_down_20260501"", ""source_page"": ""2"", ""source_sha256"": ""7774ae4aacc1d0ccf5d07ce10f557c37fdcac0550385f7e856d6c934d97a8a78"", ""train_number"": ""99005""}","{""aligned_station_row_label"": ""Mumbai CSMT"", ""annotation_as_printed"": ""TNA"", ""source"": ""published_layout_annotation"", ""source_id"": ""cr_public_harbour_down_20260501"", ""source_page"": 2, ""source_sha256"": ""7774ae4aacc1d0ccf5d07ce10f557c37fdcac0550385f7e856d6c934d97a8a78"", ""source_x_pdf_pt"": 256.191499, ""source_y_pdf_pt"": 458.905226, ""train_number"": ""99005""}",CR_THB_CODE:TNA,same_train_and_clock_in_Trans_Harbour
derived_layout_interpretation,99007,station_reference_replaces_row_alignment,"{""aligned_station_row_label"": ""Masjid"", ""printed_local_hhmm"": ""07:04"", ""source_id"": ""cr_public_harbour_down_20260501"", ""source_page"": ""2"", ""source_sha256"": ""7774ae4aacc1d0ccf5d07ce10f557c37fdcac0550385f7e856d6c934d97a8a78"", ""train_number"": ""99007""}","{""aligned_station_row_label"": ""Mumbai CSMT"", ""annotation_as_printed"": ""TNA"", ""source"": ""published_layout_annotation"", ""source_id"": ""cr_public_harbour_down_20260501"", ""source_page"": 2, ""source_sha256"": ""7774ae4aacc1d0ccf5d07ce10f557c37fdcac0550385f7e856d6c934d97a8a78"", ""source_x_pdf_pt"": 603.250238, ""source_y_pdf_pt"": 458.905226, ""train_number"": ""99007""}",CR_THB_CODE:TNA,same_train_and_clock_in_Trans_Harbour
derived_layout_interpretation,99009,station_reference_replaces_row_alignment,"{""aligned_station_row_label"": ""Masjid"", ""printed_local_hhmm"": ""08:03"", ""source_id"": ""cr_public_harbour_down_20260501"", ""source_page"": ""3"", ""source_sha256"": ""7774ae4aacc1d0ccf5d07ce10f557c37fdcac0550385f7e856d6c934d97a8a78"", ""train_number"": ""99009""}","{""aligned_station_row_label"": ""Mumbai CSMT"", ""annotation_as_printed"": ""TNA"", ""source"": ""published_layout_annotation"", ""source_id"": ""cr_public_harbour_down_20260501"", ""source_page"": 3, ""source_sha256"": ""7774ae4aacc1d0ccf5d07ce10f557c37fdcac0550385f7e856d6c934d97a8a78"", ""source_x_pdf_pt"": 516.486711, ""source_y_pdf_pt"": 458.905226, ""train_number"": ""99009""}",CR_THB_CODE:TNA,same_train_and_clock_in_Trans_Harbour
derived_layout_interpretation,99011,station_reference_replaces_row_alignment,"{""aligned_station_row_label"": ""Masjid"", ""printed_local_hhmm"": ""08:41"", ""source_id"": ""cr_public_harbour_down_20260501"", ""source_page"": ""4"", ""source_sha256"": ""7774ae4aacc1d0ccf5d07ce10f557c37fdcac0550385f7e856d6c934d97a8a78"", ""train_number"": ""99011""}","{""aligned_station_row_label"": ""Mumbai CSMT"", ""annotation_as_printed"": ""TNA"", ""source"": ""published_layout_annotation"", ""source_id"": ""cr_public_harbour_down_20260501"", ""source_page"": 4, ""source_sha256"": ""7774ae4aacc1d0ccf5d07ce10f557c37fdcac0550385f7e856d6c934d97a8a78"", ""source_x_pdf_pt"": 285.145702, ""source_y_pdf_pt"": 458.905226, ""train_number"": ""99011""}",CR_THB_CODE:TNA,same_train_and_clock_in_Trans_Harbour
derived_layout_interpretation,99013,station_reference_replaces_row_alignment,"{""aligned_station_row_label"": ""Masjid"", ""printed_local_hhmm"": ""09:14"", ""source_id"": ""cr_public_harbour_down_20260501"", ""source_page"": ""4"", ""source_sha256"": ""7774ae4aacc1d0ccf5d07ce10f557c37fdcac0550385f7e856d6c934d97a8a78"", ""train_number"": ""99013""}","{""aligned_station_row_label"": ""Mumbai CSMT"", ""annotation_as_printed"": ""TNA"", ""source"": ""published_layout_annotation"", ""source_id"": ""cr_public_harbour_down_20260501"", ""source_page"": 4, ""source_sha256"": ""7774ae4aacc1d0ccf5d07ce10f557c37fdcac0550385f7e856d6c934d97a8a78"", ""source_x_pdf_pt"": 603.280408, ""source_y_pdf_pt"": 458.905226, ""train_number"": ""99013""}",CR_THB_CODE:TNA,same_train_and_clock_in_Trans_Harbour
derived_layout_interpretation,99015,station_reference_replaces_row_alignment,"{""aligned_station_row_label"": ""Masjid"", ""printed_local_hhmm"": ""09:39"", ""source_id"": ""cr_public_harbour_down_20260501"", ""source_page"": ""5"", ""source_sha256"": ""7774ae4aacc1d0ccf5d07ce10f557c37fdcac0550385f7e856d6c934d97a8a78"", ""train_number"": ""99015""}","{""aligned_station_row_label"": ""Mumbai CSMT"", ""annotation_as_printed"": ""TNA"", ""source"": ""published_layout_annotation"", ""source_id"": ""cr_public_harbour_down_20260501"", ""source_page"": 5, ""source_sha256"": ""7774ae4aacc1d0ccf5d07ce10f557c37fdcac0550385f7e856d6c934d97a8a78"", ""source_x_pdf_pt"": 285.101133, ""source_y_pdf_pt"": 458.905226, ""train_number"": ""99015""}",CR_THB_CODE:TNA,same_train_and_clock_in_Trans_Harbour
derived_layout_interpretation,99017,station_reference_replaces_row_alignment,"{""aligned_station_row_label"": ""Masjid"", ""printed_local_hhmm"": ""10:01"", ""source_id"": ""cr_public_harbour_down_20260501"", ""source_page"": ""5"", ""source_sha256"": ""7774ae4aacc1d0ccf5d07ce10f557c37fdcac0550385f7e856d6c934d97a8a78"", ""train_number"": ""99017""}","{""aligned_station_row_label"": ""Mumbai CSMT"", ""annotation_as_printed"": ""TNA"", ""source"": ""published_layout_annotation"", ""source_id"": ""cr_public_harbour_down_20260501"", ""source_page"": 5, ""source_sha256"": ""7774ae4aacc1d0ccf5d07ce10f557c37fdcac0550385f7e856d6c934d97a8a78"", ""source_x_pdf_pt"": 516.538308, ""source_y_pdf_pt"": 458.905226, ""train_number"": ""99017""}",CR_THB_CODE:TNA,same_train_and_clock_in_Trans_Harbour
derived_layout_interpretation,99019,station_reference_replaces_row_alignment,"{""aligned_station_row_label"": ""Masjid"", ""printed_local_hhmm"": ""10:39"", ""source_id"": ""cr_public_harbour_down_20260501"", ""source_page"": ""6"", ""source_sha256"": ""7774ae4aacc1d0ccf5d07ce10f557c37fdcac0550385f7e856d6c934d97a8a78"", ""train_number"": ""99019""}","{""aligned_station_row_label"": ""Mumbai CSMT"", ""annotation_as_printed"": ""TNA"", ""source"": ""published_layout_annotation"", ""source_id"": ""cr_public_harbour_down_20260501"", ""source_page"": 6, ""source_sha256"": ""7774ae4aacc1d0ccf5d07ce10f557c37fdcac0550385f7e856d6c934d97a8a78"", ""source_x_pdf_pt"": 314.055507, ""source_y_pdf_pt"": 458.905226, ""train_number"": ""99019""}",CR_THB_CODE:TNA,same_train_and_clock_in_Trans_Harbour
derived_layout_interpretation,99021,station_reference_replaces_row_alignment,"{""aligned_station_row_label"": ""Masjid"", ""printed_local_hhmm"": ""11:14"", ""source_id"": ""cr_public_harbour_down_20260501"", ""source_page"": ""6"", ""source_sha256"": ""7774ae4aacc1d0ccf5d07ce10f557c37fdcac0550385f7e856d6c934d97a8a78"", ""train_number"": ""99021""}","{""aligned_station_row_label"": ""Mumbai CSMT"", ""annotation_as_printed"": ""TNA"", ""source"": ""published_layout_annotation"", ""source_id"": ""cr_public_harbour_down_20260501"", ""source_page"": 6, ""source_sha256"": ""7774ae4aacc1d0ccf5d07ce10f557c37fdcac0550385f7e856d6c934d97a8a78"", ""source_x_pdf_pt"": 690.072734, ""source_y_pdf_pt"": 458.905226, ""train_number"": ""99021""}",CR_THB_CODE:TNA,same_train_and_clock_in_Trans_Harbour
derived_layout_interpretation,99023,station_reference_replaces_row_alignment,"{""aligned_station_row_label"": ""Masjid"", ""printed_local_hhmm"": ""12:00"", ""source_id"": ""cr_public_harbour_down_20260501"", ""source_page"": ""7"", ""source_sha256"": ""7774ae4aacc1d0ccf5d07ce10f557c37fdcac0550385f7e856d6c934d97a8a78"", ""train_number"": ""99023""}","{""aligned_station_row_label"": ""Mumbai CSMT"", ""annotation_as_printed"": ""TNA"", ""source"": ""published_layout_annotation"", ""source_id"": ""cr_public_harbour_down_20260501"", ""source_page"": 7, ""source_sha256"": ""7774ae4aacc1d0ccf5d07ce10f557c37fdcac0550385f7e856d6c934d97a8a78"", ""source_x_pdf_pt"": 516.539851, ""source_y_pdf_pt"": 458.905226, ""train_number"": ""99023""}",CR_THB_CODE:TNA,same_train_and_clock_in_Trans_Harbour
derived_layout_interpretation,99025,station_reference_replaces_row_alignment,"{""aligned_station_row_label"": ""Masjid"", ""printed_local_hhmm"": ""12:49"", ""source_id"": ""cr_public_harbour_down_20260501"", ""source_page"": ""8"", ""source_sha256"": ""7774ae4aacc1d0ccf5d07ce10f557c37fdcac0550385f7e856d6c934d97a8a78"", ""train_number"": ""99025""}","{""aligned_station_row_label"": ""Mumbai CSMT"", ""annotation_as_printed"": ""TNA"", ""source"": ""published_layout_annotation"", ""source_id"": ""cr_public_harbour_down_20260501"", ""source_page"": 8, ""source_sha256"": ""7774ae4aacc1d0ccf5d07ce10f557c37fdcac0550385f7e856d6c934d97a8a78"", ""source_x_pdf_pt"": 256.217383, ""source_y_pdf_pt"": 458.905226, ""train_number"": ""99025""}",CR_THB_CODE:TNA,same_train_and_clock_in_Trans_Harbour
derived_layout_interpretation,99027,station_reference_replaces_row_alignment,"{""aligned_station_row_label"": ""Masjid"", ""printed_local_hhmm"": ""13:24"", ""source_id"": ""cr_public_harbour_down_20260501"", ""source_page"": ""8"", ""source_sha256"": ""7774ae4aacc1d0ccf5d07ce10f557c37fdcac0550385f7e856d6c934d97a8a78"", ""train_number"": ""99027""}","{""aligned_station_row_label"": ""Mumbai CSMT"", ""annotation_as_printed"": ""TNA"", ""source"": ""published_layout_annotation"", ""source_id"": ""cr_public_harbour_down_20260501"", ""source_page"": 8, ""source_sha256"": ""7774ae4aacc1d0ccf5d07ce10f557c37fdcac0550385f7e856d6c934d97a8a78"", ""source_x_pdf_pt"": 545.451027, ""source_y_pdf_pt"": 458.905226, ""train_number"": ""99027""}",CR_THB_CODE:TNA,same_train_and_clock_in_Trans_Harbour
derived_layout_interpretation,99029,station_reference_replaces_row_alignment,"{""aligned_station_row_label"": ""Masjid"", ""printed_local_hhmm"": ""14:03"", ""source_id"": ""cr_public_harbour_down_20260501"", ""source_page"": ""9"", ""source_sha256"": ""7774ae4aacc1d0ccf5d07ce10f557c37fdcac0550385f7e856d6c934d97a8a78"", ""train_number"": ""99029""}","{""aligned_station_row_label"": ""Mumbai CSMT"", ""annotation_as_printed"": ""TNA"", ""source"": ""published_layout_annotation"", ""source_id"": ""cr_public_harbour_down_20260501"", ""source_page"": 9, ""source_sha256"": ""7774ae4aacc1d0ccf5d07ce10f557c37fdcac0550385f7e856d6c934d97a8a78"", ""source_x_pdf_pt"": 314.02808, ""source_y_pdf_pt"": 458.905226, ""train_number"": ""99029""}",CR_THB_CODE:TNA,same_train_and_clock_in_Trans_Harbour
derived_layout_interpretation,99031,station_reference_replaces_row_alignment,"{""aligned_station_row_label"": ""Masjid"", ""printed_local_hhmm"": ""14:36"", ""source_id"": ""cr_public_harbour_down_20260501"", ""source_page"": ""9"", ""source_sha256"": ""7774ae4aacc1d0ccf5d07ce10f557c37fdcac0550385f7e856d6c934d97a8a78"", ""train_number"": ""99031""}","{""aligned_station_row_label"": ""Mumbai CSMT"", ""annotation_as_printed"": ""TNA"", ""source"": ""published_layout_annotation"", ""source_id"": ""cr_public_harbour_down_20260501"", ""source_page"": 9, ""source_sha256"": ""7774ae4aacc1d0ccf5d07ce10f557c37fdcac0550385f7e856d6c934d97a8a78"", ""source_x_pdf_pt"": 487.609989, ""source_y_pdf_pt"": 458.905226, ""train_number"": ""99031""}",CR_THB_CODE:TNA,same_train_and_clock_in_Trans_Harbour
derived_layout_interpretation,99033,station_reference_replaces_row_alignment,"{""aligned_station_row_label"": ""Masjid"", ""printed_local_hhmm"": ""14:54"", ""source_id"": ""cr_public_harbour_down_20260501"", ""source_page"": ""9"", ""source_sha256"": ""7774ae4aacc1d0ccf5d07ce10f557c37fdcac0550385f7e856d6c934d97a8a78"", ""train_number"": ""99033""}","{""aligned_station_row_label"": ""Mumbai CSMT"", ""annotation_as_printed"": ""TNA"", ""source"": ""published_layout_annotation"", ""source_id"": ""cr_public_harbour_down_20260501"", ""source_page"": 9, ""source_sha256"": ""7774ae4aacc1d0ccf5d07ce10f557c37fdcac0550385f7e856d6c934d97a8a78"", ""source_x_pdf_pt"": 632.228954, ""source_y_pdf_pt"": 458.905226, ""train_number"": ""99033""}",CR_THB_CODE:TNA,same_train_and_clock_in_Trans_Harbour
derived_layout_interpretation,99035,station_reference_replaces_row_alignment,"{""aligned_station_row_label"": ""Masjid"", ""printed_local_hhmm"": ""15:20"", ""source_id"": ""cr_public_harbour_down_20260501"", ""source_page"": ""10"", ""source_sha256"": ""7774ae4aacc1d0ccf5d07ce10f557c37fdcac0550385f7e856d6c934d97a8a78"", ""train_number"": ""99035""}","{""aligned_station_row_label"": ""Mumbai CSMT"", ""annotation_as_printed"": ""TNA"", ""source"": ""published_layout_annotation"", ""source_id"": ""cr_public_harbour_down_20260501"", ""source_page"": 10, ""source_sha256"": ""7774ae4aacc1d0ccf5d07ce10f557c37fdcac0550385f7e856d6c934d97a8a78"", ""source_x_pdf_pt"": 256.217383, ""source_y_pdf_pt"": 458.905226, ""train_number"": ""99035""}",CR_THB_CODE:TNA,same_train_and_clock_in_Trans_Harbour
derived_layout_interpretation,99037,station_reference_replaces_row_alignment,"{""aligned_station_row_label"": ""Masjid"", ""printed_local_hhmm"": ""16:00"", ""source_id"": ""cr_public_harbour_down_20260501"", ""source_page"": ""10"", ""source_sha256"": ""7774ae4aacc1d0ccf5d07ce10f557c37fdcac0550385f7e856d6c934d97a8a78"", ""train_number"": ""99037""}","{""aligned_station_row_label"": ""Mumbai CSMT"", ""annotation_as_printed"": ""TNA"", ""source"": ""published_layout_annotation"", ""source_id"": ""cr_public_harbour_down_20260501"", ""source_page"": 10, ""source_sha256"": ""7774ae4aacc1d0ccf5d07ce10f557c37fdcac0550385f7e856d6c934d97a8a78"", ""source_x_pdf_pt"": 574.377974, ""source_y_pdf_pt"": 458.905226, ""train_number"": ""99037""}",CR_THB_CODE:TNA,same_train_and_clock_in_Trans_Harbour
derived_layout_interpretation,99039,station_reference_replaces_row_alignment,"{""aligned_station_row_label"": ""Masjid"", ""printed_local_hhmm"": ""16:24"", ""source_id"": ""cr_public_harbour_down_20260501"", ""source_page"": ""11"", ""source_sha256"": ""7774ae4aacc1d0ccf5d07ce10f557c37fdcac0550385f7e856d6c934d97a8a78"", ""train_number"": ""99039""}","{""aligned_station_row_label"": ""Mumbai CSMT"", ""annotation_as_printed"": ""TNA"", ""source"": ""published_layout_annotation"", ""source_id"": ""cr_public_harbour_down_20260501"", ""source_page"": 11, ""source_sha256"": ""7774ae4aacc1d0ccf5d07ce10f557c37fdcac0550385f7e856d6c934d97a8a78"", ""source_x_pdf_pt"": 227.290436, ""source_y_pdf_pt"": 458.905226, ""train_number"": ""99039""}",CR_THB_CODE:TNA,same_train_and_clock_in_Trans_Harbour
derived_layout_interpretation,99041,station_reference_replaces_row_alignment,"{""aligned_station_row_label"": ""Masjid"", ""printed_local_hhmm"": ""16:48"", ""source_id"": ""cr_public_harbour_down_20260501"", ""source_page"": ""11"", ""source_sha256"": ""7774ae4aacc1d0ccf5d07ce10f557c37fdcac0550385f7e856d6c934d97a8a78"", ""train_number"": ""99041""}","{""aligned_station_row_label"": ""Mumbai CSMT"", ""annotation_as_printed"": ""TNA"", ""source"": ""published_layout_annotation"", ""source_id"": ""cr_public_harbour_down_20260501"", ""source_page"": 11, ""source_sha256"": ""7774ae4aacc1d0ccf5d07ce10f557c37fdcac0550385f7e856d6c934d97a8a78"", ""source_x_pdf_pt"": 429.678443, ""source_y_pdf_pt"": 458.905226, ""train_number"": ""99041""}",CR_THB_CODE:TNA,same_train_and_clock_in_Trans_Harbour
derived_layout_interpretation,99043,station_reference_replaces_row_alignment,"{""aligned_station_row_label"": ""Masjid"", ""printed_local_hhmm"": ""17:23"", ""source_id"": ""cr_public_harbour_down_20260501"", ""source_page"": ""11"", ""source_sha256"": ""7774ae4aacc1d0ccf5d07ce10f557c37fdcac0550385f7e856d6c934d97a8a78"", ""train_number"": ""99043""}","{""aligned_station_row_label"": ""Mumbai CSMT"", ""annotation_as_printed"": ""TNA"", ""source"": ""published_layout_annotation"", ""source_id"": ""cr_public_harbour_down_20260501"", ""source_page"": 11, ""source_sha256"": ""7774ae4aacc1d0ccf5d07ce10f557c37fdcac0550385f7e856d6c934d97a8a78"", ""source_x_pdf_pt"": 718.95357, ""source_y_pdf_pt"": 458.905226, ""train_number"": ""99043""}",CR_THB_CODE:TNA,same_train_and_clock_in_Trans_Harbour
derived_layout_interpretation,99045,station_reference_replaces_row_alignment,"{""aligned_station_row_label"": ""Masjid"", ""printed_local_hhmm"": ""17:54"", ""source_id"": ""cr_public_harbour_down_20260501"", ""source_page"": ""12"", ""source_sha256"": ""7774ae4aacc1d0ccf5d07ce10f557c37fdcac0550385f7e856d6c934d97a8a78"", ""train_number"": ""99045""}","{""aligned_station_row_label"": ""Mumbai CSMT"", ""annotation_as_printed"": ""TNA"", ""source"": ""published_layout_annotation"", ""source_id"": ""cr_public_harbour_down_20260501"", ""source_page"": 12, ""source_sha256"": ""7774ae4aacc1d0ccf5d07ce10f557c37fdcac0550385f7e856d6c934d97a8a78"", ""source_x_pdf_pt"": 502.098106, ""source_y_pdf_pt"": 458.905226, ""train_number"": ""99045""}",CR_THB_CODE:TNA,same_train_and_clock_in_Trans_Harbour
derived_layout_interpretation,99047,station_reference_replaces_row_alignment,"{""aligned_station_row_label"": ""Masjid"", ""printed_local_hhmm"": ""18:10"", ""source_id"": ""cr_public_harbour_down_20260501"", ""source_page"": ""12"", ""source_sha256"": ""7774ae4aacc1d0ccf5d07ce10f557c37fdcac0550385f7e856d6c934d97a8a78"", ""train_number"": ""99047""}","{""aligned_station_row_label"": ""Mumbai CSMT"", ""annotation_as_printed"": ""TNA"", ""source"": ""published_layout_annotation"", ""source_id"": ""cr_public_harbour_down_20260501"", ""source_page"": 12, ""source_sha256"": ""7774ae4aacc1d0ccf5d07ce10f557c37fdcac0550385f7e856d6c934d97a8a78"", ""source_x_pdf_pt"": 646.742954, ""source_y_pdf_pt"": 458.905226, ""train_number"": ""99047""}",CR_THB_CODE:TNA,same_train_and_clock_in_Trans_Harbour
derived_layout_interpretation,99049,station_reference_replaces_row_alignment,"{""aligned_station_row_label"": ""Masjid"", ""printed_local_hhmm"": ""18:34"", ""source_id"": ""cr_public_harbour_down_20260501"", ""source_page"": ""13"", ""source_sha256"": ""7774ae4aacc1d0ccf5d07ce10f557c37fdcac0550385f7e856d6c934d97a8a78"", ""train_number"": ""99049""}","{""aligned_station_row_label"": ""Mumbai CSMT"", ""annotation_as_printed"": ""TNA"", ""source"": ""published_layout_annotation"", ""source_id"": ""cr_public_harbour_down_20260501"", ""source_page"": 13, ""source_sha256"": ""7774ae4aacc1d0ccf5d07ce10f557c37fdcac0550385f7e856d6c934d97a8a78"", ""source_x_pdf_pt"": 357.47657, ""source_y_pdf_pt"": 458.905226, ""train_number"": ""99049""}",CR_THB_CODE:TNA,same_train_and_clock_in_Trans_Harbour
derived_layout_interpretation,99051,station_reference_replaces_row_alignment,"{""aligned_station_row_label"": ""Masjid"", ""printed_local_hhmm"": ""19:14"", ""source_id"": ""cr_public_harbour_down_20260501"", ""source_page"": ""13"", ""source_sha256"": ""7774ae4aacc1d0ccf5d07ce10f557c37fdcac0550385f7e856d6c934d97a8a78"", ""train_number"": ""99051""}","{""aligned_station_row_label"": ""Mumbai CSMT"", ""annotation_as_printed"": ""TNA"", ""source"": ""published_layout_annotation"", ""source_id"": ""cr_public_harbour_down_20260501"", ""source_page"": 13, ""source_sha256"": ""7774ae4aacc1d0ccf5d07ce10f557c37fdcac0550385f7e856d6c934d97a8a78"", ""source_x_pdf_pt"": 704.581249, ""source_y_pdf_pt"": 458.905226, ""train_number"": ""99051""}",CR_THB_CODE:TNA,same_train_and_clock_in_Trans_Harbour
derived_layout_interpretation,99053,station_reference_replaces_row_alignment,"{""aligned_station_row_label"": ""Masjid"", ""printed_local_hhmm"": ""19:48"", ""source_id"": ""cr_public_harbour_down_20260501"", ""source_page"": ""14"", ""source_sha256"": ""7774ae4aacc1d0ccf5d07ce10f557c37fdcac0550385f7e856d6c934d97a8a78"", ""train_number"": ""99053""}","{""aligned_station_row_label"": ""Mumbai CSMT"", ""annotation_as_printed"": ""TNA"", ""source"": ""published_layout_annotation"", ""source_id"": ""cr_public_harbour_down_20260501"", ""source_page"": 14, ""source_sha256"": ""7774ae4aacc1d0ccf5d07ce10f557c37fdcac0550385f7e856d6c934d97a8a78"", ""source_x_pdf_pt"": 502.105648, ""source_y_pdf_pt"": 458.905226, ""train_number"": ""99053""}",CR_THB_CODE:TNA,same_train_and_clock_in_Trans_Harbour
derived_layout_interpretation,99055,station_reference_replaces_row_alignment,"{""aligned_station_row_label"": ""Masjid"", ""printed_local_hhmm"": ""19:59"", ""source_id"": ""cr_public_harbour_down_20260501"", ""source_page"": ""14"", ""source_sha256"": ""7774ae4aacc1d0ccf5d07ce10f557c37fdcac0550385f7e856d6c934d97a8a78"", ""train_number"": ""99055""}","{""aligned_station_row_label"": ""Mumbai CSMT"", ""annotation_as_printed"": ""TNA"", ""source"": ""published_layout_annotation"", ""source_id"": ""cr_public_harbour_down_20260501"", ""source_page"": 14, ""source_sha256"": ""7774ae4aacc1d0ccf5d07ce10f557c37fdcac0550385f7e856d6c934d97a8a78"", ""source_x_pdf_pt"": 617.82355, ""source_y_pdf_pt"": 458.905226, ""train_number"": ""99055""}",CR_THB_CODE:TNA,same_train_and_clock_in_Trans_Harbour
derived_layout_interpretation,99057,station_reference_replaces_row_alignment,"{""aligned_station_row_label"": ""Masjid"", ""printed_local_hhmm"": ""20:15"", ""source_id"": ""cr_public_harbour_down_20260501"", ""source_page"": ""15"", ""source_sha256"": ""7774ae4aacc1d0ccf5d07ce10f557c37fdcac0550385f7e856d6c934d97a8a78"", ""train_number"": ""99057""}","{""aligned_station_row_label"": ""Mumbai CSMT"", ""annotation_as_printed"": ""TNA"", ""source"": ""published_layout_annotation"", ""source_id"": ""cr_public_harbour_down_20260501"", ""source_page"": 15, ""source_sha256"": ""7774ae4aacc1d0ccf5d07ce10f557c37fdcac0550385f7e856d6c934d97a8a78"", ""source_x_pdf_pt"": 241.757125, ""source_y_pdf_pt"": 458.905226, ""train_number"": ""99057""}",CR_THB_CODE:TNA,same_train_and_clock_in_Trans_Harbour
derived_layout_interpretation,99059,station_reference_replaces_row_alignment,"{""aligned_station_row_label"": ""Masjid"", ""printed_local_hhmm"": ""20:50"", ""source_id"": ""cr_public_harbour_down_20260501"", ""source_page"": ""15"", ""source_sha256"": ""7774ae4aacc1d0ccf5d07ce10f557c37fdcac0550385f7e856d6c934d97a8a78"", ""train_number"": ""99059""}","{""aligned_station_row_label"": ""Mumbai CSMT"", ""annotation_as_printed"": ""TNA"", ""source"": ""published_layout_annotation"", ""source_id"": ""cr_public_harbour_down_20260501"", ""source_page"": 15, ""source_sha256"": ""7774ae4aacc1d0ccf5d07ce10f557c37fdcac0550385f7e856d6c934d97a8a78"", ""source_x_pdf_pt"": 559.940686, ""source_y_pdf_pt"": 458.905226, ""train_number"": ""99059""}",CR_THB_CODE:TNA,same_train_and_clock_in_Trans_Harbour
derived_layout_interpretation,99061,station_reference_replaces_row_alignment,"{""aligned_station_row_label"": ""Masjid"", ""printed_local_hhmm"": ""21:11"", ""source_id"": ""cr_public_harbour_down_20260501"", ""source_page"": ""16"", ""source_sha256"": ""7774ae4aacc1d0ccf5d07ce10f557c37fdcac0550385f7e856d6c934d97a8a78"", ""train_number"": ""99061""}","{""aligned_station_row_label"": ""Mumbai CSMT"", ""annotation_as_printed"": ""TNA"", ""source"": ""published_layout_annotation"", ""source_id"": ""cr_public_harbour_down_20260501"", ""source_page"": 16, ""source_sha256"": ""7774ae4aacc1d0ccf5d07ce10f557c37fdcac0550385f7e856d6c934d97a8a78"", ""source_x_pdf_pt"": 241.783009, ""source_y_pdf_pt"": 458.905226, ""train_number"": ""99061""}",CR_THB_CODE:TNA,same_train_and_clock_in_Trans_Harbour
derived_layout_interpretation,99063,station_reference_replaces_row_alignment,"{""aligned_station_row_label"": ""Masjid"", ""printed_local_hhmm"": ""21:36"", ""source_id"": ""cr_public_harbour_down_20260501"", ""source_page"": ""16"", ""source_sha256"": ""7774ae4aacc1d0ccf5d07ce10f557c37fdcac0550385f7e856d6c934d97a8a78"", ""train_number"": ""99063""}","{""aligned_station_row_label"": ""Mumbai CSMT"", ""annotation_as_printed"": ""TNA"", ""source"": ""published_layout_annotation"", ""source_id"": ""cr_public_harbour_down_20260501"", ""source_page"": 16, ""source_sha256"": ""7774ae4aacc1d0ccf5d07ce10f557c37fdcac0550385f7e856d6c934d97a8a78"", ""source_x_pdf_pt"": 444.267353, ""source_y_pdf_pt"": 458.905226, ""train_number"": ""99063""}",CR_THB_CODE:TNA,same_train_and_clock_in_Trans_Harbour
derived_layout_interpretation,99065,station_reference_replaces_row_alignment,"{""aligned_station_row_label"": ""Masjid"", ""printed_local_hhmm"": ""21:52"", ""source_id"": ""cr_public_harbour_down_20260501"", ""source_page"": ""16"", ""source_sha256"": ""7774ae4aacc1d0ccf5d07ce10f557c37fdcac0550385f7e856d6c934d97a8a78"", ""train_number"": ""99065""}","{""aligned_station_row_label"": ""Mumbai CSMT"", ""annotation_as_printed"": ""TNA"", ""source"": ""published_layout_annotation"", ""source_id"": ""cr_public_harbour_down_20260501"", ""source_page"": 16, ""source_sha256"": ""7774ae4aacc1d0ccf5d07ce10f557c37fdcac0550385f7e856d6c934d97a8a78"", ""source_x_pdf_pt"": 646.750325, ""source_y_pdf_pt"": 458.905226, ""train_number"": ""99065""}",CR_THB_CODE:TNA,same_train_and_clock_in_Trans_Harbour
derived_layout_interpretation,99067,station_reference_replaces_row_alignment,"{""aligned_station_row_label"": ""Masjid"", ""printed_local_hhmm"": ""22:15"", ""source_id"": ""cr_public_harbour_down_20260501"", ""source_page"": ""17"", ""source_sha256"": ""7774ae4aacc1d0ccf5d07ce10f557c37fdcac0550385f7e856d6c934d97a8a78"", ""train_number"": ""99067""}","{""aligned_station_row_label"": ""Mumbai CSMT"", ""annotation_as_printed"": ""TNA"", ""source"": ""published_layout_annotation"", ""source_id"": ""cr_public_harbour_down_20260501"", ""source_page"": 17, ""source_sha256"": ""7774ae4aacc1d0ccf5d07ce10f557c37fdcac0550385f7e856d6c934d97a8a78"", ""source_x_pdf_pt"": 328.54808, ""source_y_pdf_pt"": 458.905226, ""train_number"": ""99067""}",CR_THB_CODE:TNA,same_train_and_clock_in_Trans_Harbour
derived_layout_interpretation,99069,station_reference_replaces_row_alignment,"{""aligned_station_row_label"": ""Masjid"", ""printed_local_hhmm"": ""22:55"", ""source_id"": ""cr_public_harbour_down_20260501"", ""source_page"": ""17"", ""source_sha256"": ""7774ae4aacc1d0ccf5d07ce10f557c37fdcac0550385f7e856d6c934d97a8a78"", ""train_number"": ""99069""}","{""aligned_station_row_label"": ""Mumbai CSMT"", ""annotation_as_printed"": ""TNA"", ""source"": ""published_layout_annotation"", ""source_id"": ""cr_public_harbour_down_20260501"", ""source_page"": 17, ""source_sha256"": ""7774ae4aacc1d0ccf5d07ce10f557c37fdcac0550385f7e856d6c934d97a8a78"", ""source_x_pdf_pt"": 588.867633, ""source_y_pdf_pt"": 458.905226, ""train_number"": ""99069""}",CR_THB_CODE:TNA,same_train_and_clock_in_Trans_Harbour
derived_layout_interpretation,99071,station_reference_replaces_row_alignment,"{""aligned_station_row_label"": ""Masjid"", ""printed_local_hhmm"": ""23:14"", ""source_id"": ""cr_public_harbour_down_20260501"", ""source_page"": ""18"", ""source_sha256"": ""7774ae4aacc1d0ccf5d07ce10f557c37fdcac0550385f7e856d6c934d97a8a78"", ""train_number"": ""99071""}","{""aligned_station_row_label"": ""Mumbai CSMT"", ""annotation_as_printed"": ""TNA"", ""source"": ""published_layout_annotation"", ""source_id"": ""cr_public_harbour_down_20260501"", ""source_page"": 18, ""source_sha256"": ""7774ae4aacc1d0ccf5d07ce10f557c37fdcac0550385f7e856d6c934d97a8a78"", ""source_x_pdf_pt"": 241.793379, ""source_y_pdf_pt"": 458.905226, ""train_number"": ""99071""}",CR_THB_CODE:TNA,same_train_and_clock_in_Trans_Harbour
derived_layout_interpretation,99073,station_reference_replaces_row_alignment,"{""aligned_station_row_label"": ""Masjid"", ""printed_local_hhmm"": ""23:32"", ""source_id"": ""cr_public_harbour_down_20260501"", ""source_page"": ""18"", ""source_sha256"": ""7774ae4aacc1d0ccf5d07ce10f557c37fdcac0550385f7e856d6c934d97a8a78"", ""train_number"": ""99073""}","{""aligned_station_row_label"": ""Mumbai CSMT"", ""annotation_as_printed"": ""TNA"", ""source"": ""published_layout_annotation"", ""source_id"": ""cr_public_harbour_down_20260501"", ""source_page"": 18, ""source_sha256"": ""7774ae4aacc1d0ccf5d07ce10f557c37fdcac0550385f7e856d6c934d97a8a78"", ""source_x_pdf_pt"": 386.412344, ""source_y_pdf_pt"": 458.905226, ""train_number"": ""99073""}",CR_THB_CODE:TNA,same_train_and_clock_in_Trans_Harbour
derived_layout_interpretation,98901,join_branch_fragments_preserve_both_boundary_times,"{""aligned_station_row_label"": ""Vadala Road"", ""printed_local_hhmm"": ""06:58"", ""source_id"": ""cr_public_harbour_up_20260501"", ""source_page"": ""3"", ""source_sha256"": ""a06d17e7c3173e1bebe51f9601a82abef427b8ba34b171ad9e86b577269e3664"", ""train_number"": ""98901""}","[{""aligned_station_row_label"": ""Vadala Road"", ""printed_local_hhmm"": ""07:02"", ""source_id"": ""cr_public_harbour_down_20260501"", ""source_page"": ""2"", ""source_sha256"": ""7774ae4aacc1d0ccf5d07ce10f557c37fdcac0550385f7e856d6c934d97a8a78"", ""train_number"": ""98901""}]",CR_HB_LABEL:vadala road,same_train_and_service_code_PLGN1_UP_endpoint_matches_DOWN_origin
derived_layout_interpretation,98902,join_branch_fragments_preserve_both_boundary_times,"{""aligned_station_row_label"": ""Vadala Road"", ""printed_local_hhmm"": ""08:06"", ""source_id"": ""cr_public_harbour_up_20260501"", ""source_page"": ""4"", ""source_sha256"": ""a06d17e7c3173e1bebe51f9601a82abef427b8ba34b171ad9e86b577269e3664"", ""train_number"": ""98902""}","[{""aligned_station_row_label"": ""Vadala Road"", ""printed_local_hhmm"": ""08:10"", ""source_id"": ""cr_public_harbour_down_20260501"", ""source_page"": ""3"", ""source_sha256"": ""7774ae4aacc1d0ccf5d07ce10f557c37fdcac0550385f7e856d6c934d97a8a78"", ""train_number"": ""98902""}]",CR_HB_LABEL:vadala road,same_train_and_service_code_GNPL2_UP_endpoint_matches_DOWN_origin
derived_layout_interpretation,98903,join_branch_fragments_preserve_both_boundary_times,"{""aligned_station_row_label"": ""Vadala Road"", ""printed_local_hhmm"": ""07:54"", ""source_id"": ""cr_public_harbour_up_20260501"", ""source_page"": ""4"", ""source_sha256"": ""a06d17e7c3173e1bebe51f9601a82abef427b8ba34b171ad9e86b577269e3664"", ""train_number"": ""98903""}","[{""aligned_station_row_label"": ""Vadala Road"", ""printed_local_hhmm"": ""08:02"", ""source_id"": ""cr_public_harbour_down_20260501"", ""source_page"": ""3"", ""source_sha256"": ""7774ae4aacc1d0ccf5d07ce10f557c37fdcac0550385f7e856d6c934d97a8a78"", ""train_number"": ""98903""}]",CR_HB_LABEL:vadala road,same_train_and_service_code_PLGN3_UP_endpoint_matches_DOWN_origin
derived_layout_interpretation,98904,join_branch_fragments_preserve_both_boundary_times,"{""aligned_station_row_label"": ""Vadala Road"", ""printed_local_hhmm"": ""09:17"", ""source_id"": ""cr_public_harbour_up_20260501"", ""source_page"": ""5"", ""source_sha256"": ""a06d17e7c3173e1bebe51f9601a82abef427b8ba34b171ad9e86b577269e3664"", ""train_number"": ""98904""}","[{""aligned_station_row_label"": ""Vadala Road"", ""printed_local_hhmm"": ""09:20"", ""source_id"": ""cr_public_harbour_down_20260501"", ""source_page"": ""5"", ""source_sha256"": ""7774ae4aacc1d0ccf5d07ce10f557c37fdcac0550385f7e856d6c934d97a8a78"", ""train_number"": ""98904""}]",CR_HB_LABEL:vadala road,same_train_and_service_code_GNPL4_UP_endpoint_matches_DOWN_origin
derived_layout_interpretation,98905,join_branch_fragments_preserve_both_boundary_times,"{""aligned_station_row_label"": ""Vadala Road"", ""printed_local_hhmm"": ""08:40"", ""source_id"": ""cr_public_harbour_up_20260501"", ""source_page"": ""4"", ""source_sha256"": ""a06d17e7c3173e1bebe51f9601a82abef427b8ba34b171ad9e86b577269e3664"", ""train_number"": ""98905""}","[{""aligned_station_row_label"": ""Vadala Road"", ""printed_local_hhmm"": ""08:45"", ""source_id"": ""cr_public_harbour_down_20260501"", ""source_page"": ""4"", ""source_sha256"": ""7774ae4aacc1d0ccf5d07ce10f557c37fdcac0550385f7e856d6c934d97a8a78"", ""train_number"": ""98905""}]",CR_HB_LABEL:vadala road,same_train_and_service_code_PLGN5_UP_endpoint_matches_DOWN_origin
derived_layout_interpretation,98906,join_branch_fragments_preserve_both_boundary_times,"{""aligned_station_row_label"": ""Vadala Road"", ""printed_local_hhmm"": ""10:10"", ""source_id"": ""cr_public_harbour_up_20260501"", ""source_page"": ""6"", ""source_sha256"": ""a06d17e7c3173e1bebe51f9601a82abef427b8ba34b171ad9e86b577269e3664"", ""train_number"": ""98906""}","[{""aligned_station_row_label"": ""Vadala Road"", ""printed_local_hhmm"": ""10:14"", ""source_id"": ""cr_public_harbour_down_20260501"", ""source_page"": ""6"", ""source_sha256"": ""7774ae4aacc1d0ccf5d07ce10f557c37fdcac0550385f7e856d6c934d97a8a78"", ""train_number"": ""98906""}]",CR_HB_LABEL:vadala road,same_train_and_service_code_GNPL6_UP_endpoint_matches_DOWN_origin
derived_layout_interpretation,98907,join_branch_fragments_preserve_both_boundary_times,"{""aligned_station_row_label"": ""Vadala Road"", ""printed_local_hhmm"": ""11:39"", ""source_id"": ""cr_public_harbour_up_20260501"", ""source_page"": ""7"", ""source_sha256"": ""a06d17e7c3173e1bebe51f9601a82abef427b8ba34b171ad9e86b577269e3664"", ""train_number"": ""98907""}","[{""aligned_station_row_label"": ""Vadala Road"", ""printed_local_hhmm"": ""11:42"", ""source_id"": ""cr_public_harbour_down_20260501"", ""source_page"": ""7"", ""source_sha256"": ""7774ae4aacc1d0ccf5d07ce10f557c37fdcac0550385f7e856d6c934d97a8a78"", ""train_number"": ""98907""}]",CR_HB_LABEL:vadala road,same_train_and_service_code_PLGN7_UP_endpoint_matches_DOWN_origin
derived_layout_interpretation,98908,join_branch_fragments_preserve_both_boundary_times,"{""aligned_station_row_label"": ""Vadala Road"", ""printed_local_hhmm"": ""12:55"", ""source_id"": ""cr_public_harbour_up_20260501"", ""source_page"": ""9"", ""source_sha256"": ""a06d17e7c3173e1bebe51f9601a82abef427b8ba34b171ad9e86b577269e3664"", ""train_number"": ""98908""}","[{""aligned_station_row_label"": ""Vadala Road"", ""printed_local_hhmm"": ""13:01"", ""source_id"": ""cr_public_harbour_down_20260501"", ""source_page"": ""8"", ""source_sha256"": ""7774ae4aacc1d0ccf5d07ce10f557c37fdcac0550385f7e856d6c934d97a8a78"", ""train_number"": ""98908""}]",CR_HB_LABEL:vadala road,same_train_and_service_code_GNPL8_UP_endpoint_matches_DOWN_origin
derived_layout_interpretation,98909,join_branch_fragments_preserve_both_boundary_times,"{""aligned_station_row_label"": ""Vadala Road"", ""printed_local_hhmm"": ""17:36"", ""source_id"": ""cr_public_harbour_up_20260501"", ""source_page"": ""13"", ""source_sha256"": ""a06d17e7c3173e1bebe51f9601a82abef427b8ba34b171ad9e86b577269e3664"", ""train_number"": ""98909""}","[{""aligned_station_row_label"": ""Vadala Road"", ""printed_local_hhmm"": ""17:41"", ""source_id"": ""cr_public_harbour_down_20260501"", ""source_page"": ""12"", ""source_sha256"": ""7774ae4aacc1d0ccf5d07ce10f557c37fdcac0550385f7e856d6c934d97a8a78"", ""train_number"": ""98909""}]",CR_HB_LABEL:vadala road,same_train_and_service_code_PLGN9_UP_endpoint_matches_DOWN_origin
derived_layout_interpretation,98910,join_branch_fragments_preserve_both_boundary_times,"{""aligned_station_row_label"": ""Vadala Road"", ""printed_local_hhmm"": ""19:06"", ""source_id"": ""cr_public_harbour_up_20260501"", ""source_page"": ""14"", ""source_sha256"": ""a06d17e7c3173e1bebe51f9601a82abef427b8ba34b171ad9e86b577269e3664"", ""train_number"": ""98910""}","[{""aligned_station_row_label"": ""Vadala Road"", ""printed_local_hhmm"": ""19:11"", ""source_id"": ""cr_public_harbour_down_20260501"", ""source_page"": ""14"", ""source_sha256"": ""7774ae4aacc1d0ccf5d07ce10f557c37fdcac0550385f7e856d6c934d97a8a78"", ""train_number"": ""98910""}]",CR_HB_LABEL:vadala road,same_train_and_service_code_GNPL10_UP_endpoint_matches_DOWN_origin
derived_layout_interpretation,98911,join_branch_fragments_preserve_both_boundary_times,"{""aligned_station_row_label"": ""Vadala Road"", ""printed_local_hhmm"": ""18:02"", ""source_id"": ""cr_public_harbour_up_20260501"", ""source_page"": ""13"", ""source_sha256"": ""a06d17e7c3173e1bebe51f9601a82abef427b8ba34b171ad9e86b577269e3664"", ""train_number"": ""98911""}","[{""aligned_station_row_label"": ""Vadala Road"", ""printed_local_hhmm"": ""18:06"", ""source_id"": ""cr_public_harbour_down_20260501"", ""source_page"": ""13"", ""source_sha256"": ""7774ae4aacc1d0ccf5d07ce10f557c37fdcac0550385f7e856d6c934d97a8a78"", ""train_number"": ""98911""}]",CR_HB_LABEL:vadala road,same_train_and_service_code_PLGN11_UP_endpoint_matches_DOWN_origin
derived_layout_interpretation,98912,join_branch_fragments_preserve_both_boundary_times,"{""aligned_station_row_label"": ""Vadala Road"", ""printed_local_hhmm"": ""19:38"", ""source_id"": ""cr_public_harbour_up_20260501"", ""source_page"": ""15"", ""source_sha256"": ""a06d17e7c3173e1bebe51f9601a82abef427b8ba34b171ad9e86b577269e3664"", ""train_number"": ""98912""}","[{""aligned_station_row_label"": ""Vadala Road"", ""printed_local_hhmm"": ""19:43"", ""source_id"": ""cr_public_harbour_down_20260501"", ""source_page"": ""14"", ""source_sha256"": ""7774ae4aacc1d0ccf5d07ce10f557c37fdcac0550385f7e856d6c934d97a8a78"", ""train_number"": ""98912""}]",CR_HB_LABEL:vadala road,same_train_and_service_code_GNPL12_UP_endpoint_matches_DOWN_origin
derived_layout_interpretation,98913,join_branch_fragments_preserve_both_boundary_times,"{""aligned_station_row_label"": ""Vadala Road"", ""printed_local_hhmm"": ""18:32"", ""source_id"": ""cr_public_harbour_up_20260501"", ""source_page"": ""14"", ""source_sha256"": ""a06d17e7c3173e1bebe51f9601a82abef427b8ba34b171ad9e86b577269e3664"", ""train_number"": ""98913""}","[{""aligned_station_row_label"": ""Vadala Road"", ""printed_local_hhmm"": ""18:37"", ""source_id"": ""cr_public_harbour_down_20260501"", ""source_page"": ""13"", ""source_sha256"": ""7774ae4aacc1d0ccf5d07ce10f557c37fdcac0550385f7e856d6c934d97a8a78"", ""train_number"": ""98913""}]",CR_HB_LABEL:vadala road,same_train_and_service_code_PLGN13_UP_endpoint_matches_DOWN_origin
derived_layout_interpretation,98914,join_branch_fragments_preserve_both_boundary_times,"{""aligned_station_row_label"": ""Vadala Road"", ""printed_local_hhmm"": ""20:18"", ""source_id"": ""cr_public_harbour_up_20260501"", ""source_page"": ""16"", ""source_sha256"": ""a06d17e7c3173e1bebe51f9601a82abef427b8ba34b171ad9e86b577269e3664"", ""train_number"": ""98914""}","[{""aligned_station_row_label"": ""Vadala Road"", ""printed_local_hhmm"": ""20:26"", ""source_id"": ""cr_public_harbour_down_20260501"", ""source_page"": ""15"", ""source_sha256"": ""7774ae4aacc1d0ccf5d07ce10f557c37fdcac0550385f7e856d6c934d97a8a78"", ""train_number"": ""98914""}]",CR_HB_LABEL:vadala road,same_train_and_service_code_GNPL14_UP_endpoint_matches_DOWN_origin
derived_layout_interpretation,98915,join_branch_fragments_preserve_both_boundary_times,"{""aligned_station_row_label"": ""Vadala Road"", ""printed_local_hhmm"": ""19:35"", ""source_id"": ""cr_public_harbour_up_20260501"", ""source_page"": ""15"", ""source_sha256"": ""a06d17e7c3173e1bebe51f9601a82abef427b8ba34b171ad9e86b577269e3664"", ""train_number"": ""98915""}","[{""aligned_station_row_label"": ""Vadala Road"", ""printed_local_hhmm"": ""19:39"", ""source_id"": ""cr_public_harbour_down_20260501"", ""source_page"": ""14"", ""source_sha256"": ""7774ae4aacc1d0ccf5d07ce10f557c37fdcac0550385f7e856d6c934d97a8a78"", ""train_number"": ""98915""}]",CR_HB_LABEL:vadala road,same_train_and_service_code_PLGN15_UP_endpoint_matches_DOWN_origin
derived_layout_interpretation,98916,join_branch_fragments_preserve_both_boundary_times,"{""aligned_station_row_label"": ""Vadala Road"", ""printed_local_hhmm"": ""20:56"", ""source_id"": ""cr_public_harbour_up_20260501"", ""source_page"": ""16"", ""source_sha256"": ""a06d17e7c3173e1bebe51f9601a82abef427b8ba34b171ad9e86b577269e3664"", ""train_number"": ""98916""}","[{""aligned_station_row_label"": ""Vadala Road"", ""printed_local_hhmm"": ""21:03"", ""source_id"": ""cr_public_harbour_down_20260501"", ""source_page"": ""16"", ""source_sha256"": ""7774ae4aacc1d0ccf5d07ce10f557c37fdcac0550385f7e856d6c934d97a8a78"", ""train_number"": ""98916""}]",CR_HB_LABEL:vadala road,same_train_and_service_code_GNPL16_UP_endpoint_matches_DOWN_origin
derived_layout_interpretation,98917,join_branch_fragments_preserve_both_boundary_times,"{""aligned_station_row_label"": ""Vadala Road"", ""printed_local_hhmm"": ""20:36"", ""source_id"": ""cr_public_harbour_up_20260501"", ""source_page"": ""16"", ""source_sha256"": ""a06d17e7c3173e1bebe51f9601a82abef427b8ba34b171ad9e86b577269e3664"", ""train_number"": ""98917""}","[{""aligned_station_row_label"": ""Vadala Road"", ""printed_local_hhmm"": ""20:42"", ""source_id"": ""cr_public_harbour_down_20260501"", ""source_page"": ""15"", ""source_sha256"": ""7774ae4aacc1d0ccf5d07ce10f557c37fdcac0550385f7e856d6c934d97a8a78"", ""train_number"": ""98917""}]",CR_HB_LABEL:vadala road,same_train_and_service_code_PLGN17_UP_endpoint_matches_DOWN_origin
derived_layout_interpretation,98918,join_branch_fragments_preserve_both_boundary_times,"{""aligned_station_row_label"": ""Vadala Road"", ""printed_local_hhmm"": ""22:11"", ""source_id"": ""cr_public_harbour_up_20260501"", ""source_page"": ""18"", ""source_sha256"": ""a06d17e7c3173e1bebe51f9601a82abef427b8ba34b171ad9e86b577269e3664"", ""train_number"": ""98918""}","[{""aligned_station_row_label"": ""Vadala Road"", ""printed_local_hhmm"": ""22:20"", ""source_id"": ""cr_public_harbour_down_20260501"", ""source_page"": ""17"", ""source_sha256"": ""7774ae4aacc1d0ccf5d07ce10f557c37fdcac0550385f7e856d6c934d97a8a78"", ""train_number"": ""98918""}]",CR_HB_LABEL:vadala road,same_train_and_service_code_GNPL18_UP_endpoint_matches_DOWN_origin
derived_layout_interpretation,98009,quarantined_return_reference_not_added_as_stop,"{""aligned_station_row_label"": ""Reay Road"", ""printed_local_hhmm"": ""04:56"", ""source_id"": ""cr_public_harbour_ac_20260501"", ""source_page"": ""1"", ""source_sha256"": ""f8148949f167838c6c46933dbdf6a8913a9e64e45f844ec80411d6191d15fc4c"", ""train_number"": ""98009""}","[{""aligned_station_row_label"": ""Sandhurst Road"", ""annotation_as_printed"": ""R/O"", ""source"": ""published_layout_annotation"", ""source_id"": ""cr_public_harbour_ac_20260501"", ""source_page"": 1, ""source_sha256"": ""f8148949f167838c6c46933dbdf6a8913a9e64e45f844ec80411d6191d15fc4c"", ""source_x_pdf_pt"": 207.443037, ""source_y_pdf_pt"": 619.240247, ""train_number"": ""98009""}, {""aligned_station_row_label"": ""Dockyard Road"", ""annotation_as_printed"": ""VVD 2"", ""source"": ""published_layout_annotation"", ""source_id"": ""cr_public_harbour_ac_20260501"", ""source_page"": 1, ""source_sha256"": ""f8148949f167838c6c46933dbdf6a8913a9e64e45f844ec80411d6191d15fc4c"", ""source_x_pdf_pt"": 210.05808, ""source_y_pdf_pt"": 602.44024, ""train_number"": ""98009""}]",,absent_from_same_vintage_base_table_semantics_require_rake_diagram
derived_layout_interpretation,98119,quarantined_return_reference_not_added_as_stop,"{""aligned_station_row_label"": ""Reay Road"", ""printed_local_hhmm"": ""13:04"", ""source_id"": ""cr_public_harbour_ac_20260501"", ""source_page"": ""1"", ""source_sha256"": ""f8148949f167838c6c46933dbdf6a8913a9e64e45f844ec80411d6191d15fc4c"", ""train_number"": ""98119""}","[{""aligned_station_row_label"": ""Sandhurst Road"", ""annotation_as_printed"": ""R/O"", ""source"": ""published_layout_annotation"", ""source_id"": ""cr_public_harbour_ac_20260501"", ""source_page"": 1, ""source_sha256"": ""f8148949f167838c6c46933dbdf6a8913a9e64e45f844ec80411d6191d15fc4c"", ""source_x_pdf_pt"": 468.988961, ""source_y_pdf_pt"": 619.240247, ""train_number"": ""98119""}, {""aligned_station_row_label"": ""Dockyard Road"", ""annotation_as_printed"": ""PLVD24"", ""source"": ""published_layout_annotation"", ""source_id"": ""cr_public_harbour_ac_20260501"", ""source_page"": 1, ""source_sha256"": ""f8148949f167838c6c46933dbdf6a8913a9e64e45f844ec80411d6191d15fc4c"", ""source_x_pdf_pt"": 468.638624, ""source_y_pdf_pt"": 602.44024, ""train_number"": ""98119""}]",,absent_from_same_vintage_base_table_semantics_require_rake_diagram
derived_layout_interpretation,98181,quarantined_return_reference_not_added_as_stop,"{""aligned_station_row_label"": ""Reay Road"", ""printed_local_hhmm"": ""17:26"", ""source_id"": ""cr_public_harbour_ac_20260501"", ""source_page"": ""2"", ""source_sha256"": ""f8148949f167838c6c46933dbdf6a8913a9e64e45f844ec80411d6191d15fc4c"", ""train_number"": ""98181""}","[{""aligned_station_row_label"": ""Sandhurst Road"", ""annotation_as_printed"": ""R/O"", ""source"": ""published_layout_annotation"", ""source_id"": ""cr_public_harbour_ac_20260501"", ""source_page"": 2, ""source_sha256"": ""f8148949f167838c6c46933dbdf6a8913a9e64e45f844ec80411d6191d15fc4c"", ""source_x_pdf_pt"": 316.054173, ""source_y_pdf_pt"": 619.240247, ""train_number"": ""98181""}, {""aligned_station_row_label"": ""Dockyard Road"", ""annotation_as_printed"": ""VVD 14"", ""source"": ""published_layout_annotation"", ""source_id"": ""cr_public_harbour_ac_20260501"", ""source_page"": 2, ""source_sha256"": ""f8148949f167838c6c46933dbdf6a8913a9e64e45f844ec80411d6191d15fc4c"", ""source_x_pdf_pt"": 318.293155, ""source_y_pdf_pt"": 602.44024, ""train_number"": ""98181""}]",,absent_from_same_vintage_base_table_semantics_require_rake_diagram
