source,source_id,source_sha256,source_page,train_number,vehicle_marker_as_printed,calendar_marker_as_printed,formation_cars,climate_control_as_printed,excludes_saturday_by_marker,excludes_sunday_by_marker,excludes_nominated_holiday_by_marker,non_ac_substitution_days_when_running,exclusion_precedence,calendar_legend_source_id,calendar_legend_sha256,source_header_x_pdf_pt,effective_date_status,service_identity_status,operational_calendar_status
published_service_marker,cr_public_harbour_ac_20260501,f8148949f167838c6c46933dbdf6a8913a9e64e45f844ec80411d6191d15fc4c,1,98009,"AC
",X,,AC,0,1,1,Sunday;nominated_holiday,cancellation_precedes_rake_substitution,cr_public_harbour_ac_20260501,f8148949f167838c6c46933dbdf6a8913a9e64e45f844ec80411d6191d15fc4c,207.974229,retain_source_vintage_reconcile_later_amendments,supplement_overlay_not_additional_departure,holiday_dates_and_complete_calendar_not_expanded
published_service_marker,cr_public_harbour_ac_20260501,f8148949f167838c6c46933dbdf6a8913a9e64e45f844ec80411d6191d15fc4c,1,98045,"AC
",,,AC,0,0,0,Sunday;nominated_holiday,cancellation_precedes_rake_substitution,cr_public_harbour_ac_20260501,f8148949f167838c6c46933dbdf6a8913a9e64e45f844ec80411d6191d15fc4c,260.267918,retain_source_vintage_reconcile_later_amendments,supplement_overlay_not_additional_departure,holiday_dates_and_complete_calendar_not_expanded
published_service_marker,cr_public_harbour_ac_20260501,f8148949f167838c6c46933dbdf6a8913a9e64e45f844ec80411d6191d15fc4c,1,98051,"AC
",,,AC,0,0,0,Sunday;nominated_holiday,cancellation_precedes_rake_substitution,cr_public_harbour_ac_20260501,f8148949f167838c6c46933dbdf6a8913a9e64e45f844ec80411d6191d15fc4c,312.561607,retain_source_vintage_reconcile_later_amendments,supplement_overlay_not_additional_departure,holiday_dates_and_complete_calendar_not_expanded
published_service_marker,cr_public_harbour_ac_20260501,f8148949f167838c6c46933dbdf6a8913a9e64e45f844ec80411d6191d15fc4c,1,98083,"AC
",,,AC,0,0,0,Sunday;nominated_holiday,cancellation_precedes_rake_substitution,cr_public_harbour_ac_20260501,f8148949f167838c6c46933dbdf6a8913a9e64e45f844ec80411d6191d15fc4c,364.855296,retain_source_vintage_reconcile_later_amendments,supplement_overlay_not_additional_departure,holiday_dates_and_complete_calendar_not_expanded
published_service_marker,cr_public_harbour_ac_20260501,f8148949f167838c6c46933dbdf6a8913a9e64e45f844ec80411d6191d15fc4c,1,98089,"AC
",,,AC,0,0,0,Sunday;nominated_holiday,cancellation_precedes_rake_substitution,cr_public_harbour_ac_20260501,f8148949f167838c6c46933dbdf6a8913a9e64e45f844ec80411d6191d15fc4c,417.148986,retain_source_vintage_reconcile_later_amendments,supplement_overlay_not_additional_departure,holiday_dates_and_complete_calendar_not_expanded
published_service_marker,cr_public_harbour_ac_20260501,f8148949f167838c6c46933dbdf6a8913a9e64e45f844ec80411d6191d15fc4c,1,98119,"AC
",,,AC,0,0,0,Sunday;nominated_holiday,cancellation_precedes_rake_substitution,cr_public_harbour_ac_20260501,f8148949f167838c6c46933dbdf6a8913a9e64e45f844ec80411d6191d15fc4c,469.521229,retain_source_vintage_reconcile_later_amendments,supplement_overlay_not_additional_departure,holiday_dates_and_complete_calendar_not_expanded
published_service_marker,cr_public_harbour_ac_20260501,f8148949f167838c6c46933dbdf6a8913a9e64e45f844ec80411d6191d15fc4c,1,98339,"AC
",,,AC,0,0,0,Sunday;nominated_holiday,cancellation_precedes_rake_substitution,cr_public_harbour_ac_20260501,f8148949f167838c6c46933dbdf6a8913a9e64e45f844ec80411d6191d15fc4c,521.783281,retain_source_vintage_reconcile_later_amendments,supplement_overlay_not_additional_departure,holiday_dates_and_complete_calendar_not_expanded
published_service_marker,cr_public_harbour_ac_20260501,f8148949f167838c6c46933dbdf6a8913a9e64e45f844ec80411d6191d15fc4c,2,98157,"AC 
",,,AC,0,0,0,Sunday;nominated_holiday,cancellation_precedes_rake_substitution,cr_public_harbour_ac_20260501,f8148949f167838c6c46933dbdf6a8913a9e64e45f844ec80411d6191d15fc4c,211.934216,retain_source_vintage_reconcile_later_amendments,supplement_overlay_not_additional_departure,holiday_dates_and_complete_calendar_not_expanded
published_service_marker,cr_public_harbour_ac_20260501,f8148949f167838c6c46933dbdf6a8913a9e64e45f844ec80411d6191d15fc4c,2,98181,"AC 
",,,AC,0,0,0,Sunday;nominated_holiday,cancellation_precedes_rake_substitution,cr_public_harbour_ac_20260501,f8148949f167838c6c46933dbdf6a8913a9e64e45f844ec80411d6191d15fc4c,316.521595,retain_source_vintage_reconcile_later_amendments,supplement_overlay_not_additional_departure,holiday_dates_and_complete_calendar_not_expanded
published_service_marker,cr_public_harbour_ac_20260501,f8148949f167838c6c46933dbdf6a8913a9e64e45f844ec80411d6191d15fc4c,2,98201,"AC 
",,,AC,0,0,0,Sunday;nominated_holiday,cancellation_precedes_rake_substitution,cr_public_harbour_ac_20260501,f8148949f167838c6c46933dbdf6a8913a9e64e45f844ec80411d6191d15fc4c,368.815284,retain_source_vintage_reconcile_later_amendments,supplement_overlay_not_additional_departure,holiday_dates_and_complete_calendar_not_expanded
published_service_marker,cr_public_harbour_ac_20260501,f8148949f167838c6c46933dbdf6a8913a9e64e45f844ec80411d6191d15fc4c,2,98221,"AC 
",,,AC,0,0,0,Sunday;nominated_holiday,cancellation_precedes_rake_substitution,cr_public_harbour_ac_20260501,f8148949f167838c6c46933dbdf6a8913a9e64e45f844ec80411d6191d15fc4c,421.108973,retain_source_vintage_reconcile_later_amendments,supplement_overlay_not_additional_departure,holiday_dates_and_complete_calendar_not_expanded
published_service_marker,cr_public_harbour_ac_20260501,f8148949f167838c6c46933dbdf6a8913a9e64e45f844ec80411d6191d15fc4c,2,98239,"AC 
",,,AC,0,0,0,Sunday;nominated_holiday,cancellation_precedes_rake_substitution,cr_public_harbour_ac_20260501,f8148949f167838c6c46933dbdf6a8913a9e64e45f844ec80411d6191d15fc4c,473.481216,retain_source_vintage_reconcile_later_amendments,supplement_overlay_not_additional_departure,holiday_dates_and_complete_calendar_not_expanded
published_service_marker,cr_public_harbour_ac_20260501,f8148949f167838c6c46933dbdf6a8913a9e64e45f844ec80411d6191d15fc4c,2,98533,"AC 
",,,AC,0,0,0,Sunday;nominated_holiday,cancellation_precedes_rake_substitution,cr_public_harbour_ac_20260501,f8148949f167838c6c46933dbdf6a8913a9e64e45f844ec80411d6191d15fc4c,264.227905,retain_source_vintage_reconcile_later_amendments,supplement_overlay_not_additional_departure,holiday_dates_and_complete_calendar_not_expanded
published_service_marker,cr_public_harbour_ac_20260501,f8148949f167838c6c46933dbdf6a8913a9e64e45f844ec80411d6191d15fc4c,2,98573,"AC 
",,,AC,0,0,0,Sunday;nominated_holiday,cancellation_precedes_rake_substitution,cr_public_harbour_ac_20260501,f8148949f167838c6c46933dbdf6a8913a9e64e45f844ec80411d6191d15fc4c,525.743268,retain_source_vintage_reconcile_later_amendments,supplement_overlay_not_additional_departure,holiday_dates_and_complete_calendar_not_expanded
published_service_marker,cr_public_harbour_ac_20260501,f8148949f167838c6c46933dbdf6a8913a9e64e45f844ec80411d6191d15fc4c,3,98020,"AC
",X,,AC,0,1,1,Sunday;nominated_holiday,cancellation_precedes_rake_substitution,cr_public_harbour_ac_20260501,f8148949f167838c6c46933dbdf6a8913a9e64e45f844ec80411d6191d15fc4c,313.041607,retain_source_vintage_reconcile_later_amendments,supplement_overlay_not_additional_departure,holiday_dates_and_complete_calendar_not_expanded
published_service_marker,cr_public_harbour_ac_20260501,f8148949f167838c6c46933dbdf6a8913a9e64e45f844ec80411d6191d15fc4c,3,98052,"AC
",,,AC,0,0,0,Sunday;nominated_holiday,cancellation_precedes_rake_substitution,cr_public_harbour_ac_20260501,f8148949f167838c6c46933dbdf6a8913a9e64e45f844ec80411d6191d15fc4c,365.335296,retain_source_vintage_reconcile_later_amendments,supplement_overlay_not_additional_departure,holiday_dates_and_complete_calendar_not_expanded
published_service_marker,cr_public_harbour_ac_20260501,f8148949f167838c6c46933dbdf6a8913a9e64e45f844ec80411d6191d15fc4c,3,98058,"AC
",,,AC,0,0,0,Sunday;nominated_holiday,cancellation_precedes_rake_substitution,cr_public_harbour_ac_20260501,f8148949f167838c6c46933dbdf6a8913a9e64e45f844ec80411d6191d15fc4c,417.628985,retain_source_vintage_reconcile_later_amendments,supplement_overlay_not_additional_departure,holiday_dates_and_complete_calendar_not_expanded
published_service_marker,cr_public_harbour_ac_20260501,f8148949f167838c6c46933dbdf6a8913a9e64e45f844ec80411d6191d15fc4c,3,98092,"AC
",,,AC,0,0,0,Sunday;nominated_holiday,cancellation_precedes_rake_substitution,cr_public_harbour_ac_20260501,f8148949f167838c6c46933dbdf6a8913a9e64e45f844ec80411d6191d15fc4c,470.001228,retain_source_vintage_reconcile_later_amendments,supplement_overlay_not_additional_departure,holiday_dates_and_complete_calendar_not_expanded
published_service_marker,cr_public_harbour_ac_20260501,f8148949f167838c6c46933dbdf6a8913a9e64e45f844ec80411d6191d15fc4c,3,98096,"AC
",,,AC,0,0,0,Sunday;nominated_holiday,cancellation_precedes_rake_substitution,cr_public_harbour_ac_20260501,f8148949f167838c6c46933dbdf6a8913a9e64e45f844ec80411d6191d15fc4c,522.26328,retain_source_vintage_reconcile_later_amendments,supplement_overlay_not_additional_departure,holiday_dates_and_complete_calendar_not_expanded
published_service_marker,cr_public_harbour_ac_20260501,f8148949f167838c6c46933dbdf6a8913a9e64e45f844ec80411d6191d15fc4c,3,98506,"AC
",X,,AC,0,1,1,Sunday;nominated_holiday,cancellation_precedes_rake_substitution,cr_public_harbour_ac_20260501,f8148949f167838c6c46933dbdf6a8913a9e64e45f844ec80411d6191d15fc4c,208.454228,retain_source_vintage_reconcile_later_amendments,supplement_overlay_not_additional_departure,holiday_dates_and_complete_calendar_not_expanded
published_service_marker,cr_public_harbour_ac_20260501,f8148949f167838c6c46933dbdf6a8913a9e64e45f844ec80411d6191d15fc4c,3,98520,"AC
",,,AC,0,0,0,Sunday;nominated_holiday,cancellation_precedes_rake_substitution,cr_public_harbour_ac_20260501,f8148949f167838c6c46933dbdf6a8913a9e64e45f844ec80411d6191d15fc4c,260.747917,retain_source_vintage_reconcile_later_amendments,supplement_overlay_not_additional_departure,holiday_dates_and_complete_calendar_not_expanded
published_service_marker,cr_public_harbour_ac_20260501,f8148949f167838c6c46933dbdf6a8913a9e64e45f844ec80411d6191d15fc4c,4,98128,"AC 
",,,AC,0,0,0,Sunday;nominated_holiday,cancellation_precedes_rake_substitution,cr_public_harbour_ac_20260501,f8148949f167838c6c46933dbdf6a8913a9e64e45f844ec80411d6191d15fc4c,263.86792,retain_source_vintage_reconcile_later_amendments,supplement_overlay_not_additional_departure,holiday_dates_and_complete_calendar_not_expanded
published_service_marker,cr_public_harbour_ac_20260501,f8148949f167838c6c46933dbdf6a8913a9e64e45f844ec80411d6191d15fc4c,4,98166,"AC 
",,,AC,0,0,0,Sunday;nominated_holiday,cancellation_precedes_rake_substitution,cr_public_harbour_ac_20260501,f8148949f167838c6c46933dbdf6a8913a9e64e45f844ec80411d6191d15fc4c,368.455299,retain_source_vintage_reconcile_later_amendments,supplement_overlay_not_additional_departure,holiday_dates_and_complete_calendar_not_expanded
published_service_marker,cr_public_harbour_ac_20260501,f8148949f167838c6c46933dbdf6a8913a9e64e45f844ec80411d6191d15fc4c,4,98184,"AC 
",,,AC,0,0,0,Sunday;nominated_holiday,cancellation_precedes_rake_substitution,cr_public_harbour_ac_20260501,f8148949f167838c6c46933dbdf6a8913a9e64e45f844ec80411d6191d15fc4c,420.748988,retain_source_vintage_reconcile_later_amendments,supplement_overlay_not_additional_departure,holiday_dates_and_complete_calendar_not_expanded
published_service_marker,cr_public_harbour_ac_20260501,f8148949f167838c6c46933dbdf6a8913a9e64e45f844ec80411d6191d15fc4c,4,98204,"AC 
",,,AC,0,0,0,Sunday;nominated_holiday,cancellation_precedes_rake_substitution,cr_public_harbour_ac_20260501,f8148949f167838c6c46933dbdf6a8913a9e64e45f844ec80411d6191d15fc4c,473.121231,retain_source_vintage_reconcile_later_amendments,supplement_overlay_not_additional_departure,holiday_dates_and_complete_calendar_not_expanded
published_service_marker,cr_public_harbour_ac_20260501,f8148949f167838c6c46933dbdf6a8913a9e64e45f844ec80411d6191d15fc4c,4,98242,"AC 
",,,AC,0,0,0,Sunday;nominated_holiday,cancellation_precedes_rake_substitution,cr_public_harbour_ac_20260501,f8148949f167838c6c46933dbdf6a8913a9e64e45f844ec80411d6191d15fc4c,525.383283,retain_source_vintage_reconcile_later_amendments,supplement_overlay_not_additional_departure,holiday_dates_and_complete_calendar_not_expanded
published_service_marker,cr_public_harbour_ac_20260501,f8148949f167838c6c46933dbdf6a8913a9e64e45f844ec80411d6191d15fc4c,4,98356,"AC 
",,,AC,0,0,0,Sunday;nominated_holiday,cancellation_precedes_rake_substitution,cr_public_harbour_ac_20260501,f8148949f167838c6c46933dbdf6a8913a9e64e45f844ec80411d6191d15fc4c,211.574231,retain_source_vintage_reconcile_later_amendments,supplement_overlay_not_additional_departure,holiday_dates_and_complete_calendar_not_expanded
published_service_marker,cr_public_harbour_ac_20260501,f8148949f167838c6c46933dbdf6a8913a9e64e45f844ec80411d6191d15fc4c,4,98558,"AC 
",,,AC,0,0,0,Sunday;nominated_holiday,cancellation_precedes_rake_substitution,cr_public_harbour_ac_20260501,f8148949f167838c6c46933dbdf6a8913a9e64e45f844ec80411d6191d15fc4c,316.16161,retain_source_vintage_reconcile_later_amendments,supplement_overlay_not_additional_departure,holiday_dates_and_complete_calendar_not_expanded
published_service_marker,cr_public_main_15_car_20260815,15e93c4a214063a0e95275a91b43db78d8ff1beb316b109ffaffbcd1d48cd81c,1,95003,15 C,,15,not_stated_by_marker,0,0,0,,cancellation_precedes_rake_substitution,cr_public_abbreviations,61186b0db2c445c8b5e068efbcd2287b8df827934f97e3dd9245934e50772d9d,186.815555,retain_source_vintage_reconcile_later_amendments,supplement_overlay_not_additional_departure,holiday_dates_and_complete_calendar_not_expanded
published_service_marker,cr_public_main_15_car_20260815,15e93c4a214063a0e95275a91b43db78d8ff1beb316b109ffaffbcd1d48cd81c,1,95017,15 C,,15,not_stated_by_marker,0,0,0,,cancellation_precedes_rake_substitution,cr_public_abbreviations,61186b0db2c445c8b5e068efbcd2287b8df827934f97e3dd9245934e50772d9d,691.216052,retain_source_vintage_reconcile_later_amendments,supplement_overlay_not_additional_departure,holiday_dates_and_complete_calendar_not_expanded
published_service_marker,cr_public_main_15_car_20260815,15e93c4a214063a0e95275a91b43db78d8ff1beb316b109ffaffbcd1d48cd81c,1,95113,15 C,,15,not_stated_by_marker,0,0,0,,cancellation_precedes_rake_substitution,cr_public_abbreviations,61186b0db2c445c8b5e068efbcd2287b8df827934f97e3dd9245934e50772d9d,301.391157,retain_source_vintage_reconcile_later_amendments,supplement_overlay_not_additional_departure,holiday_dates_and_complete_calendar_not_expanded
published_service_marker,cr_public_main_15_car_20260815,15e93c4a214063a0e95275a91b43db78d8ff1beb316b109ffaffbcd1d48cd81c,1,95123,15 C,,15,not_stated_by_marker,0,0,0,,cancellation_precedes_rake_substitution,cr_public_abbreviations,61186b0db2c445c8b5e068efbcd2287b8df827934f97e3dd9245934e50772d9d,461.825597,retain_source_vintage_reconcile_later_amendments,supplement_overlay_not_additional_departure,holiday_dates_and_complete_calendar_not_expanded
published_service_marker,cr_public_main_15_car_20260815,15e93c4a214063a0e95275a91b43db78d8ff1beb316b109ffaffbcd1d48cd81c,1,95129,15 C,,15,not_stated_by_marker,0,0,0,,cancellation_precedes_rake_substitution,cr_public_abbreviations,61186b0db2c445c8b5e068efbcd2287b8df827934f97e3dd9245934e50772d9d,576.509914,retain_source_vintage_reconcile_later_amendments,supplement_overlay_not_additional_departure,holiday_dates_and_complete_calendar_not_expanded
published_service_marker,cr_public_main_15_car_20260815,15e93c4a214063a0e95275a91b43db78d8ff1beb316b109ffaffbcd1d48cd81c,1,95133,15 C,,15,not_stated_by_marker,0,0,0,,cancellation_precedes_rake_substitution,cr_public_abbreviations,61186b0db2c445c8b5e068efbcd2287b8df827934f97e3dd9245934e50772d9d,645.310668,retain_source_vintage_reconcile_later_amendments,supplement_overlay_not_additional_departure,holiday_dates_and_complete_calendar_not_expanded
published_service_marker,cr_public_main_15_car_20260815,15e93c4a214063a0e95275a91b43db78d8ff1beb316b109ffaffbcd1d48cd81c,1,95231,15 C,,15,not_stated_by_marker,0,0,0,,cancellation_precedes_rake_substitution,cr_public_abbreviations,61186b0db2c445c8b5e068efbcd2287b8df827934f97e3dd9245934e50772d9d,484.775553,retain_source_vintage_reconcile_later_amendments,supplement_overlay_not_additional_departure,holiday_dates_and_complete_calendar_not_expanded
published_service_marker,cr_public_main_15_car_20260815,15e93c4a214063a0e95275a91b43db78d8ff1beb316b109ffaffbcd1d48cd81c,1,95235,15 C,,15,not_stated_by_marker,0,0,0,,cancellation_precedes_rake_substitution,cr_public_abbreviations,61186b0db2c445c8b5e068efbcd2287b8df827934f97e3dd9245934e50772d9d,530.626351,retain_source_vintage_reconcile_later_amendments,supplement_overlay_not_additional_departure,holiday_dates_and_complete_calendar_not_expanded
published_service_marker,cr_public_main_15_car_20260815,15e93c4a214063a0e95275a91b43db78d8ff1beb316b109ffaffbcd1d48cd81c,1,95305,15 C,,15,not_stated_by_marker,0,0,0,,cancellation_precedes_rake_substitution,cr_public_abbreviations,61186b0db2c445c8b5e068efbcd2287b8df827934f97e3dd9245934e50772d9d,232.666352,retain_source_vintage_reconcile_later_amendments,supplement_overlay_not_additional_departure,holiday_dates_and_complete_calendar_not_expanded
published_service_marker,cr_public_main_15_car_20260815,15e93c4a214063a0e95275a91b43db78d8ff1beb316b109ffaffbcd1d48cd81c,1,95331,15 C,,15,not_stated_by_marker,0,0,0,,cancellation_precedes_rake_substitution,cr_public_abbreviations,61186b0db2c445c8b5e068efbcd2287b8df827934f97e3dd9245934e50772d9d,622.431646,retain_source_vintage_reconcile_later_amendments,supplement_overlay_not_additional_departure,holiday_dates_and_complete_calendar_not_expanded
published_service_marker,cr_public_main_15_car_20260815,15e93c4a214063a0e95275a91b43db78d8ff1beb316b109ffaffbcd1d48cd81c,1,95335,15 C,,15,not_stated_by_marker,0,0,0,,cancellation_precedes_rake_substitution,cr_public_abbreviations,61186b0db2c445c8b5e068efbcd2287b8df827934f97e3dd9245934e50772d9d,714.144187,retain_source_vintage_reconcile_later_amendments,supplement_overlay_not_additional_departure,holiday_dates_and_complete_calendar_not_expanded
published_service_marker,cr_public_main_15_car_20260815,15e93c4a214063a0e95275a91b43db78d8ff1beb316b109ffaffbcd1d48cd81c,1,95337,15 C,,15,not_stated_by_marker,0,0,0,,cancellation_precedes_rake_substitution,cr_public_abbreviations,61186b0db2c445c8b5e068efbcd2287b8df827934f97e3dd9245934e50772d9d,118.031149,retain_source_vintage_reconcile_later_amendments,supplement_overlay_not_additional_departure,holiday_dates_and_complete_calendar_not_expanded
published_service_marker,cr_public_main_15_car_20260815,15e93c4a214063a0e95275a91b43db78d8ff1beb316b109ffaffbcd1d48cd81c,1,95703,15 C,X,15,not_stated_by_marker,0,1,1,,cancellation_precedes_rake_substitution,cr_public_abbreviations,61186b0db2c445c8b5e068efbcd2287b8df827934f97e3dd9245934e50772d9d,140.959284,retain_source_vintage_reconcile_later_amendments,supplement_overlay_not_additional_departure,holiday_dates_and_complete_calendar_not_expanded
published_service_marker,cr_public_main_15_car_20260815,15e93c4a214063a0e95275a91b43db78d8ff1beb316b109ffaffbcd1d48cd81c,1,95705,15 C,X,15,not_stated_by_marker,0,1,1,,cancellation_precedes_rake_substitution,cr_public_abbreviations,61186b0db2c445c8b5e068efbcd2287b8df827934f97e3dd9245934e50772d9d,163.865599,retain_source_vintage_reconcile_later_amendments,supplement_overlay_not_additional_departure,holiday_dates_and_complete_calendar_not_expanded
published_service_marker,cr_public_main_15_car_20260815,15e93c4a214063a0e95275a91b43db78d8ff1beb316b109ffaffbcd1d48cd81c,1,95709,15 C,X,15,not_stated_by_marker,0,1,1,,cancellation_precedes_rake_substitution,cr_public_abbreviations,61186b0db2c445c8b5e068efbcd2287b8df827934f97e3dd9245934e50772d9d,209.787331,retain_source_vintage_reconcile_later_amendments,supplement_overlay_not_additional_departure,holiday_dates_and_complete_calendar_not_expanded
published_service_marker,cr_public_main_15_car_20260815,15e93c4a214063a0e95275a91b43db78d8ff1beb316b109ffaffbcd1d48cd81c,1,95715,15 C,X,15,not_stated_by_marker,0,1,1,,cancellation_precedes_rake_substitution,cr_public_abbreviations,61186b0db2c445c8b5e068efbcd2287b8df827934f97e3dd9245934e50772d9d,324.319293,retain_source_vintage_reconcile_later_amendments,supplement_overlay_not_additional_departure,holiday_dates_and_complete_calendar_not_expanded
published_service_marker,cr_public_main_15_car_20260815,15e93c4a214063a0e95275a91b43db78d8ff1beb316b109ffaffbcd1d48cd81c,1,95717,15 C,,15,not_stated_by_marker,0,0,0,,cancellation_precedes_rake_substitution,cr_public_abbreviations,61186b0db2c445c8b5e068efbcd2287b8df827934f97e3dd9245934e50772d9d,415.991148,retain_source_vintage_reconcile_later_amendments,supplement_overlay_not_additional_departure,holiday_dates_and_complete_calendar_not_expanded
published_service_marker,cr_public_main_15_car_20260815,15e93c4a214063a0e95275a91b43db78d8ff1beb316b109ffaffbcd1d48cd81c,1,95719,15 C,X,15,not_stated_by_marker,0,1,1,,cancellation_precedes_rake_substitution,cr_public_abbreviations,61186b0db2c445c8b5e068efbcd2287b8df827934f97e3dd9245934e50772d9d,438.919283,retain_source_vintage_reconcile_later_amendments,supplement_overlay_not_additional_departure,holiday_dates_and_complete_calendar_not_expanded
published_service_marker,cr_public_main_15_car_20260815,15e93c4a214063a0e95275a91b43db78d8ff1beb316b109ffaffbcd1d48cd81c,1,95721,15 C,X,15,not_stated_by_marker,0,1,1,,cancellation_precedes_rake_substitution,cr_public_abbreviations,61186b0db2c445c8b5e068efbcd2287b8df827934f97e3dd9245934e50772d9d,507.747329,retain_source_vintage_reconcile_later_amendments,supplement_overlay_not_additional_departure,holiday_dates_and_complete_calendar_not_expanded
published_service_marker,cr_public_main_15_car_20260815,15e93c4a214063a0e95275a91b43db78d8ff1beb316b109ffaffbcd1d48cd81c,1,95725,15 C,X,15,not_stated_by_marker,0,1,1,,cancellation_precedes_rake_substitution,cr_public_abbreviations,61186b0db2c445c8b5e068efbcd2287b8df827934f97e3dd9245934e50772d9d,553.6036,retain_source_vintage_reconcile_later_amendments,supplement_overlay_not_additional_departure,holiday_dates_and_complete_calendar_not_expanded
published_service_marker,cr_public_main_15_car_20260815,15e93c4a214063a0e95275a91b43db78d8ff1beb316b109ffaffbcd1d48cd81c,1,95739,15 C,X,15,not_stated_by_marker,0,1,1,,cancellation_precedes_rake_substitution,cr_public_abbreviations,61186b0db2c445c8b5e068efbcd2287b8df827934f97e3dd9245934e50772d9d,599.45987,retain_source_vintage_reconcile_later_amendments,supplement_overlay_not_additional_departure,holiday_dates_and_complete_calendar_not_expanded
published_service_marker,cr_public_main_15_car_20260815,15e93c4a214063a0e95275a91b43db78d8ff1beb316b109ffaffbcd1d48cd81c,1,95743,15 C,X,15,not_stated_by_marker,0,1,1,,cancellation_precedes_rake_substitution,cr_public_abbreviations,61186b0db2c445c8b5e068efbcd2287b8df827934f97e3dd9245934e50772d9d,668.309737,retain_source_vintage_reconcile_later_amendments,supplement_overlay_not_additional_departure,holiday_dates_and_complete_calendar_not_expanded
published_service_marker,cr_public_main_15_car_20260815,15e93c4a214063a0e95275a91b43db78d8ff1beb316b109ffaffbcd1d48cd81c,1,95801,15 C,XX,15,not_stated_by_marker,1,1,1,,cancellation_precedes_rake_substitution,cr_public_abbreviations,61186b0db2c445c8b5e068efbcd2287b8df827934f97e3dd9245934e50772d9d,347.225607,retain_source_vintage_reconcile_later_amendments,supplement_overlay_not_additional_departure,holiday_dates_and_complete_calendar_not_expanded
published_service_marker,cr_public_main_15_car_20260815,15e93c4a214063a0e95275a91b43db78d8ff1beb316b109ffaffbcd1d48cd81c,1,95907,15 C,X,15,not_stated_by_marker,0,1,1,,cancellation_precedes_rake_substitution,cr_public_abbreviations,61186b0db2c445c8b5e068efbcd2287b8df827934f97e3dd9245934e50772d9d,255.643601,retain_source_vintage_reconcile_later_amendments,supplement_overlay_not_additional_departure,holiday_dates_and_complete_calendar_not_expanded
published_service_marker,cr_public_main_15_car_20260815,15e93c4a214063a0e95275a91b43db78d8ff1beb316b109ffaffbcd1d48cd81c,1,96005,15 C,,15,not_stated_by_marker,0,0,0,,cancellation_precedes_rake_substitution,cr_public_abbreviations,61186b0db2c445c8b5e068efbcd2287b8df827934f97e3dd9245934e50772d9d,278.471136,retain_source_vintage_reconcile_later_amendments,supplement_overlay_not_additional_departure,holiday_dates_and_complete_calendar_not_expanded
published_service_marker,cr_public_main_15_car_20260815,15e93c4a214063a0e95275a91b43db78d8ff1beb316b109ffaffbcd1d48cd81c,1,96007,15 C,,15,not_stated_by_marker,0,0,0,,cancellation_precedes_rake_substitution,cr_public_abbreviations,61186b0db2c445c8b5e068efbcd2287b8df827934f97e3dd9245934e50772d9d,370.151151,retain_source_vintage_reconcile_later_amendments,supplement_overlay_not_additional_departure,holiday_dates_and_complete_calendar_not_expanded
published_service_marker,cr_public_main_15_car_20260815,15e93c4a214063a0e95275a91b43db78d8ff1beb316b109ffaffbcd1d48cd81c,1,96009,15 C,,15,not_stated_by_marker,0,0,0,,cancellation_precedes_rake_substitution,cr_public_abbreviations,61186b0db2c445c8b5e068efbcd2287b8df827934f97e3dd9245934e50772d9d,393.079287,retain_source_vintage_reconcile_later_amendments,supplement_overlay_not_additional_departure,holiday_dates_and_complete_calendar_not_expanded
published_service_marker,cr_public_main_15_car_20260815,15e93c4a214063a0e95275a91b43db78d8ff1beb316b109ffaffbcd1d48cd81c,2,95002,15 C,,15,not_stated_by_marker,0,0,0,,cancellation_precedes_rake_substitution,cr_public_abbreviations,61186b0db2c445c8b5e068efbcd2287b8df827934f97e3dd9245934e50772d9d,125.647704,retain_source_vintage_reconcile_later_amendments,supplement_overlay_not_additional_departure,holiday_dates_and_complete_calendar_not_expanded
published_service_marker,cr_public_main_15_car_20260815,15e93c4a214063a0e95275a91b43db78d8ff1beb316b109ffaffbcd1d48cd81c,2,95008,15 C,,15,not_stated_by_marker,0,0,0,,cancellation_precedes_rake_substitution,cr_public_abbreviations,61186b0db2c445c8b5e068efbcd2287b8df827934f97e3dd9245934e50772d9d,483.892831,retain_source_vintage_reconcile_later_amendments,supplement_overlay_not_additional_departure,holiday_dates_and_complete_calendar_not_expanded
published_service_marker,cr_public_main_15_car_20260815,15e93c4a214063a0e95275a91b43db78d8ff1beb316b109ffaffbcd1d48cd81c,2,95124,15 C,,15,not_stated_by_marker,0,0,0,,cancellation_precedes_rake_substitution,cr_public_abbreviations,61186b0db2c445c8b5e068efbcd2287b8df827934f97e3dd9245934e50772d9d,388.330981,retain_source_vintage_reconcile_later_amendments,supplement_overlay_not_additional_departure,holiday_dates_and_complete_calendar_not_expanded
published_service_marker,cr_public_main_15_car_20260815,15e93c4a214063a0e95275a91b43db78d8ff1beb316b109ffaffbcd1d48cd81c,2,95134,15 C,,15,not_stated_by_marker,0,0,0,,cancellation_precedes_rake_substitution,cr_public_abbreviations,61186b0db2c445c8b5e068efbcd2287b8df827934f97e3dd9245934e50772d9d,579.38014,retain_source_vintage_reconcile_later_amendments,supplement_overlay_not_additional_departure,holiday_dates_and_complete_calendar_not_expanded
published_service_marker,cr_public_main_15_car_20260815,15e93c4a214063a0e95275a91b43db78d8ff1beb316b109ffaffbcd1d48cd81c,2,95142,15 C,,15,not_stated_by_marker,0,0,0,,cancellation_precedes_rake_substitution,cr_public_abbreviations,61186b0db2c445c8b5e068efbcd2287b8df827934f97e3dd9245934e50772d9d,674.941991,retain_source_vintage_reconcile_later_amendments,supplement_overlay_not_additional_departure,holiday_dates_and_complete_calendar_not_expanded
published_service_marker,cr_public_main_15_car_20260815,15e93c4a214063a0e95275a91b43db78d8ff1beb316b109ffaffbcd1d48cd81c,2,95146,15 C,,15,not_stated_by_marker,0,0,0,,cancellation_precedes_rake_substitution,cr_public_abbreviations,61186b0db2c445c8b5e068efbcd2287b8df827934f97e3dd9245934e50772d9d,698.795183,retain_source_vintage_reconcile_later_amendments,supplement_overlay_not_additional_departure,holiday_dates_and_complete_calendar_not_expanded
published_service_marker,cr_public_main_15_car_20260815,15e93c4a214063a0e95275a91b43db78d8ff1beb316b109ffaffbcd1d48cd81c,2,95230,15 C,,15,not_stated_by_marker,0,0,0,,cancellation_precedes_rake_substitution,cr_public_abbreviations,61186b0db2c445c8b5e068efbcd2287b8df827934f97e3dd9245934e50772d9d,531.599215,retain_source_vintage_reconcile_later_amendments,supplement_overlay_not_additional_departure,holiday_dates_and_complete_calendar_not_expanded
published_service_marker,cr_public_main_15_car_20260815,15e93c4a214063a0e95275a91b43db78d8ff1beb316b109ffaffbcd1d48cd81c,2,95236,15 C,,15,not_stated_by_marker,0,0,0,,cancellation_precedes_rake_substitution,cr_public_abbreviations,61186b0db2c445c8b5e068efbcd2287b8df827934f97e3dd9245934e50772d9d,603.270603,retain_source_vintage_reconcile_later_amendments,supplement_overlay_not_additional_departure,holiday_dates_and_complete_calendar_not_expanded
published_service_marker,cr_public_main_15_car_20260815,15e93c4a214063a0e95275a91b43db78d8ff1beb316b109ffaffbcd1d48cd81c,2,95306,15 C,,15,not_stated_by_marker,0,0,0,,cancellation_precedes_rake_substitution,cr_public_abbreviations,61186b0db2c445c8b5e068efbcd2287b8df827934f97e3dd9245934e50772d9d,173.428629,retain_source_vintage_reconcile_later_amendments,supplement_overlay_not_additional_departure,holiday_dates_and_complete_calendar_not_expanded
published_service_marker,cr_public_main_15_car_20260815,15e93c4a214063a0e95275a91b43db78d8ff1beb316b109ffaffbcd1d48cd81c,2,95310,15 C,,15,not_stated_by_marker,0,0,0,,cancellation_precedes_rake_substitution,cr_public_abbreviations,61186b0db2c445c8b5e068efbcd2287b8df827934f97e3dd9245934e50772d9d,221.209554,retain_source_vintage_reconcile_later_amendments,supplement_overlay_not_additional_departure,holiday_dates_and_complete_calendar_not_expanded
published_service_marker,cr_public_main_15_car_20260815,15e93c4a214063a0e95275a91b43db78d8ff1beb316b109ffaffbcd1d48cd81c,2,95344,15 C,,15,not_stated_by_marker,0,0,0,,cancellation_precedes_rake_substitution,cr_public_abbreviations,61186b0db2c445c8b5e068efbcd2287b8df827934f97e3dd9245934e50772d9d,651.014257,retain_source_vintage_reconcile_later_amendments,supplement_overlay_not_additional_departure,holiday_dates_and_complete_calendar_not_expanded
published_service_marker,cr_public_main_15_car_20260815,15e93c4a214063a0e95275a91b43db78d8ff1beb316b109ffaffbcd1d48cd81c,2,95704,15 C,X,15,not_stated_by_marker,0,1,1,,cancellation_precedes_rake_substitution,cr_public_abbreviations,61186b0db2c445c8b5e068efbcd2287b8df827934f97e3dd9245934e50772d9d,149.575437,retain_source_vintage_reconcile_later_amendments,supplement_overlay_not_additional_departure,holiday_dates_and_complete_calendar_not_expanded
published_service_marker,cr_public_main_15_car_20260815,15e93c4a214063a0e95275a91b43db78d8ff1beb316b109ffaffbcd1d48cd81c,2,95712,15 C,X,15,not_stated_by_marker,0,1,1,,cancellation_precedes_rake_substitution,cr_public_abbreviations,61186b0db2c445c8b5e068efbcd2287b8df827934f97e3dd9245934e50772d9d,197.281821,retain_source_vintage_reconcile_later_amendments,supplement_overlay_not_additional_departure,holiday_dates_and_complete_calendar_not_expanded
published_service_marker,cr_public_main_15_car_20260815,15e93c4a214063a0e95275a91b43db78d8ff1beb316b109ffaffbcd1d48cd81c,2,95720,15 C,X,15,not_stated_by_marker,0,1,1,,cancellation_precedes_rake_substitution,cr_public_abbreviations,61186b0db2c445c8b5e068efbcd2287b8df827934f97e3dd9245934e50772d9d,245.062746,retain_source_vintage_reconcile_later_amendments,supplement_overlay_not_additional_departure,holiday_dates_and_complete_calendar_not_expanded
published_service_marker,cr_public_main_15_car_20260815,15e93c4a214063a0e95275a91b43db78d8ff1beb316b109ffaffbcd1d48cd81c,2,95728,15 C,X,15,not_stated_by_marker,0,1,1,,cancellation_precedes_rake_substitution,cr_public_abbreviations,61186b0db2c445c8b5e068efbcd2287b8df827934f97e3dd9245934e50772d9d,364.477789,retain_source_vintage_reconcile_later_amendments,supplement_overlay_not_additional_departure,holiday_dates_and_complete_calendar_not_expanded
published_service_marker,cr_public_main_15_car_20260815,15e93c4a214063a0e95275a91b43db78d8ff1beb316b109ffaffbcd1d48cd81c,2,95730,15 C,,15,not_stated_by_marker,0,0,0,,cancellation_precedes_rake_substitution,cr_public_abbreviations,61186b0db2c445c8b5e068efbcd2287b8df827934f97e3dd9245934e50772d9d,436.111906,retain_source_vintage_reconcile_later_amendments,supplement_overlay_not_additional_departure,holiday_dates_and_complete_calendar_not_expanded
published_service_marker,cr_public_main_15_car_20260815,15e93c4a214063a0e95275a91b43db78d8ff1beb316b109ffaffbcd1d48cd81c,2,95732,15 C,X,15,not_stated_by_marker,0,1,1,,cancellation_precedes_rake_substitution,cr_public_abbreviations,61186b0db2c445c8b5e068efbcd2287b8df827934f97e3dd9245934e50772d9d,459.965098,retain_source_vintage_reconcile_later_amendments,supplement_overlay_not_additional_departure,holiday_dates_and_complete_calendar_not_expanded
published_service_marker,cr_public_main_15_car_20260815,15e93c4a214063a0e95275a91b43db78d8ff1beb316b109ffaffbcd1d48cd81c,2,95734,15 C,X,15,not_stated_by_marker,0,1,1,,cancellation_precedes_rake_substitution,cr_public_abbreviations,61186b0db2c445c8b5e068efbcd2287b8df827934f97e3dd9245934e50772d9d,507.746023,retain_source_vintage_reconcile_later_amendments,supplement_overlay_not_additional_departure,holiday_dates_and_complete_calendar_not_expanded
published_service_marker,cr_public_main_15_car_20260815,15e93c4a214063a0e95275a91b43db78d8ff1beb316b109ffaffbcd1d48cd81c,2,95742,15 C,X,15,not_stated_by_marker,0,1,1,,cancellation_precedes_rake_substitution,cr_public_abbreviations,61186b0db2c445c8b5e068efbcd2287b8df827934f97e3dd9245934e50772d9d,555.526948,retain_source_vintage_reconcile_later_amendments,supplement_overlay_not_additional_departure,holiday_dates_and_complete_calendar_not_expanded
published_service_marker,cr_public_main_15_car_20260815,15e93c4a214063a0e95275a91b43db78d8ff1beb316b109ffaffbcd1d48cd81c,2,95746,15 C,X,15,not_stated_by_marker,0,1,1,,cancellation_precedes_rake_substitution,cr_public_abbreviations,61186b0db2c445c8b5e068efbcd2287b8df827934f97e3dd9245934e50772d9d,627.161065,retain_source_vintage_reconcile_later_amendments,supplement_overlay_not_additional_departure,holiday_dates_and_complete_calendar_not_expanded
published_service_marker,cr_public_main_15_car_20260815,15e93c4a214063a0e95275a91b43db78d8ff1beb316b109ffaffbcd1d48cd81c,2,95748,15 C,X,15,not_stated_by_marker,0,1,1,,cancellation_precedes_rake_substitution,cr_public_abbreviations,61186b0db2c445c8b5e068efbcd2287b8df827934f97e3dd9245934e50772d9d,722.648375,retain_source_vintage_reconcile_later_amendments,supplement_overlay_not_additional_departure,holiday_dates_and_complete_calendar_not_expanded
published_service_marker,cr_public_main_15_car_20260815,15e93c4a214063a0e95275a91b43db78d8ff1beb316b109ffaffbcd1d48cd81c,2,95802,15 C,X,15,not_stated_by_marker,0,1,1,,cancellation_precedes_rake_substitution,cr_public_abbreviations,61186b0db2c445c8b5e068efbcd2287b8df827934f97e3dd9245934e50772d9d,101.794512,retain_source_vintage_reconcile_later_amendments,supplement_overlay_not_additional_departure,holiday_dates_and_complete_calendar_not_expanded
published_service_marker,cr_public_main_15_car_20260815,15e93c4a214063a0e95275a91b43db78d8ff1beb316b109ffaffbcd1d48cd81c,2,95912,15 C,X,15,not_stated_by_marker,0,1,1,,cancellation_precedes_rake_substitution,cr_public_abbreviations,61186b0db2c445c8b5e068efbcd2287b8df827934f97e3dd9245934e50772d9d,292.843671,retain_source_vintage_reconcile_later_amendments,supplement_overlay_not_additional_departure,holiday_dates_and_complete_calendar_not_expanded
published_service_marker,cr_public_main_15_car_20260815,15e93c4a214063a0e95275a91b43db78d8ff1beb316b109ffaffbcd1d48cd81c,2,96008,15 C,,15,not_stated_by_marker,0,0,0,,cancellation_precedes_rake_substitution,cr_public_abbreviations,61186b0db2c445c8b5e068efbcd2287b8df827934f97e3dd9245934e50772d9d,268.953209,retain_source_vintage_reconcile_later_amendments,supplement_overlay_not_additional_departure,holiday_dates_and_complete_calendar_not_expanded
published_service_marker,cr_public_main_15_car_20260815,15e93c4a214063a0e95275a91b43db78d8ff1beb316b109ffaffbcd1d48cd81c,2,96010,15 C,,15,not_stated_by_marker,0,0,0,,cancellation_precedes_rake_substitution,cr_public_abbreviations,61186b0db2c445c8b5e068efbcd2287b8df827934f97e3dd9245934e50772d9d,340.624597,retain_source_vintage_reconcile_later_amendments,supplement_overlay_not_additional_departure,holiday_dates_and_complete_calendar_not_expanded
published_service_marker,cr_public_main_15_car_20260815,15e93c4a214063a0e95275a91b43db78d8ff1beb316b109ffaffbcd1d48cd81c,2,96012,15 C,,15,not_stated_by_marker,0,0,0,,cancellation_precedes_rake_substitution,cr_public_abbreviations,61186b0db2c445c8b5e068efbcd2287b8df827934f97e3dd9245934e50772d9d,412.258714,retain_source_vintage_reconcile_later_amendments,supplement_overlay_not_additional_departure,holiday_dates_and_complete_calendar_not_expanded
published_service_marker,cr_public_main_15_car_20260815,15e93c4a214063a0e95275a91b43db78d8ff1beb316b109ffaffbcd1d48cd81c,2,96312,15 C,,15,not_stated_by_marker,0,0,0,,cancellation_precedes_rake_substitution,cr_public_abbreviations,61186b0db2c445c8b5e068efbcd2287b8df827934f97e3dd9245934e50772d9d,316.696863,retain_source_vintage_reconcile_later_amendments,supplement_overlay_not_additional_departure,holiday_dates_and_complete_calendar_not_expanded
published_service_marker,cr_public_main_ac_20250416,405440ab710ba8ceffe4f0ff6fc0dc2142c51da2921dbfc9c0058efe4e8f0074,1,95209,AC#,,,AC,0,0,0,Saturday;Sunday;nominated_holiday,cancellation_precedes_rake_substitution,cr_public_abbreviations,61186b0db2c445c8b5e068efbcd2287b8df827934f97e3dd9245934e50772d9d,425.835066,retain_source_vintage_reconcile_later_amendments,supplement_overlay_not_additional_departure,holiday_dates_and_complete_calendar_not_expanded
published_service_marker,cr_public_main_ac_20250416,405440ab710ba8ceffe4f0ff6fc0dc2142c51da2921dbfc9c0058efe4e8f0074,1,95221,"AC
",X,,AC,0,1,1,,cancellation_precedes_rake_substitution,cr_public_abbreviations,61186b0db2c445c8b5e068efbcd2287b8df827934f97e3dd9245934e50772d9d,563.585201,retain_source_vintage_reconcile_later_amendments,supplement_overlay_not_additional_departure,holiday_dates_and_complete_calendar_not_expanded
published_service_marker,cr_public_main_ac_20250416,405440ab710ba8ceffe4f0ff6fc0dc2142c51da2921dbfc9c0058efe4e8f0074,1,95307,"AC
",X,,AC,0,1,1,,cancellation_precedes_rake_substitution,cr_public_abbreviations,61186b0db2c445c8b5e068efbcd2287b8df827934f97e3dd9245934e50772d9d,460.263383,retain_source_vintage_reconcile_later_amendments,supplement_overlay_not_additional_departure,holiday_dates_and_complete_calendar_not_expanded
published_service_marker,cr_public_main_ac_20250416,405440ab710ba8ceffe4f0ff6fc0dc2142c51da2921dbfc9c0058efe4e8f0074,1,95701,"AC
",,,AC,0,0,0,,cancellation_precedes_rake_substitution,cr_public_abbreviations,61186b0db2c445c8b5e068efbcd2287b8df827934f97e3dd9245934e50772d9d,150.379055,retain_source_vintage_reconcile_later_amendments,supplement_overlay_not_additional_departure,holiday_dates_and_complete_calendar_not_expanded
published_service_marker,cr_public_main_ac_20250416,405440ab710ba8ceffe4f0ff6fc0dc2142c51da2921dbfc9c0058efe4e8f0074,1,95707,"AC
",,,AC,0,0,0,,cancellation_precedes_rake_substitution,cr_public_abbreviations,61186b0db2c445c8b5e068efbcd2287b8df827934f97e3dd9245934e50772d9d,288.092322,retain_source_vintage_reconcile_later_amendments,supplement_overlay_not_additional_departure,holiday_dates_and_complete_calendar_not_expanded
published_service_marker,cr_public_main_ac_20250416,405440ab710ba8ceffe4f0ff6fc0dc2142c51da2921dbfc9c0058efe4e8f0074,1,95711,"AC
",X,,AC,0,1,1,,cancellation_precedes_rake_substitution,cr_public_abbreviations,61186b0db2c445c8b5e068efbcd2287b8df827934f97e3dd9245934e50772d9d,391.406749,retain_source_vintage_reconcile_later_amendments,supplement_overlay_not_additional_departure,holiday_dates_and_complete_calendar_not_expanded
published_service_marker,cr_public_main_ac_20250416,405440ab710ba8ceffe4f0ff6fc0dc2142c51da2921dbfc9c0058efe4e8f0074,1,95713,"AC
",,,AC,0,0,0,,cancellation_precedes_rake_substitution,cr_public_abbreviations,61186b0db2c445c8b5e068efbcd2287b8df827934f97e3dd9245934e50772d9d,494.691699,retain_source_vintage_reconcile_later_amendments,supplement_overlay_not_additional_departure,holiday_dates_and_complete_calendar_not_expanded
published_service_marker,cr_public_main_ac_20250416,405440ab710ba8ceffe4f0ff6fc0dc2142c51da2921dbfc9c0058efe4e8f0074,1,95901,"AC
",X,,AC,0,1,1,,cancellation_precedes_rake_substitution,cr_public_abbreviations,61186b0db2c445c8b5e068efbcd2287b8df827934f97e3dd9245934e50772d9d,322.550115,retain_source_vintage_reconcile_later_amendments,supplement_overlay_not_additional_departure,holiday_dates_and_complete_calendar_not_expanded
published_service_marker,cr_public_main_ac_20250416,405440ab710ba8ceffe4f0ff6fc0dc2142c51da2921dbfc9c0058efe4e8f0074,1,96611,"AC
",X,,AC,0,1,1,,cancellation_precedes_rake_substitution,cr_public_abbreviations,61186b0db2c445c8b5e068efbcd2287b8df827934f97e3dd9245934e50772d9d,253.664006,retain_source_vintage_reconcile_later_amendments,supplement_overlay_not_additional_departure,holiday_dates_and_complete_calendar_not_expanded
published_service_marker,cr_public_main_ac_20250416,405440ab710ba8ceffe4f0ff6fc0dc2142c51da2921dbfc9c0058efe4e8f0074,1,97009,"AC
",X,,AC,0,1,1,,cancellation_precedes_rake_substitution,cr_public_abbreviations,61186b0db2c445c8b5e068efbcd2287b8df827934f97e3dd9245934e50772d9d,184.807372,retain_source_vintage_reconcile_later_amendments,supplement_overlay_not_additional_departure,holiday_dates_and_complete_calendar_not_expanded
published_service_marker,cr_public_main_ac_20250416,405440ab710ba8ceffe4f0ff6fc0dc2142c51da2921dbfc9c0058efe4e8f0074,1,97013,AC #,X,,AC,0,1,1,Saturday;Sunday;nominated_holiday,cancellation_precedes_rake_substitution,cr_public_abbreviations,61186b0db2c445c8b5e068efbcd2287b8df827934f97e3dd9245934e50772d9d,219.235689,retain_source_vintage_reconcile_later_amendments,supplement_overlay_not_additional_departure,holiday_dates_and_complete_calendar_not_expanded
published_service_marker,cr_public_main_ac_20250416,405440ab710ba8ceffe4f0ff6fc0dc2142c51da2921dbfc9c0058efe4e8f0074,1,97041,"AC
",X,,AC,0,1,1,,cancellation_precedes_rake_substitution,cr_public_abbreviations,61186b0db2c445c8b5e068efbcd2287b8df827934f97e3dd9245934e50772d9d,356.978432,retain_source_vintage_reconcile_later_amendments,supplement_overlay_not_additional_departure,holiday_dates_and_complete_calendar_not_expanded
published_service_marker,cr_public_main_ac_20250416,405440ab710ba8ceffe4f0ff6fc0dc2142c51da2921dbfc9c0058efe4e8f0074,1,97217,"AC
",X,,AC,0,1,1,,cancellation_precedes_rake_substitution,cr_public_abbreviations,61186b0db2c445c8b5e068efbcd2287b8df827934f97e3dd9245934e50772d9d,529.186359,retain_source_vintage_reconcile_later_amendments,supplement_overlay_not_additional_departure,holiday_dates_and_complete_calendar_not_expanded
published_service_marker,cr_public_main_ac_20250416,405440ab710ba8ceffe4f0ff6fc0dc2142c51da2921dbfc9c0058efe4e8f0074,2,95225,"AC
",,,AC,0,0,0,,cancellation_precedes_rake_substitution,cr_public_abbreviations,61186b0db2c445c8b5e068efbcd2287b8df827934f97e3dd9245934e50772d9d,185.26228,retain_source_vintage_reconcile_later_amendments,supplement_overlay_not_additional_departure,holiday_dates_and_complete_calendar_not_expanded
published_service_marker,cr_public_main_ac_20250416,405440ab710ba8ceffe4f0ff6fc0dc2142c51da2921dbfc9c0058efe4e8f0074,2,95321,"AC
",X,,AC,0,1,1,,cancellation_precedes_rake_substitution,cr_public_abbreviations,61186b0db2c445c8b5e068efbcd2287b8df827934f97e3dd9245934e50772d9d,564.084369,retain_source_vintage_reconcile_later_amendments,supplement_overlay_not_additional_departure,holiday_dates_and_complete_calendar_not_expanded
published_service_marker,cr_public_main_ac_20250416,405440ab710ba8ceffe4f0ff6fc0dc2142c51da2921dbfc9c0058efe4e8f0074,2,95611,"AC
",,,AC,0,0,0,,cancellation_precedes_rake_substitution,cr_public_abbreviations,61186b0db2c445c8b5e068efbcd2287b8df827934f97e3dd9245934e50772d9d,391.905917,retain_source_vintage_reconcile_later_amendments,supplement_overlay_not_additional_departure,holiday_dates_and_complete_calendar_not_expanded
published_service_marker,cr_public_main_ac_20250416,405440ab710ba8ceffe4f0ff6fc0dc2142c51da2921dbfc9c0058efe4e8f0074,2,95723,"AC
",X,,AC,0,1,1,,cancellation_precedes_rake_substitution,cr_public_abbreviations,61186b0db2c445c8b5e068efbcd2287b8df827934f97e3dd9245934e50772d9d,495.25721,retain_source_vintage_reconcile_later_amendments,supplement_overlay_not_additional_departure,holiday_dates_and_complete_calendar_not_expanded
published_service_marker,cr_public_main_ac_20250416,405440ab710ba8ceffe4f0ff6fc0dc2142c51da2921dbfc9c0058efe4e8f0074,2,95909,"AC
",X,,AC,0,1,1,,cancellation_precedes_rake_substitution,cr_public_abbreviations,61186b0db2c445c8b5e068efbcd2287b8df827934f97e3dd9245934e50772d9d,323.012415,retain_source_vintage_reconcile_later_amendments,supplement_overlay_not_additional_departure,holiday_dates_and_complete_calendar_not_expanded
published_service_marker,cr_public_main_ac_20250416,405440ab710ba8ceffe4f0ff6fc0dc2142c51da2921dbfc9c0058efe4e8f0074,2,96313,"AC
",X,,AC,0,1,1,,cancellation_precedes_rake_substitution,cr_public_abbreviations,61186b0db2c445c8b5e068efbcd2287b8df827934f97e3dd9245934e50772d9d,150.833963,retain_source_vintage_reconcile_later_amendments,supplement_overlay_not_additional_departure,holiday_dates_and_complete_calendar_not_expanded
published_service_marker,cr_public_main_ac_20250416,405440ab710ba8ceffe4f0ff6fc0dc2142c51da2921dbfc9c0058efe4e8f0074,2,96317,"AC
",X,,AC,0,1,1,,cancellation_precedes_rake_substitution,cr_public_abbreviations,61186b0db2c445c8b5e068efbcd2287b8df827934f97e3dd9245934e50772d9d,288.584098,retain_source_vintage_reconcile_later_amendments,supplement_overlay_not_additional_departure,holiday_dates_and_complete_calendar_not_expanded
published_service_marker,cr_public_main_ac_20250416,405440ab710ba8ceffe4f0ff6fc0dc2142c51da2921dbfc9c0058efe4e8f0074,2,97235,"AC
",X,,AC,0,1,1,,cancellation_precedes_rake_substitution,cr_public_abbreviations,61186b0db2c445c8b5e068efbcd2287b8df827934f97e3dd9245934e50772d9d,426.334233,retain_source_vintage_reconcile_later_amendments,supplement_overlay_not_additional_departure,holiday_dates_and_complete_calendar_not_expanded
published_service_marker,cr_public_main_ac_20250416,405440ab710ba8ceffe4f0ff6fc0dc2142c51da2921dbfc9c0058efe4e8f0074,2,97239,"AC
",X,,AC,0,1,1,,cancellation_precedes_rake_substitution,cr_public_abbreviations,61186b0db2c445c8b5e068efbcd2287b8df827934f97e3dd9245934e50772d9d,460.76255,retain_source_vintage_reconcile_later_amendments,supplement_overlay_not_additional_departure,holiday_dates_and_complete_calendar_not_expanded
published_service_marker,cr_public_main_ac_20250416,405440ab710ba8ceffe4f0ff6fc0dc2142c51da2921dbfc9c0058efe4e8f0074,2,97359,AC#,X,,AC,0,1,1,Saturday;Sunday;nominated_holiday,cancellation_precedes_rake_substitution,cr_public_abbreviations,61186b0db2c445c8b5e068efbcd2287b8df827934f97e3dd9245934e50772d9d,219.75694,retain_source_vintage_reconcile_later_amendments,supplement_overlay_not_additional_departure,holiday_dates_and_complete_calendar_not_expanded
published_service_marker,cr_public_main_ac_20250416,405440ab710ba8ceffe4f0ff6fc0dc2142c51da2921dbfc9c0058efe4e8f0074,2,97363,"AC
",X,,AC,0,1,1,,cancellation_precedes_rake_substitution,cr_public_abbreviations,61186b0db2c445c8b5e068efbcd2287b8df827934f97e3dd9245934e50772d9d,254.155781,retain_source_vintage_reconcile_later_amendments,supplement_overlay_not_additional_departure,holiday_dates_and_complete_calendar_not_expanded
published_service_marker,cr_public_main_ac_20250416,405440ab710ba8ceffe4f0ff6fc0dc2142c51da2921dbfc9c0058efe4e8f0074,2,97369,AC#,X,,AC,0,1,1,Saturday;Sunday;nominated_holiday,cancellation_precedes_rake_substitution,cr_public_abbreviations,61186b0db2c445c8b5e068efbcd2287b8df827934f97e3dd9245934e50772d9d,357.507075,retain_source_vintage_reconcile_later_amendments,supplement_overlay_not_additional_departure,holiday_dates_and_complete_calendar_not_expanded
published_service_marker,cr_public_main_ac_20250416,405440ab710ba8ceffe4f0ff6fc0dc2142c51da2921dbfc9c0058efe4e8f0074,2,97383,AC#,X,,AC,0,1,1,Saturday;Sunday;nominated_holiday,cancellation_precedes_rake_substitution,cr_public_abbreviations,61186b0db2c445c8b5e068efbcd2287b8df827934f97e3dd9245934e50772d9d,529.656052,retain_source_vintage_reconcile_later_amendments,supplement_overlay_not_additional_departure,holiday_dates_and_complete_calendar_not_expanded
published_service_marker,cr_public_main_ac_20250416,405440ab710ba8ceffe4f0ff6fc0dc2142c51da2921dbfc9c0058efe4e8f0074,3,95329,"AC
",X,,AC,0,1,1,,cancellation_precedes_rake_substitution,cr_public_abbreviations,61186b0db2c445c8b5e068efbcd2287b8df827934f97e3dd9245934e50772d9d,323.012415,retain_source_vintage_reconcile_later_amendments,supplement_overlay_not_additional_departure,holiday_dates_and_complete_calendar_not_expanded
published_service_marker,cr_public_main_ac_20250416,405440ab710ba8ceffe4f0ff6fc0dc2142c51da2921dbfc9c0058efe4e8f0074,3,95733,"AC
",X,,AC,0,1,1,,cancellation_precedes_rake_substitution,cr_public_abbreviations,61186b0db2c445c8b5e068efbcd2287b8df827934f97e3dd9245934e50772d9d,254.155781,retain_source_vintage_reconcile_later_amendments,supplement_overlay_not_additional_departure,holiday_dates_and_complete_calendar_not_expanded
published_service_marker,cr_public_main_ac_20250416,405440ab710ba8ceffe4f0ff6fc0dc2142c51da2921dbfc9c0058efe4e8f0074,3,95741,"AC
",X,,AC,0,1,1,,cancellation_precedes_rake_substitution,cr_public_abbreviations,61186b0db2c445c8b5e068efbcd2287b8df827934f97e3dd9245934e50772d9d,495.25721,retain_source_vintage_reconcile_later_amendments,supplement_overlay_not_additional_departure,holiday_dates_and_complete_calendar_not_expanded
published_service_marker,cr_public_main_ac_20250416,405440ab710ba8ceffe4f0ff6fc0dc2142c51da2921dbfc9c0058efe4e8f0074,3,95911,"AC
",,,AC,0,0,0,,cancellation_precedes_rake_substitution,cr_public_abbreviations,61186b0db2c445c8b5e068efbcd2287b8df827934f97e3dd9245934e50772d9d,150.833963,retain_source_vintage_reconcile_later_amendments,supplement_overlay_not_additional_departure,holiday_dates_and_complete_calendar_not_expanded
published_service_marker,cr_public_main_ac_20250416,405440ab710ba8ceffe4f0ff6fc0dc2142c51da2921dbfc9c0058efe4e8f0074,3,96221,AC#,,,AC,0,0,0,Saturday;Sunday;nominated_holiday,cancellation_precedes_rake_substitution,cr_public_abbreviations,61186b0db2c445c8b5e068efbcd2287b8df827934f97e3dd9245934e50772d9d,391.905917,retain_source_vintage_reconcile_later_amendments,supplement_overlay_not_additional_departure,holiday_dates_and_complete_calendar_not_expanded
published_service_marker,cr_public_main_ac_20250416,405440ab710ba8ceffe4f0ff6fc0dc2142c51da2921dbfc9c0058efe4e8f0074,3,97149,"AC
",X,,AC,0,1,1,,cancellation_precedes_rake_substitution,cr_public_abbreviations,61186b0db2c445c8b5e068efbcd2287b8df827934f97e3dd9245934e50772d9d,219.75694,retain_source_vintage_reconcile_later_amendments,supplement_overlay_not_additional_departure,holiday_dates_and_complete_calendar_not_expanded
published_service_marker,cr_public_main_ac_20250416,405440ab710ba8ceffe4f0ff6fc0dc2142c51da2921dbfc9c0058efe4e8f0074,3,97163,"AC
",,,AC,0,0,0,,cancellation_precedes_rake_substitution,cr_public_abbreviations,61186b0db2c445c8b5e068efbcd2287b8df827934f97e3dd9245934e50772d9d,357.507075,retain_source_vintage_reconcile_later_amendments,supplement_overlay_not_additional_departure,holiday_dates_and_complete_calendar_not_expanded
published_service_marker,cr_public_main_ac_20250416,405440ab710ba8ceffe4f0ff6fc0dc2142c51da2921dbfc9c0058efe4e8f0074,3,97173,"AC
",X,,AC,0,1,1,,cancellation_precedes_rake_substitution,cr_public_abbreviations,61186b0db2c445c8b5e068efbcd2287b8df827934f97e3dd9245934e50772d9d,426.334233,retain_source_vintage_reconcile_later_amendments,supplement_overlay_not_additional_departure,holiday_dates_and_complete_calendar_not_expanded
published_service_marker,cr_public_main_ac_20250416,405440ab710ba8ceffe4f0ff6fc0dc2142c51da2921dbfc9c0058efe4e8f0074,3,97175,"AC
",X,,AC,0,1,1,,cancellation_precedes_rake_substitution,cr_public_abbreviations,61186b0db2c445c8b5e068efbcd2287b8df827934f97e3dd9245934e50772d9d,460.76255,retain_source_vintage_reconcile_later_amendments,supplement_overlay_not_additional_departure,holiday_dates_and_complete_calendar_not_expanded
published_service_marker,cr_public_main_ac_20250416,405440ab710ba8ceffe4f0ff6fc0dc2142c51da2921dbfc9c0058efe4e8f0074,3,97251,"AC
",X,,AC,0,1,1,,cancellation_precedes_rake_substitution,cr_public_abbreviations,61186b0db2c445c8b5e068efbcd2287b8df827934f97e3dd9245934e50772d9d,185.26228,retain_source_vintage_reconcile_later_amendments,supplement_overlay_not_additional_departure,holiday_dates_and_complete_calendar_not_expanded
published_service_marker,cr_public_main_ac_20250416,405440ab710ba8ceffe4f0ff6fc0dc2142c51da2921dbfc9c0058efe4e8f0074,3,97403,AC#,X,,AC,0,1,1,Saturday;Sunday;nominated_holiday,cancellation_precedes_rake_substitution,cr_public_abbreviations,61186b0db2c445c8b5e068efbcd2287b8df827934f97e3dd9245934e50772d9d,288.584098,retain_source_vintage_reconcile_later_amendments,supplement_overlay_not_additional_departure,holiday_dates_and_complete_calendar_not_expanded
published_service_marker,cr_public_main_ac_20250416,405440ab710ba8ceffe4f0ff6fc0dc2142c51da2921dbfc9c0058efe4e8f0074,3,97427,"AC
",X,,AC,0,1,1,,cancellation_precedes_rake_substitution,cr_public_abbreviations,61186b0db2c445c8b5e068efbcd2287b8df827934f97e3dd9245934e50772d9d,529.656052,retain_source_vintage_reconcile_later_amendments,supplement_overlay_not_additional_departure,holiday_dates_and_complete_calendar_not_expanded
published_service_marker,cr_public_main_ac_20250416,405440ab710ba8ceffe4f0ff6fc0dc2142c51da2921dbfc9c0058efe4e8f0074,3,97435,"AC
",,,AC,0,0,0,,cancellation_precedes_rake_substitution,cr_public_abbreviations,61186b0db2c445c8b5e068efbcd2287b8df827934f97e3dd9245934e50772d9d,564.084369,retain_source_vintage_reconcile_later_amendments,supplement_overlay_not_additional_departure,holiday_dates_and_complete_calendar_not_expanded
published_service_marker,cr_public_main_ac_20250416,405440ab710ba8ceffe4f0ff6fc0dc2142c51da2921dbfc9c0058efe4e8f0074,4,95210,AC#,,,AC,0,0,0,Saturday;Sunday;nominated_holiday,cancellation_precedes_rake_substitution,cr_public_abbreviations,61186b0db2c445c8b5e068efbcd2287b8df827934f97e3dd9245934e50772d9d,537.594429,retain_source_vintage_reconcile_later_amendments,supplement_overlay_not_additional_departure,holiday_dates_and_complete_calendar_not_expanded
published_service_marker,cr_public_main_ac_20250416,405440ab710ba8ceffe4f0ff6fc0dc2142c51da2921dbfc9c0058efe4e8f0074,4,95702,"AC
",,,AC,0,0,0,,cancellation_precedes_rake_substitution,cr_public_abbreviations,61186b0db2c445c8b5e068efbcd2287b8df827934f97e3dd9245934e50772d9d,225.797489,retain_source_vintage_reconcile_later_amendments,supplement_overlay_not_additional_departure,holiday_dates_and_complete_calendar_not_expanded
published_service_marker,cr_public_main_ac_20250416,405440ab710ba8ceffe4f0ff6fc0dc2142c51da2921dbfc9c0058efe4e8f0074,4,95714,"AC
",,,AC,0,0,0,,cancellation_precedes_rake_substitution,cr_public_abbreviations,61186b0db2c445c8b5e068efbcd2287b8df827934f97e3dd9245934e50772d9d,412.872972,retain_source_vintage_reconcile_later_amendments,supplement_overlay_not_additional_departure,holiday_dates_and_complete_calendar_not_expanded
published_service_marker,cr_public_main_ac_20250416,405440ab710ba8ceffe4f0ff6fc0dc2142c51da2921dbfc9c0058efe4e8f0074,4,95724,"AC
",X,,AC,0,1,1,,cancellation_precedes_rake_substitution,cr_public_abbreviations,61186b0db2c445c8b5e068efbcd2287b8df827934f97e3dd9245934e50772d9d,475.220252,retain_source_vintage_reconcile_later_amendments,supplement_overlay_not_additional_departure,holiday_dates_and_complete_calendar_not_expanded
published_service_marker,cr_public_main_ac_20250416,405440ab710ba8ceffe4f0ff6fc0dc2142c51da2921dbfc9c0058efe4e8f0074,4,95904,"AC
",X,,AC,0,1,1,,cancellation_precedes_rake_substitution,cr_public_abbreviations,61186b0db2c445c8b5e068efbcd2287b8df827934f97e3dd9245934e50772d9d,319.352051,retain_source_vintage_reconcile_later_amendments,supplement_overlay_not_additional_departure,holiday_dates_and_complete_calendar_not_expanded
published_service_marker,cr_public_main_ac_20250416,405440ab710ba8ceffe4f0ff6fc0dc2142c51da2921dbfc9c0058efe4e8f0074,4,95908,"AC
",X,,AC,0,1,1,,cancellation_precedes_rake_substitution,cr_public_abbreviations,61186b0db2c445c8b5e068efbcd2287b8df827934f97e3dd9245934e50772d9d,381.699332,retain_source_vintage_reconcile_later_amendments,supplement_overlay_not_additional_departure,holiday_dates_and_complete_calendar_not_expanded
published_service_marker,cr_public_main_ac_20250416,405440ab710ba8ceffe4f0ff6fc0dc2142c51da2921dbfc9c0058efe4e8f0074,4,96618,"AC
",X,,AC,0,1,1,,cancellation_precedes_rake_substitution,cr_public_abbreviations,61186b0db2c445c8b5e068efbcd2287b8df827934f97e3dd9245934e50772d9d,444.046612,retain_source_vintage_reconcile_later_amendments,supplement_overlay_not_additional_departure,holiday_dates_and_complete_calendar_not_expanded
published_service_marker,cr_public_main_ac_20250416,405440ab710ba8ceffe4f0ff6fc0dc2142c51da2921dbfc9c0058efe4e8f0074,4,97022,"AC
",X,,AC,0,1,1,,cancellation_precedes_rake_substitution,cr_public_abbreviations,61186b0db2c445c8b5e068efbcd2287b8df827934f97e3dd9245934e50772d9d,288.205307,retain_source_vintage_reconcile_later_amendments,supplement_overlay_not_additional_departure,holiday_dates_and_complete_calendar_not_expanded
published_service_marker,cr_public_main_ac_20250416,405440ab710ba8ceffe4f0ff6fc0dc2142c51da2921dbfc9c0058efe4e8f0074,4,97026,AC#,X,,AC,0,1,1,Saturday;Sunday;nominated_holiday,cancellation_precedes_rake_substitution,cr_public_abbreviations,61186b0db2c445c8b5e068efbcd2287b8df827934f97e3dd9245934e50772d9d,350.525691,retain_source_vintage_reconcile_later_amendments,supplement_overlay_not_additional_departure,holiday_dates_and_complete_calendar_not_expanded
published_service_marker,cr_public_main_ac_20250416,405440ab710ba8ceffe4f0ff6fc0dc2142c51da2921dbfc9c0058efe4e8f0074,4,97048,"AC
",X,,AC,0,1,1,,cancellation_precedes_rake_substitution,cr_public_abbreviations,61186b0db2c445c8b5e068efbcd2287b8df827934f97e3dd9245934e50772d9d,506.420789,retain_source_vintage_reconcile_later_amendments,supplement_overlay_not_additional_departure,holiday_dates_and_complete_calendar_not_expanded
published_service_marker,cr_public_main_ac_20250416,405440ab710ba8ceffe4f0ff6fc0dc2142c51da2921dbfc9c0058efe4e8f0074,4,97310,"AC
",X,,AC,0,1,1,,cancellation_precedes_rake_substitution,cr_public_abbreviations,61186b0db2c445c8b5e068efbcd2287b8df827934f97e3dd9245934e50772d9d,194.623849,retain_source_vintage_reconcile_later_amendments,supplement_overlay_not_additional_departure,holiday_dates_and_complete_calendar_not_expanded
published_service_marker,cr_public_main_ac_20250416,405440ab710ba8ceffe4f0ff6fc0dc2142c51da2921dbfc9c0058efe4e8f0074,4,97320,"AC
",X,,AC,0,1,1,,cancellation_precedes_rake_substitution,cr_public_abbreviations,61186b0db2c445c8b5e068efbcd2287b8df827934f97e3dd9245934e50772d9d,256.971129,retain_source_vintage_reconcile_later_amendments,supplement_overlay_not_additional_departure,holiday_dates_and_complete_calendar_not_expanded
published_service_marker,cr_public_main_ac_20250416,405440ab710ba8ceffe4f0ff6fc0dc2142c51da2921dbfc9c0058efe4e8f0074,4,97604,"AC
",,,AC,0,0,0,,cancellation_precedes_rake_substitution,cr_public_abbreviations,61186b0db2c445c8b5e068efbcd2287b8df827934f97e3dd9245934e50772d9d,163.477105,retain_source_vintage_reconcile_later_amendments,supplement_overlay_not_additional_departure,holiday_dates_and_complete_calendar_not_expanded
published_service_marker,cr_public_main_ac_20250416,405440ab710ba8ceffe4f0ff6fc0dc2142c51da2921dbfc9c0058efe4e8f0074,5,95214,"AC
",X,,AC,0,1,1,,cancellation_precedes_rake_substitution,cr_public_abbreviations,61186b0db2c445c8b5e068efbcd2287b8df827934f97e3dd9245934e50772d9d,241.371127,retain_source_vintage_reconcile_later_amendments,supplement_overlay_not_additional_departure,holiday_dates_and_complete_calendar_not_expanded
published_service_marker,cr_public_main_ac_20250416,405440ab710ba8ceffe4f0ff6fc0dc2142c51da2921dbfc9c0058efe4e8f0074,5,95218,"AC
",,,AC,0,0,0,,cancellation_precedes_rake_substitution,cr_public_abbreviations,61186b0db2c445c8b5e068efbcd2287b8df827934f97e3dd9245934e50772d9d,303.752049,retain_source_vintage_reconcile_later_amendments,supplement_overlay_not_additional_departure,holiday_dates_and_complete_calendar_not_expanded
published_service_marker,cr_public_main_ac_20250416,405440ab710ba8ceffe4f0ff6fc0dc2142c51da2921dbfc9c0058efe4e8f0074,5,95324,"AC
",X,,AC,0,1,1,,cancellation_precedes_rake_substitution,cr_public_abbreviations,61186b0db2c445c8b5e068efbcd2287b8df827934f97e3dd9245934e50772d9d,428.44661,retain_source_vintage_reconcile_later_amendments,supplement_overlay_not_additional_departure,holiday_dates_and_complete_calendar_not_expanded
published_service_marker,cr_public_main_ac_20250416,405440ab710ba8ceffe4f0ff6fc0dc2142c51da2921dbfc9c0058efe4e8f0074,5,95610,"AC
",,,AC,0,0,0,,cancellation_precedes_rake_substitution,cr_public_abbreviations,61186b0db2c445c8b5e068efbcd2287b8df827934f97e3dd9245934e50772d9d,490.820786,retain_source_vintage_reconcile_later_amendments,supplement_overlay_not_additional_departure,holiday_dates_and_complete_calendar_not_expanded
published_service_marker,cr_public_main_ac_20250416,405440ab710ba8ceffe4f0ff6fc0dc2142c51da2921dbfc9c0058efe4e8f0074,5,95726,"AC
",,,AC,0,0,0,,cancellation_precedes_rake_substitution,cr_public_abbreviations,61186b0db2c445c8b5e068efbcd2287b8df827934f97e3dd9245934e50772d9d,147.877103,retain_source_vintage_reconcile_later_amendments,supplement_overlay_not_additional_departure,holiday_dates_and_complete_calendar_not_expanded
published_service_marker,cr_public_main_ac_20250416,405440ab710ba8ceffe4f0ff6fc0dc2142c51da2921dbfc9c0058efe4e8f0074,5,95738,"AC
",X,,AC,0,1,1,,cancellation_precedes_rake_substitution,cr_public_abbreviations,61186b0db2c445c8b5e068efbcd2287b8df827934f97e3dd9245934e50772d9d,553.168067,retain_source_vintage_reconcile_later_amendments,supplement_overlay_not_additional_departure,holiday_dates_and_complete_calendar_not_expanded
published_service_marker,cr_public_main_ac_20250416,405440ab710ba8ceffe4f0ff6fc0dc2142c51da2921dbfc9c0058efe4e8f0074,5,95914,"AC
",X,,AC,0,1,1,,cancellation_precedes_rake_substitution,cr_public_abbreviations,61186b0db2c445c8b5e068efbcd2287b8df827934f97e3dd9245934e50772d9d,366.099329,retain_source_vintage_reconcile_later_amendments,supplement_overlay_not_additional_departure,holiday_dates_and_complete_calendar_not_expanded
published_service_marker,cr_public_main_ac_20250416,405440ab710ba8ceffe4f0ff6fc0dc2142c51da2921dbfc9c0058efe4e8f0074,5,96314,"AC
",X,,AC,0,1,1,,cancellation_precedes_rake_substitution,cr_public_abbreviations,61186b0db2c445c8b5e068efbcd2287b8df827934f97e3dd9245934e50772d9d,179.023847,retain_source_vintage_reconcile_later_amendments,supplement_overlay_not_additional_departure,holiday_dates_and_complete_calendar_not_expanded
published_service_marker,cr_public_main_ac_20250416,405440ab710ba8ceffe4f0ff6fc0dc2142c51da2921dbfc9c0058efe4e8f0074,5,96324,"AC
",X,,AC,0,1,1,,cancellation_precedes_rake_substitution,cr_public_abbreviations,61186b0db2c445c8b5e068efbcd2287b8df827934f97e3dd9245934e50772d9d,397.27297,retain_source_vintage_reconcile_later_amendments,supplement_overlay_not_additional_departure,holiday_dates_and_complete_calendar_not_expanded
published_service_marker,cr_public_main_ac_20250416,405440ab710ba8ceffe4f0ff6fc0dc2142c51da2921dbfc9c0058efe4e8f0074,5,97218,"AC
",X,,AC,0,1,1,,cancellation_precedes_rake_substitution,cr_public_abbreviations,61186b0db2c445c8b5e068efbcd2287b8df827934f97e3dd9245934e50772d9d,210.197487,retain_source_vintage_reconcile_later_amendments,supplement_overlay_not_additional_departure,holiday_dates_and_complete_calendar_not_expanded
published_service_marker,cr_public_main_ac_20250416,405440ab710ba8ceffe4f0ff6fc0dc2142c51da2921dbfc9c0058efe4e8f0074,5,97236,"AC
",X,,AC,0,1,1,,cancellation_precedes_rake_substitution,cr_public_abbreviations,61186b0db2c445c8b5e068efbcd2287b8df827934f97e3dd9245934e50772d9d,521.994426,retain_source_vintage_reconcile_later_amendments,supplement_overlay_not_additional_departure,holiday_dates_and_complete_calendar_not_expanded
published_service_marker,cr_public_main_ac_20250416,405440ab710ba8ceffe4f0ff6fc0dc2142c51da2921dbfc9c0058efe4e8f0074,5,97366,AC#,X,,AC,0,1,1,Saturday;Sunday;nominated_holiday,cancellation_precedes_rake_substitution,cr_public_abbreviations,61186b0db2c445c8b5e068efbcd2287b8df827934f97e3dd9245934e50772d9d,272.605305,retain_source_vintage_reconcile_later_amendments,supplement_overlay_not_additional_departure,holiday_dates_and_complete_calendar_not_expanded
published_service_marker,cr_public_main_ac_20250416,405440ab710ba8ceffe4f0ff6fc0dc2142c51da2921dbfc9c0058efe4e8f0074,5,97370,"AC
",X,,AC,0,1,1,,cancellation_precedes_rake_substitution,cr_public_abbreviations,61186b0db2c445c8b5e068efbcd2287b8df827934f97e3dd9245934e50772d9d,334.925689,retain_source_vintage_reconcile_later_amendments,supplement_overlay_not_additional_departure,holiday_dates_and_complete_calendar_not_expanded
published_service_marker,cr_public_main_ac_20250416,405440ab710ba8ceffe4f0ff6fc0dc2142c51da2921dbfc9c0058efe4e8f0074,5,97378,AC#,X,,AC,0,1,1,Saturday;Sunday;nominated_holiday,cancellation_precedes_rake_substitution,cr_public_abbreviations,61186b0db2c445c8b5e068efbcd2287b8df827934f97e3dd9245934e50772d9d,459.62025,retain_source_vintage_reconcile_later_amendments,supplement_overlay_not_additional_departure,holiday_dates_and_complete_calendar_not_expanded
published_service_marker,cr_public_main_ac_20250416,405440ab710ba8ceffe4f0ff6fc0dc2142c51da2921dbfc9c0058efe4e8f0074,6,95336,"AC
",X,,AC,0,1,1,,cancellation_precedes_rake_substitution,cr_public_abbreviations,61186b0db2c445c8b5e068efbcd2287b8df827934f97e3dd9245934e50772d9d,210.197487,retain_source_vintage_reconcile_later_amendments,supplement_overlay_not_additional_departure,holiday_dates_and_complete_calendar_not_expanded
published_service_marker,cr_public_main_ac_20250416,405440ab710ba8ceffe4f0ff6fc0dc2142c51da2921dbfc9c0058efe4e8f0074,6,95342,"AC
",X,,AC,0,1,1,,cancellation_precedes_rake_substitution,cr_public_abbreviations,61186b0db2c445c8b5e068efbcd2287b8df827934f97e3dd9245934e50772d9d,397.27297,retain_source_vintage_reconcile_later_amendments,supplement_overlay_not_additional_departure,holiday_dates_and_complete_calendar_not_expanded
published_service_marker,cr_public_main_ac_20250416,405440ab710ba8ceffe4f0ff6fc0dc2142c51da2921dbfc9c0058efe4e8f0074,6,96228,AC#,,,AC,0,0,0,Saturday;Sunday;nominated_holiday,cancellation_precedes_rake_substitution,cr_public_abbreviations,61186b0db2c445c8b5e068efbcd2287b8df827934f97e3dd9245934e50772d9d,553.168067,retain_source_vintage_reconcile_later_amendments,supplement_overlay_not_additional_departure,holiday_dates_and_complete_calendar_not_expanded
published_service_marker,cr_public_main_ac_20250416,405440ab710ba8ceffe4f0ff6fc0dc2142c51da2921dbfc9c0058efe4e8f0074,6,97152,"AC
",X,,AC,0,1,1,,cancellation_precedes_rake_substitution,cr_public_abbreviations,61186b0db2c445c8b5e068efbcd2287b8df827934f97e3dd9245934e50772d9d,334.925689,retain_source_vintage_reconcile_later_amendments,supplement_overlay_not_additional_departure,holiday_dates_and_complete_calendar_not_expanded
published_service_marker,cr_public_main_ac_20250416,405440ab710ba8ceffe4f0ff6fc0dc2142c51da2921dbfc9c0058efe4e8f0074,6,97154,"AC
",X,,AC,0,1,1,,cancellation_precedes_rake_substitution,cr_public_abbreviations,61186b0db2c445c8b5e068efbcd2287b8df827934f97e3dd9245934e50772d9d,366.099329,retain_source_vintage_reconcile_later_amendments,supplement_overlay_not_additional_departure,holiday_dates_and_complete_calendar_not_expanded
published_service_marker,cr_public_main_ac_20250416,405440ab710ba8ceffe4f0ff6fc0dc2142c51da2921dbfc9c0058efe4e8f0074,6,97168,"AC
",,,AC,0,0,0,,cancellation_precedes_rake_substitution,cr_public_abbreviations,61186b0db2c445c8b5e068efbcd2287b8df827934f97e3dd9245934e50772d9d,428.44661,retain_source_vintage_reconcile_later_amendments,supplement_overlay_not_additional_departure,holiday_dates_and_complete_calendar_not_expanded
published_service_marker,cr_public_main_ac_20250416,405440ab710ba8ceffe4f0ff6fc0dc2142c51da2921dbfc9c0058efe4e8f0074,6,97176,"AC
",X,,AC,0,1,1,,cancellation_precedes_rake_substitution,cr_public_abbreviations,61186b0db2c445c8b5e068efbcd2287b8df827934f97e3dd9245934e50772d9d,459.62025,retain_source_vintage_reconcile_later_amendments,supplement_overlay_not_additional_departure,holiday_dates_and_complete_calendar_not_expanded
published_service_marker,cr_public_main_ac_20250416,405440ab710ba8ceffe4f0ff6fc0dc2142c51da2921dbfc9c0058efe4e8f0074,6,97178,"AC
",X,,AC,0,1,1,,cancellation_precedes_rake_substitution,cr_public_abbreviations,61186b0db2c445c8b5e068efbcd2287b8df827934f97e3dd9245934e50772d9d,490.820786,retain_source_vintage_reconcile_later_amendments,supplement_overlay_not_additional_departure,holiday_dates_and_complete_calendar_not_expanded
published_service_marker,cr_public_main_ac_20250416,405440ab710ba8ceffe4f0ff6fc0dc2142c51da2921dbfc9c0058efe4e8f0074,6,97180,"AC
",X,,AC,0,1,1,,cancellation_precedes_rake_substitution,cr_public_abbreviations,61186b0db2c445c8b5e068efbcd2287b8df827934f97e3dd9245934e50772d9d,521.994426,retain_source_vintage_reconcile_later_amendments,supplement_overlay_not_additional_departure,holiday_dates_and_complete_calendar_not_expanded
published_service_marker,cr_public_main_ac_20250416,405440ab710ba8ceffe4f0ff6fc0dc2142c51da2921dbfc9c0058efe4e8f0074,6,97240,"AC
",X,,AC,0,1,1,,cancellation_precedes_rake_substitution,cr_public_abbreviations,61186b0db2c445c8b5e068efbcd2287b8df827934f97e3dd9245934e50772d9d,179.023847,retain_source_vintage_reconcile_later_amendments,supplement_overlay_not_additional_departure,holiday_dates_and_complete_calendar_not_expanded
published_service_marker,cr_public_main_ac_20250416,405440ab710ba8ceffe4f0ff6fc0dc2142c51da2921dbfc9c0058efe4e8f0074,6,97252,"AC
",X,,AC,0,1,1,,cancellation_precedes_rake_substitution,cr_public_abbreviations,61186b0db2c445c8b5e068efbcd2287b8df827934f97e3dd9245934e50772d9d,303.752049,retain_source_vintage_reconcile_later_amendments,supplement_overlay_not_additional_departure,holiday_dates_and_complete_calendar_not_expanded
published_service_marker,cr_public_main_ac_20250416,405440ab710ba8ceffe4f0ff6fc0dc2142c51da2921dbfc9c0058efe4e8f0074,6,97402,AC#,X,,AC,0,1,1,Saturday;Sunday;nominated_holiday,cancellation_precedes_rake_substitution,cr_public_abbreviations,61186b0db2c445c8b5e068efbcd2287b8df827934f97e3dd9245934e50772d9d,147.877103,retain_source_vintage_reconcile_later_amendments,supplement_overlay_not_additional_departure,holiday_dates_and_complete_calendar_not_expanded
published_service_marker,cr_public_main_ac_20250416,405440ab710ba8ceffe4f0ff6fc0dc2142c51da2921dbfc9c0058efe4e8f0074,6,97416,"AC
",,,AC,0,0,0,,cancellation_precedes_rake_substitution,cr_public_abbreviations,61186b0db2c445c8b5e068efbcd2287b8df827934f97e3dd9245934e50772d9d,241.371127,retain_source_vintage_reconcile_later_amendments,supplement_overlay_not_additional_departure,holiday_dates_and_complete_calendar_not_expanded
published_service_marker,cr_public_main_ac_20250416,405440ab710ba8ceffe4f0ff6fc0dc2142c51da2921dbfc9c0058efe4e8f0074,6,97424,AC#,X,,AC,0,1,1,Saturday;Sunday;nominated_holiday,cancellation_precedes_rake_substitution,cr_public_abbreviations,61186b0db2c445c8b5e068efbcd2287b8df827934f97e3dd9245934e50772d9d,272.605305,retain_source_vintage_reconcile_later_amendments,supplement_overlay_not_additional_departure,holiday_dates_and_complete_calendar_not_expanded
