station_code,source_gate_ordinal,gate_name,gate_code,latitude_deg,longitude_deg,source_gate_latitude,source_gate_longitude,coordinate_status,source_status,divyang_friendly_declared,source,source_id,source_sha256
ACA,1,A2,,18.9963,72.8184,18.9963,72.8184,range_checked_only,open,False,observed,mmrcl_station_aca,30fa602b8481d4f78fc0451b371ab7136c0b2f252fadc9e02196f0021e81675c
ACA,2,B2,,18.9977,72.8176,18.9977,72.8176,range_checked_only,open,True,observed,mmrcl_station_aca,30fa602b8481d4f78fc0451b371ab7136c0b2f252fadc9e02196f0021e81675c
ACA,3,B3,,18.9978,72.8171,18.9978,72.8171,range_checked_only,close,False,observed,mmrcl_station_aca,30fa602b8481d4f78fc0451b371ab7136c0b2f252fadc9e02196f0021e81675c
ACA,4,B4,,18.9981,72.817,18.9981,72.817,range_checked_only,close,False,observed,mmrcl_station_aca,30fa602b8481d4f78fc0451b371ab7136c0b2f252fadc9e02196f0021e81675c
ACA,5,B5,,18.9976,72.818,18.9976,72.818,range_checked_only,open,False,observed,mmrcl_station_aca,30fa602b8481d4f78fc0451b371ab7136c0b2f252fadc9e02196f0021e81675c
ACA,6,A4,,18.996,72.8188,18.996,72.8188,range_checked_only,open,True,observed,mmrcl_station_aca,30fa602b8481d4f78fc0451b371ab7136c0b2f252fadc9e02196f0021e81675c
ACA,7,A3,,18.99741720330999,72.8181335596142,18.99741720330999,72.8181335596142,range_checked_only,open,False,observed,mmrcl_station_aca,30fa602b8481d4f78fc0451b371ab7136c0b2f252fadc9e02196f0021e81675c
ACA,8,B1,,18.99742572,72.81812712,18.99742572,72.81812712,range_checked_only,close,False,observed,mmrcl_station_aca,30fa602b8481d4f78fc0451b371ab7136c0b2f252fadc9e02196f0021e81675c
ACA,9,A1,,18.99593152,72.81884676,18.99593152,72.81884676,range_checked_only,open,False,observed,mmrcl_station_aca,30fa602b8481d4f78fc0451b371ab7136c0b2f252fadc9e02196f0021e81675c
ARYJ,1,A1/B1,,,,,,missing,open,False,observed,mmrcl_station_aryj,bc7688a58be683b5ca824e328a9edac238802dbbb60550eddce39fb58bda5f73
BDRM,1,A5,,19.0585198838111,72.8553647457012,19.0585198838111,72.8553647457012,range_checked_only,open,False,observed,mmrcl_station_bdrm,31829dc0c048eb452bb84409c3fca8f95d4b1ba195b09784788c5f7b98a14658
BDRM,2,A4,,19.0592322341378,72.855302157264,19.0592322341378,72.855302157264,range_checked_only,open,True,observed,mmrcl_station_bdrm,31829dc0c048eb452bb84409c3fca8f95d4b1ba195b09784788c5f7b98a14658
BDRM,3,A3,,19.0594255309822,72.8548417977368,19.0594255309822,72.8548417977368,range_checked_only,open,True,observed,mmrcl_station_bdrm,31829dc0c048eb452bb84409c3fca8f95d4b1ba195b09784788c5f7b98a14658
BDRM,4,B1,,19.0616200513233,72.8538444641642,19.0616200513233,72.8538444641642,range_checked_only,open,True,observed,mmrcl_station_bdrm,31829dc0c048eb452bb84409c3fca8f95d4b1ba195b09784788c5f7b98a14658
BDRM,5,A2,,19.0598295793814,72.8553752218479,19.0598295793814,72.8553752218479,range_checked_only,open,False,observed,mmrcl_station_bdrm,31829dc0c048eb452bb84409c3fca8f95d4b1ba195b09784788c5f7b98a14658
BDRM,6,A1,,19.0595382228821,72.8557647228524,19.0595382228821,72.8557647228524,range_checked_only,open,False,observed,mmrcl_station_bdrm,31829dc0c048eb452bb84409c3fca8f95d4b1ba195b09784788c5f7b98a14658
CHGM,1,A2,,,,,,missing,open,False,observed,mmrcl_station_chgm,df76c489ebd463d6b536c91259d15cc5e9a4832e47dd5551c0d43d5b7ce7aa7d
CHGM,2,A3,,,,,,missing,close,False,observed,mmrcl_station_chgm,df76c489ebd463d6b536c91259d15cc5e9a4832e47dd5551c0d43d5b7ce7aa7d
CHGM,3,A4,,,,,,missing,open,False,observed,mmrcl_station_chgm,df76c489ebd463d6b536c91259d15cc5e9a4832e47dd5551c0d43d5b7ce7aa7d
CHGM,4,B2,,,,,,missing,open,False,observed,mmrcl_station_chgm,df76c489ebd463d6b536c91259d15cc5e9a4832e47dd5551c0d43d5b7ce7aa7d
CHGM,5,B1,,,,,,missing,open,False,observed,mmrcl_station_chgm,df76c489ebd463d6b536c91259d15cc5e9a4832e47dd5551c0d43d5b7ce7aa7d
CHGM,6,A5,,,,,,missing,close,False,observed,mmrcl_station_chgm,df76c489ebd463d6b536c91259d15cc5e9a4832e47dd5551c0d43d5b7ce7aa7d
CHGM,7,A1,,,,,,missing,open,False,observed,mmrcl_station_chgm,df76c489ebd463d6b536c91259d15cc5e9a4832e47dd5551c0d43d5b7ce7aa7d
CIAD,1,A1,,19.093523,72.853744,19.093523,72.853744,range_checked_only,open,True,observed,mmrcl_station_ciad,92a8a23c11b582d286ce1a1ceb5ee4fd494902c0d57d8139f2cd62c8a2b4de10
CIAD,2,B1,,19.095607,72.852099,19.095607,72.852099,range_checked_only,open,True,observed,mmrcl_station_ciad,92a8a23c11b582d286ce1a1ceb5ee4fd494902c0d57d8139f2cd62c8a2b4de10
CSIA,1,A1,,19.101761,72.874611,19.101761,72.874611,range_checked_only,open,False,observed,mmrcl_station_csia,1a8716e3bad858a8e032c311bb6a960f01c8b7f00225d1cb7bd297f13d5bd253
CSIA,2,A2,,19.101993,72.873619,19.101993,72.873619,range_checked_only,open,False,observed,mmrcl_station_csia,1a8716e3bad858a8e032c311bb6a960f01c8b7f00225d1cb7bd297f13d5bd253
CSIA,3,B1,,19.10202,72.875379,19.10202,72.875379,range_checked_only,close,False,observed,mmrcl_station_csia,1a8716e3bad858a8e032c311bb6a960f01c8b7f00225d1cb7bd297f13d5bd253
CSTM,1,A3,,,,,,missing,open,False,observed,mmrcl_station_cstm,96fd2a89d894250f6d0612c6dc315e61734f44ee76eb773bb8159cb2d51dce34
CSTM,2,A4,,,,,,missing,open,False,observed,mmrcl_station_cstm,96fd2a89d894250f6d0612c6dc315e61734f44ee76eb773bb8159cb2d51dce34
CSTM,3,A1,,,,,,missing,open,False,observed,mmrcl_station_cstm,96fd2a89d894250f6d0612c6dc315e61734f44ee76eb773bb8159cb2d51dce34
CSTM,4,B1,,,,,,missing,open,False,observed,mmrcl_station_cstm,96fd2a89d894250f6d0612c6dc315e61734f44ee76eb773bb8159cb2d51dce34
CSTM,5,B2,,,,,,missing,open,False,observed,mmrcl_station_cstm,96fd2a89d894250f6d0612c6dc315e61734f44ee76eb773bb8159cb2d51dce34
CSTM,6,A2,,,,,,missing,open,False,observed,mmrcl_station_cstm,96fd2a89d894250f6d0612c6dc315e61734f44ee76eb773bb8159cb2d51dce34
CUP,1,A2,,,,,,missing,open,False,observed,mmrcl_station_cup,94351c2914a2e1bdd0b3cd71fffda6b824373c4112a844c0b6d5822be7d8351e
CUP,2,B2,,,,,,missing,open,False,observed,mmrcl_station_cup,94351c2914a2e1bdd0b3cd71fffda6b824373c4112a844c0b6d5822be7d8351e
CUP,3,B1,,,,,,missing,close,False,observed,mmrcl_station_cup,94351c2914a2e1bdd0b3cd71fffda6b824373c4112a844c0b6d5822be7d8351e
CUP,4,A1,,,,,,missing,open,False,observed,mmrcl_station_cup,94351c2914a2e1bdd0b3cd71fffda6b824373c4112a844c0b6d5822be7d8351e
DDRM,1,A3,,19.02262,72.83833,19.02262,72.83833,range_checked_only,open,False,observed,mmrcl_station_ddrm,3ce73fdf31322d3ef03fecbb5149cb535b330721b271b7cb3d7ae8cf84730f56
DDRM,2,A4,,19.02302,72.8386,19.02302,72.8386,range_checked_only,open,False,observed,mmrcl_station_ddrm,3ce73fdf31322d3ef03fecbb5149cb535b330721b271b7cb3d7ae8cf84730f56
DDRM,3,B3,,19.0245,72.83992,19.0245,72.83992,range_checked_only,open,False,observed,mmrcl_station_ddrm,3ce73fdf31322d3ef03fecbb5149cb535b330721b271b7cb3d7ae8cf84730f56
DDRM,4,B1,,19.02427,72.83998,19.02427,72.83998,range_checked_only,open,False,observed,mmrcl_station_ddrm,3ce73fdf31322d3ef03fecbb5149cb535b330721b271b7cb3d7ae8cf84730f56
DDRM,5,B2,,19.02398,72.83969,19.02398,72.83969,range_checked_only,close,False,observed,mmrcl_station_ddrm,3ce73fdf31322d3ef03fecbb5149cb535b330721b271b7cb3d7ae8cf84730f56
DDRM,6,A1,,19.02313,72.83899,19.02313,72.83899,range_checked_only,close,False,observed,mmrcl_station_ddrm,3ce73fdf31322d3ef03fecbb5149cb535b330721b271b7cb3d7ae8cf84730f56
DDRM,7,A2,,19.02253,72.8384,19.02253,72.8384,range_checked_only,open,False,observed,mmrcl_station_ddrm,3ce73fdf31322d3ef03fecbb5149cb535b330721b271b7cb3d7ae8cf84730f56
DHAV,1,A2,,19.046304,72.849523,19.046304,72.849523,range_checked_only,open,False,observed,mmrcl_station_dhav,e743a16db5fea119816b94a3162c3f015732e407ed8005067ea37fbb88c4273c
DHAV,2,B2,,19.0465767810946,72.8506323648018,19.0465767810946,72.8506323648018,range_checked_only,open,True,observed,mmrcl_station_dhav,e743a16db5fea119816b94a3162c3f015732e407ed8005067ea37fbb88c4273c
DHAV,3,B1,,19.0463023973952,72.8512870209965,19.0463023973952,72.8512870209965,range_checked_only,open,True,observed,mmrcl_station_dhav,e743a16db5fea119816b94a3162c3f015732e407ed8005067ea37fbb88c4273c
DHAV,4,A1,,19.0460182452078,72.8493673986887,19.0460182452078,72.8493673986887,range_checked_only,open,True,observed,mmrcl_station_dhav,e743a16db5fea119816b94a3162c3f015732e407ed8005067ea37fbb88c4273c
GIRG,1,A2,,,,,,missing,open,False,observed,mmrcl_station_girg,c1e9e6984f78a0e728194a889bae52a2b67b0e26ae8482d973122c90026c7ce7
GIRG,2,B1,,,,,,missing,open,False,observed,mmrcl_station_girg,c1e9e6984f78a0e728194a889bae52a2b67b0e26ae8482d973122c90026c7ce7
GIRG,3,A1,,,,,,missing,close,False,observed,mmrcl_station_girg,c1e9e6984f78a0e728194a889bae52a2b67b0e26ae8482d973122c90026c7ce7
GTRM,1,A2,,,,,,missing,open,False,observed,mmrcl_station_gtrm,fb9d5a29762b259a7edbff8199558cf35a0f9e90894dfcfcf5fcf1188cfe3c9e
GTRM,2,B1,,,,,,missing,open,False,observed,mmrcl_station_gtrm,fb9d5a29762b259a7edbff8199558cf35a0f9e90894dfcfcf5fcf1188cfe3c9e
GTRM,3,A1,,,,,,missing,open,False,observed,mmrcl_station_gtrm,fb9d5a29762b259a7edbff8199558cf35a0f9e90894dfcfcf5fcf1188cfe3c9e
HUC,1,A1,,,,,,missing,open,False,observed,mmrcl_station_huc,e353cac2882eec2ce3ba30b639143cd0bdc3e69fb25d22368d8d4bc7942b7bbc
HUC,2,A2,,,,,,missing,open,False,observed,mmrcl_station_huc,e353cac2882eec2ce3ba30b639143cd0bdc3e69fb25d22368d8d4bc7942b7bbc
HUC,3,A3,,,,,,missing,open,False,observed,mmrcl_station_huc,e353cac2882eec2ce3ba30b639143cd0bdc3e69fb25d22368d8d4bc7942b7bbc
HUC,4,B2,,,,,,missing,open,False,observed,mmrcl_station_huc,e353cac2882eec2ce3ba30b639143cd0bdc3e69fb25d22368d8d4bc7942b7bbc
HUC,5,B1,,,,,,missing,close,False,observed,mmrcl_station_huc,e353cac2882eec2ce3ba30b639143cd0bdc3e69fb25d22368d8d4bc7942b7bbc
HUC,6,A4,,,,,,missing,close,False,observed,mmrcl_station_huc,e353cac2882eec2ce3ba30b639143cd0bdc3e69fb25d22368d8d4bc7942b7bbc
HUC,7,B3,,,,,,missing,open,False,observed,mmrcl_station_huc,e353cac2882eec2ce3ba30b639143cd0bdc3e69fb25d22368d8d4bc7942b7bbc
HUC,8,B4,,,,,,missing,open,False,observed,mmrcl_station_huc,e353cac2882eec2ce3ba30b639143cd0bdc3e69fb25d22368d8d4bc7942b7bbc
KLBD,1,A1,,,,,,missing,close,False,observed,mmrcl_station_klbd,6c78023ab48793db16a59a75d2c2b4dcdfecc1b0908e9279f35eb3659ec298e1
KLBD,2,B1,,,,,,missing,open,False,observed,mmrcl_station_klbd,6c78023ab48793db16a59a75d2c2b4dcdfecc1b0908e9279f35eb3659ec298e1
KLBD,3,A2,,,,,,missing,open,False,observed,mmrcl_station_klbd,6c78023ab48793db16a59a75d2c2b4dcdfecc1b0908e9279f35eb3659ec298e1
MCLM,1,A1,,,,,,missing,open,False,observed,mmrcl_station_mclm,6066ee6506f22cdef6a319066fc9b7e3939f7433ba27cca3172cdb5d162b9b1a
MCLM,2,A2,,,,,,missing,open,False,observed,mmrcl_station_mclm,6066ee6506f22cdef6a319066fc9b7e3939f7433ba27cca3172cdb5d162b9b1a
MCLM,3,A4,,,,,,missing,open,False,observed,mmrcl_station_mclm,6066ee6506f22cdef6a319066fc9b7e3939f7433ba27cca3172cdb5d162b9b1a
MCLM,4,B2,,,,,,missing,open,False,observed,mmrcl_station_mclm,6066ee6506f22cdef6a319066fc9b7e3939f7433ba27cca3172cdb5d162b9b1a
MCLM,5,B3,,,,,,missing,open,False,observed,mmrcl_station_mclm,6066ee6506f22cdef6a319066fc9b7e3939f7433ba27cca3172cdb5d162b9b1a
MCLM,6,B4,,,,,,missing,open,False,observed,mmrcl_station_mclm,6066ee6506f22cdef6a319066fc9b7e3939f7433ba27cca3172cdb5d162b9b1a
MCLM,7,A5,,,,,,missing,open,False,observed,mmrcl_station_mclm,6066ee6506f22cdef6a319066fc9b7e3939f7433ba27cca3172cdb5d162b9b1a
MIDC,1,A1,,19.1175186,72.8734209,19.1175186,72.8734209,range_checked_only,open,False,observed,mmrcl_station_midc,ef4287495685a82004d5d06ca07cfdc4b8dbbd1d536e2de190237799767ad91b
MIDC,2,A2,,19.117519,72.873421,19.117519,72.873421,range_checked_only,open,False,observed,mmrcl_station_midc,ef4287495685a82004d5d06ca07cfdc4b8dbbd1d536e2de190237799767ad91b
MIDC,3,B1,,19.1175529,72.8729347,19.1175529,72.8729347,range_checked_only,open,False,observed,mmrcl_station_midc,ef4287495685a82004d5d06ca07cfdc4b8dbbd1d536e2de190237799767ad91b
MIDC,4,B2,,19.1172665,72.8733478,19.1172665,72.8733478,range_checked_only,open,False,observed,mmrcl_station_midc,ef4287495685a82004d5d06ca07cfdc4b8dbbd1d536e2de190237799767ad91b
MLXM,1,A1,,,,,,missing,open,False,observed,mmrcl_station_mlxm,d1cf9b919f09da35eb6c58700d63b77813d3bc164c8d0076050582de98f272d5
MLXM,2,B2,,,,,,missing,open,False,observed,mmrcl_station_mlxm,d1cf9b919f09da35eb6c58700d63b77813d3bc164c8d0076050582de98f272d5
MLXM,3,B3,,,,,,missing,open,False,observed,mmrcl_station_mlxm,d1cf9b919f09da35eb6c58700d63b77813d3bc164c8d0076050582de98f272d5
MLXM,4,B5,,,,,,missing,open,False,observed,mmrcl_station_mlxm,d1cf9b919f09da35eb6c58700d63b77813d3bc164c8d0076050582de98f272d5
MLXM,5,A2,,,,,,missing,open,False,observed,mmrcl_station_mlxm,d1cf9b919f09da35eb6c58700d63b77813d3bc164c8d0076050582de98f272d5
MLXM,6,A4,,,,,,missing,open,False,observed,mmrcl_station_mlxm,d1cf9b919f09da35eb6c58700d63b77813d3bc164c8d0076050582de98f272d5
MNK,1,A1,,19.108325,72.878618,19.108325,72.878618,range_checked_only,open,False,observed,mmrcl_station_mnk,7067f7161bf0db06c3da4d5bed20b4015d91b4fbe7b1200befe783277abb7bfb
MNK,2,A2,,19.108436,72.878289,19.108436,72.878289,range_checked_only,open,False,observed,mmrcl_station_mnk,7067f7161bf0db06c3da4d5bed20b4015d91b4fbe7b1200befe783277abb7bfb
MNK,3,B1,,19.108674,72.878665,19.108674,72.878665,range_checked_only,open,False,observed,mmrcl_station_mnk,7067f7161bf0db06c3da4d5bed20b4015d91b4fbe7b1200befe783277abb7bfb
MNK,4,B2,,19.108754,72.878286,19.108754,72.878286,range_checked_only,open,False,observed,mmrcl_station_mnk,7067f7161bf0db06c3da4d5bed20b4015d91b4fbe7b1200befe783277abb7bfb
SCMU,1,A1,,,,,,missing,open,False,observed,mmrcl_station_scmu,e25ffb0d0d739085200b4b3f7708f22df883e3381aa2aaf25ddcc2520bf158fa
SCMU,2,B2,,,,,,missing,open,False,observed,mmrcl_station_scmu,e25ffb0d0d739085200b4b3f7708f22df883e3381aa2aaf25ddcc2520bf158fa
SCMU,3,B3,,,,,,missing,open,False,observed,mmrcl_station_scmu,e25ffb0d0d739085200b4b3f7708f22df883e3381aa2aaf25ddcc2520bf158fa
SCMU,4,A3,,,,,,missing,open,False,observed,mmrcl_station_scmu,e25ffb0d0d739085200b4b3f7708f22df883e3381aa2aaf25ddcc2520bf158fa
SCMU,5,A4,,,,,,missing,open,False,observed,mmrcl_station_scmu,e25ffb0d0d739085200b4b3f7708f22df883e3381aa2aaf25ddcc2520bf158fa
SCMU,6,A6,,,,,,missing,open,False,observed,mmrcl_station_scmu,e25ffb0d0d739085200b4b3f7708f22df883e3381aa2aaf25ddcc2520bf158fa
SDIT,1,B2,,19.03743,72.84214,19.03743,72.84214,range_checked_only,open,False,observed,mmrcl_station_sdit,0dea1492ffa658aaf98b8da28c67f215b1bb79bb33b7b683e2e4a018d97aea21
SDIT,2,B1,,19.03788,72.84208,19.03788,72.84208,range_checked_only,open,False,observed,mmrcl_station_sdit,0dea1492ffa658aaf98b8da28c67f215b1bb79bb33b7b683e2e4a018d97aea21
SDIT,3,A1,,19.03951,72.8416,19.03951,72.8416,range_checked_only,open,False,observed,mmrcl_station_sdit,0dea1492ffa658aaf98b8da28c67f215b1bb79bb33b7b683e2e4a018d97aea21
SDIT,4,A2,,19.0386,72.84213,19.0386,72.84213,range_checked_only,open,False,observed,mmrcl_station_sdit,0dea1492ffa658aaf98b8da28c67f215b1bb79bb33b7b683e2e4a018d97aea21
SDIT,5,B3,,19.03818,72.84223,19.03818,72.84223,range_checked_only,open,False,observed,mmrcl_station_sdit,0dea1492ffa658aaf98b8da28c67f215b1bb79bb33b7b683e2e4a018d97aea21
SEPZ,1,A1,,19.1246771426273,72.8728405658148,19.1246771426273,72.8728405658148,range_checked_only,open,False,observed,mmrcl_station_sepz,d99109944e753dd20cb7a862bf6a0c8149d1246446214a35058231e56337dc9f
SEPZ,2,A2,,19.1257725516725,72.8732611066998,19.1257725516725,72.8732611066998,range_checked_only,open,False,observed,mmrcl_station_sepz,d99109944e753dd20cb7a862bf6a0c8149d1246446214a35058231e56337dc9f
SEPZ,3,B1,,19.1266107571448,72.87420836685,19.1266107571448,72.87420836685,range_checked_only,open,False,observed,mmrcl_station_sepz,d99109944e753dd20cb7a862bf6a0c8149d1246446214a35058231e56337dc9f
SEPZ,4,B2,,19.1258240487961,72.8736428620603,19.1258240487961,72.8736428620603,range_checked_only,open,False,observed,mmrcl_station_sepz,d99109944e753dd20cb7a862bf6a0c8149d1246446214a35058231e56337dc9f
SHRR,1,A1,,19.102111,72.866184,19.102111,72.866184,range_checked_only,open,False,observed,mmrcl_station_shrr,e0ae6452f0f048d3bf1538d2910072e108046536dc7e73700035d2c7c42c8e87
SHRR,2,A2,,,,275403.504,2113584.415,invalid_degrees_or_undeclared_projected_crs,open,False,observed,mmrcl_station_shrr,e0ae6452f0f048d3bf1538d2910072e108046536dc7e73700035d2c7c42c8e87
SHRR,3,A3,,,,275445.441,2113585.706,invalid_degrees_or_undeclared_projected_crs,open,False,observed,mmrcl_station_shrr,e0ae6452f0f048d3bf1538d2910072e108046536dc7e73700035d2c7c42c8e87
SHRR,4,A4,,,,275444.298,2113555.992,invalid_degrees_or_undeclared_projected_crs,open,False,observed,mmrcl_station_shrr,e0ae6452f0f048d3bf1538d2910072e108046536dc7e73700035d2c7c42c8e87
SHRR,5,A5,,,,275402.261,2113554.701,invalid_degrees_or_undeclared_projected_crs,open,False,observed,mmrcl_station_shrr,e0ae6452f0f048d3bf1538d2910072e108046536dc7e73700035d2c7c42c8e87
SHRR,6,B1,,19.102654,72.865548,19.102654,72.865548,range_checked_only,open,False,observed,mmrcl_station_shrr,e0ae6452f0f048d3bf1538d2910072e108046536dc7e73700035d2c7c42c8e87
SIDV,1,A2,,19.01693,72.82974,19.01693,72.82974,range_checked_only,open,False,observed,mmrcl_station_sidv,91cb2657227596884eb9069e032b31a20f4d59688dd73df847bdb172a0176c03
SIDV,2,A3,,19.01679,72.82989,19.01679,72.82989,range_checked_only,open,False,observed,mmrcl_station_sidv,91cb2657227596884eb9069e032b31a20f4d59688dd73df847bdb172a0176c03
SIDV,3,A4,,19.01651,72.8305,19.01651,72.8305,range_checked_only,open,False,observed,mmrcl_station_sidv,91cb2657227596884eb9069e032b31a20f4d59688dd73df847bdb172a0176c03
SIDV,4,B1,,19.01574,72.83172,19.01574,72.83172,range_checked_only,open,False,observed,mmrcl_station_sidv,91cb2657227596884eb9069e032b31a20f4d59688dd73df847bdb172a0176c03
SIDV,5,A5,,19.01537,72.82996,19.01537,72.82996,range_checked_only,open,False,observed,mmrcl_station_sidv,91cb2657227596884eb9069e032b31a20f4d59688dd73df847bdb172a0176c03
SIDV,6,A1,,19.01622,72.8289,19.01622,72.8289,range_checked_only,open,False,observed,mmrcl_station_sidv,91cb2657227596884eb9069e032b31a20f4d59688dd73df847bdb172a0176c03
SIDV,7,B2,,19.01551,72.83203,19.01551,72.83203,range_checked_only,open,False,observed,mmrcl_station_sidv,91cb2657227596884eb9069e032b31a20f4d59688dd73df847bdb172a0176c03
STZM,1,A1,,19.0772257691192,72.8471397029724,19.0772257691192,72.8471397029724,range_checked_only,close,False,observed,mmrcl_station_stzm,3e839cbd2769c75e52047a14caa00f05b79b327f9047311e7cfdb91556d9ae93
STZM,2,A2,,19.0777213766404,72.8465936452506,19.0777213766404,72.8465936452506,range_checked_only,open,False,observed,mmrcl_station_stzm,3e839cbd2769c75e52047a14caa00f05b79b327f9047311e7cfdb91556d9ae93
STZM,3,B1,,19.0798733377189,72.847192836886,19.0798733377189,72.847192836886,range_checked_only,open,True,observed,mmrcl_station_stzm,3e839cbd2769c75e52047a14caa00f05b79b327f9047311e7cfdb91556d9ae93
STZM,4,B2,,19.0795042806455,72.8466246958927,19.0795042806455,72.8466246958927,range_checked_only,open,True,observed,mmrcl_station_stzm,3e839cbd2769c75e52047a14caa00f05b79b327f9047311e7cfdb91556d9ae93
VIDB,1,A1,,,,,,missing,close,False,observed,mmrcl_station_vidb,9d42aee07c56ca429ecf520a3935ab81947a3f5cbc44c2c358a9085577f7eaed
VIDB,2,A2,,,,,,missing,close,False,observed,mmrcl_station_vidb,9d42aee07c56ca429ecf520a3935ab81947a3f5cbc44c2c358a9085577f7eaed
VIDB,3,B3,,,,,,missing,open,False,observed,mmrcl_station_vidb,9d42aee07c56ca429ecf520a3935ab81947a3f5cbc44c2c358a9085577f7eaed
VIDB,4,B4,,,,,,missing,open,False,observed,mmrcl_station_vidb,9d42aee07c56ca429ecf520a3935ab81947a3f5cbc44c2c358a9085577f7eaed
VIDB,5,B5,,,,,,missing,open,False,observed,mmrcl_station_vidb,9d42aee07c56ca429ecf520a3935ab81947a3f5cbc44c2c358a9085577f7eaed
VIDB,6,B1,,,,,,missing,open,False,observed,mmrcl_station_vidb,9d42aee07c56ca429ecf520a3935ab81947a3f5cbc44c2c358a9085577f7eaed
VIDB,7,B2,,,,,,missing,close,False,observed,mmrcl_station_vidb,9d42aee07c56ca429ecf520a3935ab81947a3f5cbc44c2c358a9085577f7eaed
VIDB,8,A3,,,,,,missing,open,False,observed,mmrcl_station_vidb,9d42aee07c56ca429ecf520a3935ab81947a3f5cbc44c2c358a9085577f7eaed
VIDN,1,A1,,19.06976406683,72.8494521913513,19.06976406683,72.8494521913513,range_checked_only,open,False,observed,mmrcl_station_vidn,13d172b532bc0d99f512a41de17610d0b9516abc4d95e64657db4ce16ec6e6a9
VIDN,2,A2,,19.0694465150979,72.8499888341933,19.0694465150979,72.8499888341933,range_checked_only,open,False,observed,mmrcl_station_vidn,13d172b532bc0d99f512a41de17610d0b9516abc4d95e64657db4ce16ec6e6a9
VIDN,3,B1,,19.0703705251713,72.8491074547708,19.0703705251713,72.8491074547708,range_checked_only,open,False,observed,mmrcl_station_vidn,13d172b532bc0d99f512a41de17610d0b9516abc4d95e64657db4ce16ec6e6a9
VIDN,4,B2,,19.0709304362053,72.8491697391119,19.0709304362053,72.8491697391119,range_checked_only,open,True,observed,mmrcl_station_vidn,13d172b532bc0d99f512a41de17610d0b9516abc4d95e64657db4ce16ec6e6a9
WOR,1,A1,,19.0078,72.8187,19.0078,72.8187,range_checked_only,open,False,observed,mmrcl_station_wor,1b5c5a3c928181e6ce21aa31396d6c111d9fc2dce7c90959965e299fe2496b81
WOR,2,B1,,19.0087,72.8192,19.0087,72.8192,range_checked_only,open,True,observed,mmrcl_station_wor,1b5c5a3c928181e6ce21aa31396d6c111d9fc2dce7c90959965e299fe2496b81
WOR,3,B3,,19.0093,72.8196,19.0093,72.8196,range_checked_only,open,True,observed,mmrcl_station_wor,1b5c5a3c928181e6ce21aa31396d6c111d9fc2dce7c90959965e299fe2496b81
WOR,4,B4,,19.0088,72.82,19.0088,72.82,range_checked_only,open,False,observed,mmrcl_station_wor,1b5c5a3c928181e6ce21aa31396d6c111d9fc2dce7c90959965e299fe2496b81
WOR,5,A2,,19.008,72.8192,19.008,72.8192,range_checked_only,open,True,observed,mmrcl_station_wor,1b5c5a3c928181e6ce21aa31396d6c111d9fc2dce7c90959965e299fe2496b81
WOR,6,B2,,19.009024739570204,72.81933744038685,19.009024739570204,72.81933744038685,range_checked_only,open,False,observed,mmrcl_station_wor,1b5c5a3c928181e6ce21aa31396d6c111d9fc2dce7c90959965e299fe2496b81
