directory_route_id,port_group,route_name,first_departure_raw,last_departure_raw,fare_raw,passenger_capacity_raw,source,source_id,source_url,source_sha256,validation_status
1,Bandra,Versova to Madh,05.30 AM,12.00 AM,"Rs 10/-, Rs 5/-",37 (fair season),published_service_directory,mmb_routes,https://maharashtramaritimeboard.com/api/v1/passenger-water-transport/route-service-info/pwt-routes,1e7db7900997fb74e1b435c7adde0c7a2f069fdc7e3f823f563c3e878dbb83d4,"Units, season, vessel/fleet basis and base-date service unverified"
2,Bandra,Madh to Versova,05.00 AM,01.00 PM,"Rs 10/-, Rs 5/-",60–70 (fair season),published_service_directory,mmb_routes,https://maharashtramaritimeboard.com/api/v1/passenger-water-transport/route-service-info/pwt-routes,1e7db7900997fb74e1b435c7adde0c7a2f069fdc7e3f823f563c3e878dbb83d4,"Units, season, vessel/fleet basis and base-date service unverified"
3,Bandra,Marve to Manori,05.10 AM,12.10 AM,"Rs 15/- Passenger, Child Rs 5/-",Fair 313 / Foul 201,published_service_directory,mmb_routes,https://maharashtramaritimeboard.com/api/v1/passenger-water-transport/route-service-info/pwt-routes,1e7db7900997fb74e1b435c7adde0c7a2f069fdc7e3f823f563c3e878dbb83d4,"Units, season, vessel/fleet basis and base-date service unverified"
4,Bandra,Gorai to Borivali,05.00 AM,12.00 AM,"Rs 15/- Passenger, Child Rs 5/-",Fair 290 / Foul 186,published_service_directory,mmb_routes,https://maharashtramaritimeboard.com/api/v1/passenger-water-transport/route-service-info/pwt-routes,1e7db7900997fb74e1b435c7adde0c7a2f069fdc7e3f823f563c3e878dbb83d4,"Units, season, vessel/fleet basis and base-date service unverified"
5,Bandra,Borivali to Esselworld,07.40 AM,08.30 PM,Rs 100/-,Fair 423,published_service_directory,mmb_routes,https://maharashtramaritimeboard.com/api/v1/passenger-water-transport/route-service-info/pwt-routes,1e7db7900997fb74e1b435c7adde0c7a2f069fdc7e3f823f563c3e878dbb83d4,"Units, season, vessel/fleet basis and base-date service unverified"
6,Bandra,Marve to Esselworld,07.40 AM,08.30 PM,Rs 100/-,-,published_service_directory,mmb_routes,https://maharashtramaritimeboard.com/api/v1/passenger-water-transport/route-service-info/pwt-routes,1e7db7900997fb74e1b435c7adde0c7a2f069fdc7e3f823f563c3e878dbb83d4,"Units, season, vessel/fleet basis and base-date service unverified"
7,Bandra,Arnala to Arnala Killa,06.00 AM,08.00 PM,Rs 10/-,10,published_service_directory,mmb_routes,https://maharashtramaritimeboard.com/api/v1/passenger-water-transport/route-service-info/pwt-routes,1e7db7900997fb74e1b435c7adde0c7a2f069fdc7e3f823f563c3e878dbb83d4,"Units, season, vessel/fleet basis and base-date service unverified"
8,Mora,New Ferry Wharf to Mora,06:30 HRS,19:15 HRS,(Fair season) Adult - 80/- (Foul season) Adult - 105/-,1635,published_service_directory,mmb_routes,https://maharashtramaritimeboard.com/api/v1/passenger-water-transport/route-service-info/pwt-routes,1e7db7900997fb74e1b435c7adde0c7a2f069fdc7e3f823f563c3e878dbb83d4,"Units, season, vessel/fleet basis and base-date service unverified"
9,Mora,New Ferry Wharf to Rewas,06:00 HRS,20:00 HRS,Adult - 100/-,,published_service_directory,mmb_routes,https://maharashtramaritimeboard.com/api/v1/passenger-water-transport/route-service-info/pwt-routes,1e7db7900997fb74e1b435c7adde0c7a2f069fdc7e3f823f563c3e878dbb83d4,"Units, season, vessel/fleet basis and base-date service unverified"
10,Mora,Gateway to Elephanta,08:30 HRS,15:30 HRS,"Economy - 185/- (Return) | Deluxe - 290/-, Child - 195/- (Return)",Min. 40 Max. 80,published_service_directory,mmb_routes,https://maharashtramaritimeboard.com/api/v1/passenger-water-transport/route-service-info/pwt-routes,1e7db7900997fb74e1b435c7adde0c7a2f069fdc7e3f823f563c3e878dbb83d4,"Units, season, vessel/fleet basis and base-date service unverified"
11,Mora,Gateway to Mandwa,06:15 HRS,19:30 HRS,"185/- | Main Deck - 200/-, Upper deck - 250/-, AC Deck - 285/-",Min. 80 Max. 390,published_service_directory,mmb_routes,https://maharashtramaritimeboard.com/api/v1/passenger-water-transport/route-service-info/pwt-routes,1e7db7900997fb74e1b435c7adde0c7a2f069fdc7e3f823f563c3e878dbb83d4,"Units, season, vessel/fleet basis and base-date service unverified"
12,Mora,Karanja to Rewas,06:30 HRS,19:00 HRS,"Adult - 30/-, Child - 15/- 55/- Motor Cycle",147,published_service_directory,mmb_routes,https://maharashtramaritimeboard.com/api/v1/passenger-water-transport/route-service-info/pwt-routes,1e7db7900997fb74e1b435c7adde0c7a2f069fdc7e3f823f563c3e878dbb83d4,"Units, season, vessel/fleet basis and base-date service unverified"
13,Mora,Mora to Sasoondock,07:00 HRS,16:00 HRS,50/-,50,published_service_directory,mmb_routes,https://maharashtramaritimeboard.com/api/v1/passenger-water-transport/route-service-info/pwt-routes,1e7db7900997fb74e1b435c7adde0c7a2f069fdc7e3f823f563c3e878dbb83d4,"Units, season, vessel/fleet basis and base-date service unverified"
14,Mora,Ferry wharf to Mandwa (M2M),In-between 07:00 HRS to 09:00 HRS,18:30 HRS to 20:00 HRS,440/- (Passenger),780/520,published_service_directory,mmb_routes,https://maharashtramaritimeboard.com/api/v1/passenger-water-transport/route-service-info/pwt-routes,1e7db7900997fb74e1b435c7adde0c7a2f069fdc7e3f823f563c3e878dbb83d4,"Units, season, vessel/fleet basis and base-date service unverified"
15,Mora,Belapur to Nerul / Vashi harbour,08:00 HRS,19:00 HRS,Fair Season: 500 (Flemingo) and 200 (Floatel),81,published_service_directory,mmb_routes,https://maharashtramaritimeboard.com/api/v1/passenger-water-transport/route-service-info/pwt-routes,1e7db7900997fb74e1b435c7adde0c7a2f069fdc7e3f823f563c3e878dbb83d4,"Units, season, vessel/fleet basis and base-date service unverified"
16,Mora,Vasai to Bhayender,06:45 AM (VASAI),09:00 PM (BHAYANDER),Fare and Foul Season: 30/-,100,published_service_directory,mmb_routes,https://maharashtramaritimeboard.com/api/v1/passenger-water-transport/route-service-info/pwt-routes,1e7db7900997fb74e1b435c7adde0c7a2f069fdc7e3f823f563c3e878dbb83d4,"Units, season, vessel/fleet basis and base-date service unverified"
17,Mora,CIDCO PWT (Nerul) to Elephanta,,,635,,published_service_directory,mmb_routes,https://maharashtramaritimeboard.com/api/v1/passenger-water-transport/route-service-info/pwt-routes,1e7db7900997fb74e1b435c7adde0c7a2f069fdc7e3f823f563c3e878dbb83d4,"Units, season, vessel/fleet basis and base-date service unverified"
18,Mora,New Ferry Wharf to CIDCO PWT (Nerul),,,935,,published_service_directory,mmb_routes,https://maharashtramaritimeboard.com/api/v1/passenger-water-transport/route-service-info/pwt-routes,1e7db7900997fb74e1b435c7adde0c7a2f069fdc7e3f823f563c3e878dbb83d4,"Units, season, vessel/fleet basis and base-date service unverified"
19,Mora,CIDCO PWT (Nerul) to Mandwa,,,1210,,published_service_directory,mmb_routes,https://maharashtramaritimeboard.com/api/v1/passenger-water-transport/route-service-info/pwt-routes,1e7db7900997fb74e1b435c7adde0c7a2f069fdc7e3f823f563c3e878dbb83d4,"Units, season, vessel/fleet basis and base-date service unverified"
20,Mora,Narangi to kharvadeshvari,,, Adult - 33/- Child – 17/-,,published_service_directory,mmb_routes,https://maharashtramaritimeboard.com/api/v1/passenger-water-transport/route-service-info/pwt-routes,1e7db7900997fb74e1b435c7adde0c7a2f069fdc7e3f823f563c3e878dbb83d4,"Units, season, vessel/fleet basis and base-date service unverified"
21,Rajpuri,Thal to Khanderi,08.30 AM,03.30 PM,180/- (Return),30,published_service_directory,mmb_routes,https://maharashtramaritimeboard.com/api/v1/passenger-water-transport/route-service-info/pwt-routes,1e7db7900997fb74e1b435c7adde0c7a2f069fdc7e3f823f563c3e878dbb83d4,"Units, season, vessel/fleet basis and base-date service unverified"
22,Rajpuri,Rajpuri to janjira killa,09.00 AM,04.30 PM,Adult - 100/- Child – 50/-,490,published_service_directory,mmb_routes,https://maharashtramaritimeboard.com/api/v1/passenger-water-transport/route-service-info/pwt-routes,1e7db7900997fb74e1b435c7adde0c7a2f069fdc7e3f823f563c3e878dbb83d4,"Units, season, vessel/fleet basis and base-date service unverified"
23,Rajpuri,Murud bunder to Janjira killa,09.30 AM,04.30 PM,Adult - 100/- Child – 50/-,464,published_service_directory,mmb_routes,https://maharashtramaritimeboard.com/api/v1/passenger-water-transport/route-service-info/pwt-routes,1e7db7900997fb74e1b435c7adde0c7a2f069fdc7e3f823f563c3e878dbb83d4,"Units, season, vessel/fleet basis and base-date service unverified"
24,Rajpuri,Khora bunder to kasa killa,09.00 AM,04.00 PM,Adult - 110/- Child – 55/-,237,published_service_directory,mmb_routes,https://maharashtramaritimeboard.com/api/v1/passenger-water-transport/route-service-info/pwt-routes,1e7db7900997fb74e1b435c7adde0c7a2f069fdc7e3f823f563c3e878dbb83d4,"Units, season, vessel/fleet basis and base-date service unverified"
25,Rajpuri,Dighi to Agardanda RO-RO,08.00 AM,07.30 PM,Adult – 35/- Child – 18/-,190,published_service_directory,mmb_routes,https://maharashtramaritimeboard.com/api/v1/passenger-water-transport/route-service-info/pwt-routes,1e7db7900997fb74e1b435c7adde0c7a2f069fdc7e3f823f563c3e878dbb83d4,"Units, season, vessel/fleet basis and base-date service unverified"
26,Rajpuri,Dighi to Janjira Killa,09.30 AM,04.00 PM,Adult - 180/- Child – 90/-,95,published_service_directory,mmb_routes,https://maharashtramaritimeboard.com/api/v1/passenger-water-transport/route-service-info/pwt-routes,1e7db7900997fb74e1b435c7adde0c7a2f069fdc7e3f823f563c3e878dbb83d4,"Units, season, vessel/fleet basis and base-date service unverified"
27,Ratnagiri,Hatis to Tonde,08.00 AM (Hatis),18.00 (Tonde),11,9,published_service_directory,mmb_routes,https://maharashtramaritimeboard.com/api/v1/passenger-water-transport/route-service-info/pwt-routes,1e7db7900997fb74e1b435c7adde0c7a2f069fdc7e3f823f563c3e878dbb83d4,"Units, season, vessel/fleet basis and base-date service unverified"
28,Ratnagiri,Jaigad to Tavasal,06.40 AM (Jaigad),10.00 PM (Tavasal),Adult - 30/- Child - 15/-,100,published_service_directory,mmb_routes,https://maharashtramaritimeboard.com/api/v1/passenger-water-transport/route-service-info/pwt-routes,1e7db7900997fb74e1b435c7adde0c7a2f069fdc7e3f823f563c3e878dbb83d4,"Units, season, vessel/fleet basis and base-date service unverified"
29,Ratnagiri,Kudli to Jambhari,06.15 AM (Jambhari),07.00 PM (Kudli),Adult - 15/- Child - 7/-,9,published_service_directory,mmb_routes,https://maharashtramaritimeboard.com/api/v1/passenger-water-transport/route-service-info/pwt-routes,1e7db7900997fb74e1b435c7adde0c7a2f069fdc7e3f823f563c3e878dbb83d4,"Units, season, vessel/fleet basis and base-date service unverified"
30,Ratnagiri,Navanagar to Katele,06.20 AM (Navanagar),07.20 PM (Katele),17/-,10,published_service_directory,mmb_routes,https://maharashtramaritimeboard.com/api/v1/passenger-water-transport/route-service-info/pwt-routes,1e7db7900997fb74e1b435c7adde0c7a2f069fdc7e3f823f563c3e878dbb83d4,"Units, season, vessel/fleet basis and base-date service unverified"
31,Ratnagiri,Padave to Satiwade,06.15 AM (Padave),07.15 PM (Satiwade),17/-,10,published_service_directory,mmb_routes,https://maharashtramaritimeboard.com/api/v1/passenger-water-transport/route-service-info/pwt-routes,1e7db7900997fb74e1b435c7adde0c7a2f069fdc7e3f823f563c3e878dbb83d4,"Units, season, vessel/fleet basis and base-date service unverified"
32,Ratnagiri,Dabhol to Dhopave,06.30 AM (Dabhol),10.10 PM (Dhopave),Adult - 20/- Child - 10/-,100,published_service_directory,mmb_routes,https://maharashtramaritimeboard.com/api/v1/passenger-water-transport/route-service-info/pwt-routes,1e7db7900997fb74e1b435c7adde0c7a2f069fdc7e3f823f563c3e878dbb83d4,"Units, season, vessel/fleet basis and base-date service unverified"
33,Ratnagiri,Dabhol to Veldur,06.45 AM (Dabhol),06.30 PM (Veldur),15,6,published_service_directory,mmb_routes,https://maharashtramaritimeboard.com/api/v1/passenger-water-transport/route-service-info/pwt-routes,1e7db7900997fb74e1b435c7adde0c7a2f069fdc7e3f823f563c3e878dbb83d4,"Units, season, vessel/fleet basis and base-date service unverified"
34,Ratnagiri,Dabhol to Navanegar,06.45 AM (Dabhol),06.30 PM (Navanagar),11,6,published_service_directory,mmb_routes,https://maharashtramaritimeboard.com/api/v1/passenger-water-transport/route-service-info/pwt-routes,1e7db7900997fb74e1b435c7adde0c7a2f069fdc7e3f823f563c3e878dbb83d4,"Units, season, vessel/fleet basis and base-date service unverified"
35,Ratnagiri,Veshvi to Bagmandla,07.00 AM (Veshvi),10.10 PM (Bagmandla),Adult - 20/- Child - 10/-,100,published_service_directory,mmb_routes,https://maharashtramaritimeboard.com/api/v1/passenger-water-transport/route-service-info/pwt-routes,1e7db7900997fb74e1b435c7adde0c7a2f069fdc7e3f823f563c3e878dbb83d4,"Units, season, vessel/fleet basis and base-date service unverified"
36,Vengurla,Malvan Jetty to Sindhudurg Killa,07.00 AM,17.00 PM,Adult - 100/- Child - 50/-,754,published_service_directory,mmb_routes,https://maharashtramaritimeboard.com/api/v1/passenger-water-transport/route-service-info/pwt-routes,1e7db7900997fb74e1b435c7adde0c7a2f069fdc7e3f823f563c3e878dbb83d4,"Units, season, vessel/fleet basis and base-date service unverified"
37,Vengurla,Padmgad Dandi to Sindhudurg killa,07.00 AM,17.00 PM,Adult - 100/- Child - 50/-,24,published_service_directory,mmb_routes,https://maharashtramaritimeboard.com/api/v1/passenger-water-transport/route-service-info/pwt-routes,1e7db7900997fb74e1b435c7adde0c7a2f069fdc7e3f823f563c3e878dbb83d4,"Units, season, vessel/fleet basis and base-date service unverified"
