source,candidate_id,pattern_id,timetable_services,osm_route_relation_id,station_keys_json,boarding_node_ids_json,route_node_positions_json,leg_lengths_geodesic_m_json,length_geodesic_m,segment_traversals,listed_stop_order_agrees,assigned_nodes_not_listed_in_relation_json,mapped_stops_without_timetable_candidate_json,direction_status_counts_json,against_preferred_direction_segments,status,schedule_export_eligible
derived_boarding_assignment_on_fixed_mapped_chain,cb0fd2aa6fdb62a122fa01df45977dad8b41e1df67a789fac89c474a160e1462,05e91588bca4edf87f007c0968df634fafd0206a6897c48707df144b78cb063f,1,8130328,"[""CR_HB_LABEL:mumbai csmt"",""CR_HB_LABEL:masjid"",""CR_HB_LABEL:sandhurst road"",""CR_HB_LABEL:dockyard road"",""CR_HB_LABEL:reay road"",""CR_HB_LABEL:cotton green"",""CR_HB_LABEL:sewri"",""CR_HB_LABEL:vadala road"",""CR_HB_LABEL:gtb nagar"",""CR_HB_LABEL:chunabhatti"",""CR_HB_LABEL:kurla"",""CR_HB_LABEL:tilaknagar"",""CR_HB_LABEL:chembur""]","[316306549,621906366,2178163626,5389227991,7510862063,5389227965,5389227951,7510862066,7818093994,7818099446,1367093212,7818024713,651265045]","[0,44,62,74,97,109,123,154,197,217,247,271,280]","[1348.3874797779235,1022.4724225672285,797.8804449153582,1236.320958631916,1041.037560035448,1840.9591389601585,2040.5527999768253,2605.7384945038625,1690.529608859138,1877.6817294837012,1290.93978617589,1199.93276454304]",17992.43318843049,280,False,[],[],"{""explicit_oneway"":213,""missing_direction_unresolved"":60,""nonstatic_or_unknown_direction_unresolved"":7}",0,mapped_track_candidate_operating_assignment_unverified,False
derived_boarding_assignment_on_fixed_mapped_chain,4feb35bb9a1a84eb917b5422b83b75336153885dbcc9bae23b97516e724e0e64,09d1be51dc2b65b61b53fb2419a4d250ef3c14eb265f9f405a34bc4aed307e9a,1,9622461,"[""CR_HB_LABEL:chembur"",""CR_HB_LABEL:tilaknagar"",""CR_HB_LABEL:kurla"",""CR_HB_LABEL:chunabhatti"",""CR_HB_LABEL:gtb nagar"",""CR_HB_LABEL:vadala road"",""CR_HB_LABEL:sewri"",""CR_HB_LABEL:cotton green"",""CR_HB_LABEL:reay road"",""CR_HB_LABEL:dockyard road"",""CR_HB_LABEL:sandhurst road"",""CR_HB_LABEL:masjid"",""CR_HB_LABEL:mumbai csmt""]","[1367093081,6171366460,1367093210,7818099445,7818093995,7510862064,619290284,4264980597,7510862062,619290482,2178163625,2176850501,2166817452]","[352,363,383,414,430,476,510,523,534,555,569,587,620]","[1237.8126320750155,1247.7361695583327,1871.7102923039242,1693.960324244551,2617.689100482345,2037.9547147065268,1841.9341437006112,1039.5129988450374,1238.7956285432983,797.1631056792348,1020.3454118247835,1344.549352620056]",17989.163874583715,268,True,[],[],"{""explicit_oneway"":209,""missing_direction_unresolved"":59}",0,mapped_track_candidate_operating_assignment_unverified,False
derived_boarding_assignment_on_fixed_mapped_chain,b733ffb4ea02078feb6e00eb715de266879892d18c4b6c93eb377f6aa22d8f9f,0fc170e71b93b36996d82eadcbafdc00dd0d3e0618189736fc63341ec112a5cf,60,8414240,"[""CR_THB_CODE:TNA"",""CR_THB_CODE:DIGH"",""CR_THB_CODE:AIRL"",""CR_THB_CODE:RABE"",""CR_THB_CODE:GNSL"",""CR_THB_CODE:KPHN"",""CR_THB_CODE:TUH"",""CR_THB_CODE:SNPD"",""CR_THB_CODE:VSH""]","[1647133382,13032197037,7818210885,7818144558,7818209607,7818118169,7818206408,1990672673,4822210993]","[1,47,73,101,124,139,170,216,228]","[3245.5000107506544,2625.47844689509,2451.7174478012753,2333.446831831814,1522.8327570702074,3174.234684746676,2024.5209207914024,1161.7645882607108]",18539.495688147832,227,True,[],[],"{""missing_direction_unresolved"":227}",0,mapped_track_candidate_operating_assignment_unverified,False
derived_boarding_assignment_on_fixed_mapped_chain,eb88ea10c3e69db02e2c2e2c23590af7a5e7bafecce05634c5fb335bb05feef5,180c40af9af92646aa3fb71cbb6c98457a41dec550c8177c080cefb30dcdb2a3,99,9622461,"[""CR_THB_CODE:PNVL"",""CR_THB_CODE:KNDS"",""CR_THB_CODE:MANR"",""CR_THB_CODE:KHAG"",""CR_THB_CODE:BEPR"",""CR_THB_CODE:SWDV"",""CR_THB_CODE:NEU"",""CR_HB_LABEL:juinagar"",""CR_HB_LABEL:sanpada"",""CR_HB_LABEL:vashi"",""CR_HB_LABEL:mankhurd"",""CR_HB_LABEL:govandi"",""CR_HB_LABEL:chembur"",""CR_HB_LABEL:tilaknagar"",""CR_HB_LABEL:kurla"",""CR_HB_LABEL:chunabhatti"",""CR_HB_LABEL:gtb nagar"",""CR_HB_LABEL:vadala road"",""CR_HB_LABEL:sewri"",""CR_HB_LABEL:cotton green"",""CR_HB_LABEL:reay road"",""CR_HB_LABEL:dockyard road"",""CR_HB_LABEL:sandhurst road"",""CR_HB_LABEL:masjid"",""CR_HB_LABEL:mumbai csmt""]","[7510862054,7818098638,7818067424,7818064488,7818124494,7818030805,7818050098,7817978923,4822210969,4819972201,1366794765,3878560519,1367093081,6171366460,1367093210,7818099445,7818093995,7510862064,619290284,4264980597,7510862062,619290482,2178163625,2176850501,2166817452]","[0,39,58,89,122,159,190,220,252,264,314,342,352,363,383,414,430,476,510,523,534,555,569,587,620]","[3423.359446536127,1906.4326480439781,2883.2709737845626,2340.5815671920627,2387.312333983669,1421.6142339978765,2479.728364314222,1862.8041087982276,1153.2327473506787,7466.497211714411,1911.707650082003,1745.3322778378265,1237.8126320750155,1247.7361695583327,1871.7102923039242,1693.960324244551,2617.689100482345,2037.9547147065268,1841.9341437006112,1039.5129988450374,1238.7956285432983,797.1631056792348,1020.3454118247835,1344.549352620056]",48971.03743821936,620,True,[],[],"{""explicit_oneway"":505,""missing_direction_unresolved"":102,""nonstatic_or_unknown_direction_unresolved"":13}",0,mapped_track_candidate_operating_assignment_unverified,False
derived_boarding_assignment_on_fixed_mapped_chain,ebcccae2856273db827072788d1862f4f7474dec8d6afbcc187ce7fc8cbfc9b7,1e882f814a854be1e1d8a82277a05c0403326965c891314153f605a1e0cae85b,26,8130328,"[""CR_HB_LABEL:vadala road"",""CR_HB_LABEL:gtb nagar"",""CR_HB_LABEL:chunabhatti"",""CR_HB_LABEL:kurla"",""CR_HB_LABEL:tilaknagar"",""CR_HB_LABEL:chembur"",""CR_HB_LABEL:govandi"",""CR_HB_LABEL:mankhurd"",""CR_HB_LABEL:vashi"",""CR_HB_LABEL:sanpada"",""CR_HB_LABEL:juinagar"",""CR_THB_CODE:NEU"",""CR_THB_CODE:SWDV"",""CR_THB_CODE:BEPR"",""CR_THB_CODE:KHAG"",""CR_THB_CODE:MANR"",""CR_THB_CODE:KNDS"",""CR_THB_CODE:PNVL""]","[7510862066,7818093994,7818099446,1367093212,7818024713,651265045,1366986900,246631903,241160689,7818022403,7817978922,7818050099,7818030804,7818124497,7818064487,7818067423,7818098639,7510862053]","[154,197,217,247,271,280,293,312,371,384,417,445,473,507,538,569,582,618]","[2605.7384945038625,1690.529608859138,1877.6817294837012,1290.93978617589,1199.93276454304,1740.4244757996748,1911.5403900849337,7468.272879326191,1156.541649985936,1871.9368626399173,2479.5877516709998,1410.9908134425848,2371.8450442746694,2342.6901553581383,2893.1297307572745,1900.967399389504,3423.713685919162]",39636.46322221462,464,False,[],[],"{""explicit_oneway"":383,""missing_direction_unresolved"":46,""nonstatic_or_unknown_direction_unresolved"":35}",0,mapped_track_candidate_operating_assignment_unverified,False
derived_boarding_assignment_on_fixed_mapped_chain,bbb98b24402a205da9366f1d46751618ead3533d8b93f75cf4a370153a62fb51,3f9f069f061e81ec9a9eefbce77d0de3283c79bbf368223ecfe71efea6f224c6,36,8130328,"[""CR_HB_LABEL:mumbai csmt"",""CR_HB_LABEL:masjid"",""CR_HB_LABEL:sandhurst road"",""CR_HB_LABEL:dockyard road"",""CR_HB_LABEL:reay road"",""CR_HB_LABEL:cotton green"",""CR_HB_LABEL:sewri"",""CR_HB_LABEL:vadala road"",""CR_HB_LABEL:gtb nagar"",""CR_HB_LABEL:chunabhatti"",""CR_HB_LABEL:kurla"",""CR_HB_LABEL:tilaknagar"",""CR_HB_LABEL:chembur"",""CR_HB_LABEL:govandi"",""CR_HB_LABEL:mankhurd"",""CR_HB_LABEL:vashi""]","[316306549,621906366,2178163626,5389227991,7510862063,5389227965,5389227951,7510862066,7818093994,7818099446,1367093212,7818024713,651265045,1366986900,246631903,241160689]","[0,44,62,74,97,109,123,154,197,217,247,271,280,293,312,371]","[1348.3874797779235,1022.4724225672285,797.8804449153582,1236.320958631916,1041.037560035448,1840.9591389601585,2040.5527999768253,2605.7384945038625,1690.529608859138,1877.6817294837012,1290.93978617589,1199.93276454304,1740.4244757996748,1911.5403900849337,7468.272879326191]",29112.67093364129,371,False,[],[],"{""explicit_oneway"":296,""missing_direction_unresolved"":60,""nonstatic_or_unknown_direction_unresolved"":15}",0,mapped_track_candidate_operating_assignment_unverified,False
derived_boarding_assignment_on_fixed_mapped_chain,e355cb173d4357a40adfd5650a575b47c58a68d3838b6f29a3934e99563f422d,3fc4dce60cc4188d461fcebca783e7aa5bd9ff0164ac84d7d3f0271768e37299,47,11093105,"[""CR_HB_LABEL:goregaon"",""CR_HB_LABEL:ramnagar"",""CR_HB_LABEL:jogeshwari"",""CR_HB_LABEL:andheri"",""CR_HB_LABEL:vileparle"",""CR_HB_LABEL:santacruz"",""CR_HB_LABEL:khar road"",""CR_HB_LABEL:bandra"",""CR_HB_LABEL:mahim jn"",""CR_HB_LABEL:king's circle"",""CR_HB_LABEL:vadala road"",""CR_HB_LABEL:sewri"",""CR_HB_LABEL:cotton green"",""CR_HB_LABEL:reay road"",""CR_HB_LABEL:dockyard road"",""CR_HB_LABEL:sandhurst road"",""CR_HB_LABEL:masjid"",""CR_HB_LABEL:mumbai csmt""]","[7817951294,7817991346,10879528557,7510862071,3347771408,7510862080,7510862789,1233481362,619252274,2444154310,7510862065,619290284,4264980597,7510862062,619290482,2178163625,2176850501,2166817452]","[0,11,22,34,50,59,77,108,130,155,192,224,237,248,269,283,301,334]","[1494.4708580620475,1136.4716535606271,2434.656242799997,2157.667272928316,1794.5842155893602,1655.1183857229535,1610.3115400186641,1682.1658501994418,1542.441989298598,1968.3507347764007,2037.9644353676197,1841.9341437006112,1039.5129988450374,1238.7956285432983,797.1631056792348,1020.3454118247835,1344.549352620056]",26796.503819537047,334,True,[],[],"{""explicit_oneway"":78,""missing_direction_unresolved"":256}",31,mapped_track_candidate_operating_assignment_unverified,False
derived_boarding_assignment_on_fixed_mapped_chain,1269d10e0f84e7585760707839c5d7cdab5c8b36bf817aea183693b74d2819b8,470eb44d58502252177f712d35761f05b9388d67ef4f9e830f28f84748886729,5,9622461,"[""CR_THB_CODE:BEPR"",""CR_THB_CODE:SWDV"",""CR_THB_CODE:NEU"",""CR_HB_LABEL:juinagar"",""CR_HB_LABEL:sanpada"",""CR_HB_LABEL:vashi"",""CR_HB_LABEL:mankhurd"",""CR_HB_LABEL:govandi"",""CR_HB_LABEL:chembur"",""CR_HB_LABEL:tilaknagar"",""CR_HB_LABEL:kurla"",""CR_HB_LABEL:chunabhatti"",""CR_HB_LABEL:gtb nagar"",""CR_HB_LABEL:vadala road""]","[7818124494,7818030805,7818050098,7817978923,4822210969,4819972201,1366794765,3878560519,1367093081,6171366460,1367093210,7818099445,7818093995,7510862064]","[122,159,190,220,252,264,314,342,352,363,383,414,430,476]","[2387.312333983669,1421.6142339978765,2479.728364314222,1862.8041087982276,1153.2327473506787,7466.497211714411,1911.707650082003,1745.3322778378265,1237.8126320750155,1247.7361695583327,1871.7102923039242,1693.960324244551,2617.689100482345]",29097.137446743083,354,True,[],[],"{""explicit_oneway"":351,""nonstatic_or_unknown_direction_unresolved"":3}",0,mapped_track_candidate_operating_assignment_unverified,False
derived_boarding_assignment_on_fixed_mapped_chain,5771464112dbc86b5b0b84d5d6d7ce0e8570a96383e37ef91797f64ecd274457,518d2f4e6e938b4680d469903e652c951b6e892fb47cece8baf5c5430fc72920,30,8130328,"[""CR_HB_LABEL:mumbai csmt"",""CR_HB_LABEL:masjid"",""CR_HB_LABEL:sandhurst road"",""CR_HB_LABEL:dockyard road"",""CR_HB_LABEL:reay road"",""CR_HB_LABEL:cotton green"",""CR_HB_LABEL:sewri"",""CR_HB_LABEL:vadala road"",""CR_HB_LABEL:gtb nagar"",""CR_HB_LABEL:chunabhatti"",""CR_HB_LABEL:kurla"",""CR_HB_LABEL:tilaknagar"",""CR_HB_LABEL:chembur"",""CR_HB_LABEL:govandi"",""CR_HB_LABEL:mankhurd"",""CR_HB_LABEL:vashi"",""CR_HB_LABEL:sanpada"",""CR_HB_LABEL:juinagar"",""CR_THB_CODE:NEU"",""CR_THB_CODE:SWDV"",""CR_THB_CODE:BEPR""]","[316306549,621906366,2178163626,5389227991,7510862063,5389227965,5389227951,7510862066,7818093994,7818099446,1367093212,7818024713,651265045,1366986900,246631903,241160689,7818022403,7817978922,7818050099,7818030804,7818124497]","[0,44,62,74,97,109,123,154,197,217,247,271,280,293,312,371,384,417,445,473,507]","[1348.3874797779235,1022.4724225672285,797.8804449153582,1236.320958631916,1041.037560035448,1840.9591389601585,2040.5527999768253,2605.7384945038625,1690.529608859138,1877.6817294837012,1290.93978617589,1199.93276454304,1740.4244757996748,1911.5403900849337,7468.272879326191,1156.541649985936,1871.9368626399173,2479.5877516709998,1410.9908134425848,2371.8450442746694]",38403.5730556554,507,False,[],[],"{""explicit_oneway"":418,""missing_direction_unresolved"":60,""nonstatic_or_unknown_direction_unresolved"":29}",0,mapped_track_candidate_operating_assignment_unverified,False
derived_boarding_assignment_on_fixed_mapped_chain,4b8bc357740a9c8cce3a8c121bb407bf115c990269d8ea924e154042d60c3c83,60cc93038aa56f068d7bc5fa9ff953b4a5c2677bac6f738c4d5bb7fc5e3eb32e,7,8130328,"[""CR_HB_LABEL:vadala road"",""CR_HB_LABEL:gtb nagar"",""CR_HB_LABEL:chunabhatti"",""CR_HB_LABEL:kurla"",""CR_HB_LABEL:tilaknagar"",""CR_HB_LABEL:chembur"",""CR_HB_LABEL:govandi"",""CR_HB_LABEL:mankhurd"",""CR_HB_LABEL:vashi"",""CR_HB_LABEL:sanpada"",""CR_HB_LABEL:juinagar"",""CR_THB_CODE:NEU"",""CR_THB_CODE:SWDV"",""CR_THB_CODE:BEPR""]","[7510862066,7818093994,7818099446,1367093212,7818024713,651265045,1366986900,246631903,241160689,7818022403,7817978922,7818050099,7818030804,7818124497]","[154,197,217,247,271,280,293,312,371,384,417,445,473,507]","[2605.7384945038625,1690.529608859138,1877.6817294837012,1290.93978617589,1199.93276454304,1740.4244757996748,1911.5403900849337,7468.272879326191,1156.541649985936,1871.9368626399173,2479.5877516709998,1410.9908134425848,2371.8450442746694]",29075.96225079054,353,False,[],[],"{""explicit_oneway"":328,""nonstatic_or_unknown_direction_unresolved"":25}",0,mapped_track_candidate_operating_assignment_unverified,False
derived_boarding_assignment_on_fixed_mapped_chain,65e09a8ad9758a099f422d6f3419faadc5eb0b3da718b70e3b90d29c5560eb07,69aef123fe3d6696824320e1f59b429fb1076e9f0907ab3f8cebab5fb5147d88,45,9623798,"[""CR_HB_LABEL:mumbai csmt"",""CR_HB_LABEL:masjid"",""CR_HB_LABEL:sandhurst road"",""CR_HB_LABEL:dockyard road"",""CR_HB_LABEL:reay road"",""CR_HB_LABEL:cotton green"",""CR_HB_LABEL:sewri"",""CR_HB_LABEL:vadala road"",""CR_HB_LABEL:king's circle"",""CR_HB_LABEL:mahim jn"",""CR_HB_LABEL:bandra"",""CR_HB_LABEL:khar road"",""CR_HB_LABEL:santacruz"",""CR_HB_LABEL:vileparle"",""CR_HB_LABEL:andheri"",""CR_HB_LABEL:jogeshwari"",""CR_HB_LABEL:ramnagar"",""CR_HB_LABEL:goregaon""]","[316306549,621906366,2178163626,5389227991,7510862063,5389227965,5389227951,7510862067,2444154308,1365560232,1233481375,4345706693,7510862785,7510862079,7510862070,10879528558,7817991347,9156468960]","[0,44,62,74,97,109,123,153,189,215,236,260,278,288,307,321,333,346]","[1348.3874797779235,1022.4724225672285,797.8804449153582,1236.320958631916,1041.037560035448,1840.9591389601585,2040.5044693936015,1925.1414108086044,1546.7103893547253,1679.0851776739605,1612.924637676972,1651.5288859874681,1809.3850726714584,2147.0574856875737,2434.5270906033184,1135.5511809147572,1495.6243687680162]",26765.098174428487,346,True,[],[],"{""explicit_oneway"":90,""missing_direction_unresolved"":256}",0,mapped_track_candidate_operating_assignment_unverified,False
derived_boarding_assignment_on_fixed_mapped_chain,61fa7ba764acfe315c829453922ca11b42f479a67bd2707269e9f1316a02adfa,6a03f1a8ea6c9e88b5a4566aebc9983dcbd4c6ed20e35d3ed201b497de4cf473,104,8130328,"[""CR_HB_LABEL:mumbai csmt"",""CR_HB_LABEL:masjid"",""CR_HB_LABEL:sandhurst road"",""CR_HB_LABEL:dockyard road"",""CR_HB_LABEL:reay road"",""CR_HB_LABEL:cotton green"",""CR_HB_LABEL:sewri"",""CR_HB_LABEL:vadala road"",""CR_HB_LABEL:gtb nagar"",""CR_HB_LABEL:chunabhatti"",""CR_HB_LABEL:kurla"",""CR_HB_LABEL:tilaknagar"",""CR_HB_LABEL:chembur"",""CR_HB_LABEL:govandi"",""CR_HB_LABEL:mankhurd"",""CR_HB_LABEL:vashi"",""CR_HB_LABEL:sanpada"",""CR_HB_LABEL:juinagar"",""CR_THB_CODE:NEU"",""CR_THB_CODE:SWDV"",""CR_THB_CODE:BEPR"",""CR_THB_CODE:KHAG"",""CR_THB_CODE:MANR"",""CR_THB_CODE:KNDS"",""CR_THB_CODE:PNVL""]","[316306549,621906366,2178163626,5389227991,7510862063,5389227965,5389227951,7510862066,7818093994,7818099446,1367093212,7818024713,651265045,1366986900,246631903,241160689,7818022403,7817978922,7818050099,7818030804,7818124497,7818064487,7818067423,7818098639,7510862053]","[0,44,62,74,97,109,123,154,197,217,247,271,280,293,312,371,384,417,445,473,507,538,569,582,618]","[1348.3874797779235,1022.4724225672285,797.8804449153582,1236.320958631916,1041.037560035448,1840.9591389601585,2040.5527999768253,2605.7384945038625,1690.529608859138,1877.6817294837012,1290.93978617589,1199.93276454304,1740.4244757996748,1911.5403900849337,7468.272879326191,1156.541649985936,1871.9368626399173,2479.5877516709998,1410.9908134425848,2371.8450442746694,2342.6901553581383,2893.1297307572745,1900.967399389504,3423.713685919162]",48964.07402707948,618,False,[],[],"{""explicit_oneway"":473,""missing_direction_unresolved"":106,""nonstatic_or_unknown_direction_unresolved"":39}",0,mapped_track_candidate_operating_assignment_unverified,False
derived_boarding_assignment_on_fixed_mapped_chain,a7b9082eed768b3386d163f54ca4ebbb95dc3c907b583466c5e1feac0fc6e202,7aac09e077c690522e057aceca70f7cbf818e83fd167d632bad3e6784d8bcecf,2,9622461,"[""CR_HB_LABEL:mankhurd"",""CR_HB_LABEL:govandi"",""CR_HB_LABEL:chembur"",""CR_HB_LABEL:tilaknagar"",""CR_HB_LABEL:kurla"",""CR_HB_LABEL:chunabhatti"",""CR_HB_LABEL:gtb nagar"",""CR_HB_LABEL:vadala road"",""CR_HB_LABEL:sewri"",""CR_HB_LABEL:cotton green"",""CR_HB_LABEL:reay road"",""CR_HB_LABEL:dockyard road"",""CR_HB_LABEL:sandhurst road"",""CR_HB_LABEL:masjid"",""CR_HB_LABEL:mumbai csmt""]","[1366794765,3878560519,1367093081,6171366460,1367093210,7818099445,7818093995,7510862064,619290284,4264980597,7510862062,619290482,2178163625,2176850501,2166817452]","[314,342,352,363,383,414,430,476,510,523,534,555,569,587,620]","[1911.707650082003,1745.3322778378265,1237.8126320750155,1247.7361695583327,1871.7102923039242,1693.960324244551,2617.689100482345,2037.9547147065268,1841.9341437006112,1039.5129988450374,1238.7956285432983,797.1631056792348,1020.3454118247835,1344.549352620056]",21646.203802503547,306,True,[],[],"{""explicit_oneway"":247,""missing_direction_unresolved"":59}",0,mapped_track_candidate_operating_assignment_unverified,False
derived_boarding_assignment_on_fixed_mapped_chain,97f7eb7e6d6377df66edad9639dd1eac4851d72c1c47539d4fd4c9deced7cd01,7da58f2984287099cf14c6ae1ad9caac758f55f9dbcadfbe748ef5cf4801234b,34,11511942,"[""CR_THB_CODE:TNA"",""CR_THB_CODE:DIGH"",""CR_THB_CODE:AIRL"",""CR_THB_CODE:RABE"",""CR_THB_CODE:GNSL"",""CR_THB_CODE:KPHN"",""CR_THB_CODE:TUH"",""CR_THB_CODE:JNJ"",""CR_THB_CODE:NEU""]","[1647133382,13032197037,7818210885,7818144558,7818209607,7818118169,7818206410,7817978920,7818050101]","[1,47,73,101,124,139,169,193,216]","[3245.5000107506544,2625.47844689509,2451.7174478012753,2333.446831831814,1522.8327570702074,3176.666364791651,2255.3594012848957,2479.1177829940098]",20090.1190434196,215,True,[],[],"{""explicit_oneway"":21,""missing_direction_unresolved"":192,""nonstatic_or_unknown_direction_unresolved"":2}",0,mapped_track_candidate_operating_assignment_unverified,False
derived_boarding_assignment_on_fixed_mapped_chain,c2d49dc2eb0a0648059f8060902b8b5f49962b4a37aca9920eebc657356f4e27,7db0f5604f3898e9b92daf5441487978eb1fd46f100ff32497113863bf39a9fd,7,9622461,"[""CR_HB_LABEL:vashi"",""CR_HB_LABEL:mankhurd"",""CR_HB_LABEL:govandi"",""CR_HB_LABEL:chembur"",""CR_HB_LABEL:tilaknagar"",""CR_HB_LABEL:kurla"",""CR_HB_LABEL:chunabhatti"",""CR_HB_LABEL:gtb nagar"",""CR_HB_LABEL:vadala road""]","[4819972201,1366794765,3878560519,1367093081,6171366460,1367093210,7818099445,7818093995,7510862064]","[264,314,342,352,363,383,414,430,476]","[7466.497211714411,1911.707650082003,1745.3322778378265,1237.8126320750155,1247.7361695583327,1871.7102923039242,1693.960324244551,2617.689100482345]",19792.44565829841,212,True,[],[],"{""explicit_oneway"":212}",0,mapped_track_candidate_operating_assignment_unverified,False
derived_boarding_assignment_on_fixed_mapped_chain,d449d8e4bf1acb04f9926ab6ed8475114804b9bc3ae9128226ebc1d46cd54a1a,8611584876f6f25ff61673a701dda375f2e43fee59d148496f8e292434edd157,37,11511951,"[""CR_THB_CODE:PNVL"",""CR_THB_CODE:KNDS"",""CR_THB_CODE:MANR"",""CR_THB_CODE:KHAG"",""CR_THB_CODE:BEPR"",""CR_THB_CODE:SWDV"",""CR_THB_CODE:NEU"",""CR_THB_CODE:JNJ"",""CR_THB_CODE:TUH"",""CR_THB_CODE:KPHN"",""CR_THB_CODE:GNSL"",""CR_THB_CODE:RABE"",""CR_THB_CODE:AIRL"",""CR_THB_CODE:DIGH"",""CR_THB_CODE:TNA""]","[7510862052,7818098638,7818067424,7818064488,7818124494,7818030805,7818050100,7817978921,7818206409,7818118170,7818209608,7818144559,7818210886,13032197036,1647133382]","[1,38,57,88,121,158,188,214,240,303,328,369,398,423,470]","[3420.446880430956,1906.4326480439781,2883.2709737845626,2340.5815671920627,2387.312333983669,1424.4165344578832,2479.890468261756,2255.2468753294875,3179.4827528731957,1523.5506949254661,2334.1634047600846,2454.1217479755255,2630.1265326932967,3233.802281989247]",34452.84569670117,469,True,[],[],"{""explicit_oneway"":156,""missing_direction_unresolved"":301,""nonstatic_or_unknown_direction_unresolved"":12}",0,mapped_track_candidate_operating_assignment_unverified,False
derived_boarding_assignment_on_fixed_mapped_chain,adccd7f130f476672d997662e8b2204c0d6517afee0b548e3f9dbb4798776462,87814a3e6c0cf483af3c2c5339bf22aae798cb94cf59861e93fc8be347ca9380,43,11093105,"[""CR_HB_LABEL:bandra"",""CR_HB_LABEL:mahim jn"",""CR_HB_LABEL:king's circle"",""CR_HB_LABEL:vadala road"",""CR_HB_LABEL:sewri"",""CR_HB_LABEL:cotton green"",""CR_HB_LABEL:reay road"",""CR_HB_LABEL:dockyard road"",""CR_HB_LABEL:sandhurst road"",""CR_HB_LABEL:masjid"",""CR_HB_LABEL:mumbai csmt""]","[1233481362,619252274,2444154310,7510862065,619290284,4264980597,7510862062,619290482,2178163625,2176850501,2166817452]","[108,130,155,192,224,237,248,269,283,301,334]","[1682.1658501994418,1542.441989298598,1968.3507347764007,2037.9644353676197,1841.9341437006112,1039.5129988450374,1238.7956285432983,797.1631056792348,1020.3454118247835,1344.549352620056]",14513.223650855081,226,True,[],[],"{""explicit_oneway"":78,""missing_direction_unresolved"":148}",0,mapped_track_candidate_operating_assignment_unverified,False
derived_boarding_assignment_on_fixed_mapped_chain,ca378a0b517e5a2b049dcea5221cd4556a97c9997282311d9c1416611b11ffff,8e49110049efbd4f034fb543ff501ecf1771d11846660392f4e1fab0fcd01bfc,1,9623798,"[""CR_HB_LABEL:mumbai csmt"",""CR_HB_LABEL:masjid"",""CR_HB_LABEL:sandhurst road"",""CR_HB_LABEL:dockyard road"",""CR_HB_LABEL:reay road"",""CR_HB_LABEL:cotton green"",""CR_HB_LABEL:sewri"",""CR_HB_LABEL:vadala road"",""CR_HB_LABEL:king's circle"",""CR_HB_LABEL:mahim jn"",""CR_HB_LABEL:bandra"",""CR_HB_LABEL:santacruz"",""CR_HB_LABEL:vileparle"",""CR_HB_LABEL:andheri"",""CR_HB_LABEL:jogeshwari"",""CR_HB_LABEL:ramnagar"",""CR_HB_LABEL:goregaon""]","[316306549,621906366,2178163626,5389227991,7510862063,5389227965,5389227951,7510862067,2444154308,1365560232,1233481375,7510862785,7510862079,7510862070,10879528558,7817991347,9156468960]","[0,44,62,74,97,109,123,153,189,215,236,278,288,307,321,333,346]","[1348.3874797779235,1022.4724225672285,797.8804449153582,1236.320958631916,1041.037560035448,1840.9591389601585,2040.5044693936015,1925.1414108086044,1546.7103893547253,1679.0851776739605,3264.45352366444,1809.3850726714584,2147.0574856875737,2434.5270906033184,1135.5511809147572,1495.6243687680162]",26765.098174428487,346,True,[],[4345706693],"{""explicit_oneway"":90,""missing_direction_unresolved"":256}",0,mapped_track_candidate_operating_assignment_unverified,False
derived_boarding_assignment_on_fixed_mapped_chain,0aa557a7299d7341646d974cb7897a65f55ddd4c8f39613ecafdbef1f1300c9f,95c7ee34c07c62197bdd21432e45cf7687746f3ec151fb050ac9ab37faeaf04d,2,9622461,"[""CR_THB_CODE:PNVL"",""CR_THB_CODE:KNDS"",""CR_THB_CODE:MANR"",""CR_THB_CODE:KHAG"",""CR_THB_CODE:BEPR""]","[7510862054,7818098638,7818067424,7818064488,7818124494]","[0,39,58,89,122]","[3423.359446536127,1906.4326480439781,2883.2709737845626,2340.5815671920627]",10553.644635556731,122,True,[],[],"{""explicit_oneway"":69,""missing_direction_unresolved"":43,""nonstatic_or_unknown_direction_unresolved"":10}",0,mapped_track_candidate_operating_assignment_unverified,False
derived_boarding_assignment_on_fixed_mapped_chain,faf74578b68f4de03815852605cab85409ac7b362346b20c407ec61eb6b181af,95c7ee34c07c62197bdd21432e45cf7687746f3ec151fb050ac9ab37faeaf04d,2,11511951,"[""CR_THB_CODE:PNVL"",""CR_THB_CODE:KNDS"",""CR_THB_CODE:MANR"",""CR_THB_CODE:KHAG"",""CR_THB_CODE:BEPR""]","[7510862052,7818098638,7818067424,7818064488,7818124494]","[1,38,57,88,121]","[3420.446880430956,1906.4326480439781,2883.2709737845626,2340.5815671920627]",10550.732069451558,120,True,[],[],"{""explicit_oneway"":70,""missing_direction_unresolved"":45,""nonstatic_or_unknown_direction_unresolved"":5}",0,mapped_track_candidate_operating_assignment_unverified,False
derived_boarding_assignment_on_fixed_mapped_chain,760984dc0a1975c524bbd758bf9acc1f67c8b3edba35bc6cc2fcd54782e876c5,9cced40646ed08c358f4c552192cb7c17550b88de847aa4811c7daa29fa7c503,2,9622461,"[""CR_THB_CODE:PNVL"",""CR_THB_CODE:KNDS"",""CR_THB_CODE:MANR"",""CR_THB_CODE:KHAG"",""CR_THB_CODE:BEPR"",""CR_THB_CODE:SWDV"",""CR_THB_CODE:NEU"",""CR_HB_LABEL:juinagar"",""CR_HB_LABEL:sanpada"",""CR_HB_LABEL:vashi""]","[7510862054,7818098638,7818067424,7818064488,7818124494,7818030805,7818050098,7817978923,4822210969,4819972201]","[0,39,58,89,122,159,190,220,252,264]","[3423.359446536127,1906.4326480439781,2883.2709737845626,2340.5815671920627,2387.312333983669,1421.6142339978765,2479.728364314222,1862.8041087982276,1153.2327473506787]",19858.336424001405,264,True,[],[],"{""explicit_oneway"":208,""missing_direction_unresolved"":43,""nonstatic_or_unknown_direction_unresolved"":13}",0,mapped_track_candidate_operating_assignment_unverified,False
derived_boarding_assignment_on_fixed_mapped_chain,1178dbecbf106573fb7d177ae05ed10b08af96c14c7145d4c983bd98ebc466e7,a865828ade152db9dc5c62663edf912627faabf8aa034946763b00af994dca44,43,9623798,"[""CR_HB_LABEL:mumbai csmt"",""CR_HB_LABEL:masjid"",""CR_HB_LABEL:sandhurst road"",""CR_HB_LABEL:dockyard road"",""CR_HB_LABEL:reay road"",""CR_HB_LABEL:cotton green"",""CR_HB_LABEL:sewri"",""CR_HB_LABEL:vadala road"",""CR_HB_LABEL:king's circle"",""CR_HB_LABEL:mahim jn"",""CR_HB_LABEL:bandra""]","[316306549,621906366,2178163626,5389227991,7510862063,5389227965,5389227951,7510862067,2444154308,1365560232,1233481375]","[0,44,62,74,97,109,123,153,189,215,236]","[1348.3874797779235,1022.4724225672285,797.8804449153582,1236.320958631916,1041.037560035448,1840.9591389601585,2040.5044693936015,1925.1414108086044,1546.7103893547253,1679.0851776739605]",14478.499452118924,236,True,[],[],"{""explicit_oneway"":90,""missing_direction_unresolved"":146}",0,mapped_track_candidate_operating_assignment_unverified,False
derived_boarding_assignment_on_fixed_mapped_chain,4590b3e4f4cd783bc5d47479825d6f3fc8ede256b255895b98d250f25e4e9bfb,af7cb41dc4f9ec5384f75dd43dff84578515cda9c28efdc4c3862274eced1913,60,11511950,"[""CR_THB_CODE:VSH"",""CR_THB_CODE:SNPD"",""CR_THB_CODE:TUH"",""CR_THB_CODE:KPHN"",""CR_THB_CODE:GNSL"",""CR_THB_CODE:RABE"",""CR_THB_CODE:AIRL"",""CR_THB_CODE:DIGH"",""CR_THB_CODE:TNA""]","[4822210993,1990668445,7818206407,7818118170,7818209608,7818144559,7818210886,13032197036,1647133382]","[5,18,66,131,156,197,226,251,298]","[1163.0315467984121,2019.1273988335306,3178.664974794895,1523.5506949254661,2334.1634047600846,2454.1217479755255,2630.1265326932967,3233.802281989247]",18536.58858277046,293,True,[],[],"{""missing_direction_unresolved"":293}",0,mapped_track_candidate_operating_assignment_unverified,False
derived_boarding_assignment_on_fixed_mapped_chain,ddc022b3a8fb7e7b7e03ba9af81f9510c3a19a5135edc2a9990d33d64ec92b0f,b0124795c53ea0eb43ed9ce4f5c0f87a08a4b19d03b7c7e231248a3b5a4f2baa,34,11511951,"[""CR_THB_CODE:NEU"",""CR_THB_CODE:JNJ"",""CR_THB_CODE:TUH"",""CR_THB_CODE:KPHN"",""CR_THB_CODE:GNSL"",""CR_THB_CODE:RABE"",""CR_THB_CODE:AIRL"",""CR_THB_CODE:DIGH"",""CR_THB_CODE:TNA""]","[7818050100,7817978921,7818206409,7818118170,7818209608,7818144559,7818210886,13032197036,1647133382]","[188,214,240,303,328,369,398,423,470]","[2479.890468261756,2255.2468753294875,3179.4827528731957,1523.5506949254661,2334.1634047600846,2454.1217479755255,2630.1265326932967,3233.802281989247]",20090.38475880806,282,True,[],[],"{""explicit_oneway"":22,""missing_direction_unresolved"":256,""nonstatic_or_unknown_direction_unresolved"":4}",0,mapped_track_candidate_operating_assignment_unverified,False
derived_boarding_assignment_on_fixed_mapped_chain,c763029eb855bc9f125bbadadfcb79a0cb402d028d07286b168c05b26ab27441,b2075f205334f4a657789f4d9a87b01f81215fdef360d3041d2074366d560e0a,32,9622461,"[""CR_HB_LABEL:vashi"",""CR_HB_LABEL:mankhurd"",""CR_HB_LABEL:govandi"",""CR_HB_LABEL:chembur"",""CR_HB_LABEL:tilaknagar"",""CR_HB_LABEL:kurla"",""CR_HB_LABEL:chunabhatti"",""CR_HB_LABEL:gtb nagar"",""CR_HB_LABEL:vadala road"",""CR_HB_LABEL:sewri"",""CR_HB_LABEL:cotton green"",""CR_HB_LABEL:reay road"",""CR_HB_LABEL:dockyard road"",""CR_HB_LABEL:sandhurst road"",""CR_HB_LABEL:masjid"",""CR_HB_LABEL:mumbai csmt""]","[4819972201,1366794765,3878560519,1367093081,6171366460,1367093210,7818099445,7818093995,7510862064,619290284,4264980597,7510862062,619290482,2178163625,2176850501,2166817452]","[264,314,342,352,363,383,414,430,476,510,523,534,555,569,587,620]","[7466.497211714411,1911.707650082003,1745.3322778378265,1237.8126320750155,1247.7361695583327,1871.7102923039242,1693.960324244551,2617.689100482345,2037.9547147065268,1841.9341437006112,1039.5129988450374,1238.7956285432983,797.1631056792348,1020.3454118247835,1344.549352620056]",29112.701014217957,356,True,[],[],"{""explicit_oneway"":297,""missing_direction_unresolved"":59}",0,mapped_track_candidate_operating_assignment_unverified,False
derived_boarding_assignment_on_fixed_mapped_chain,aecd8c2e2d65a31e5c65eb557f93d1faf6fd90bd4e0d94c457a1b69d6af012a3,b3693a84098b2f6c1129232a6269a4f959665221f87bffa3b42efeb0ad1f5f2f,23,9622461,"[""CR_THB_CODE:PNVL"",""CR_THB_CODE:KNDS"",""CR_THB_CODE:MANR"",""CR_THB_CODE:KHAG"",""CR_THB_CODE:BEPR"",""CR_THB_CODE:SWDV"",""CR_THB_CODE:NEU"",""CR_HB_LABEL:juinagar"",""CR_HB_LABEL:sanpada"",""CR_HB_LABEL:vashi"",""CR_HB_LABEL:mankhurd"",""CR_HB_LABEL:govandi"",""CR_HB_LABEL:chembur"",""CR_HB_LABEL:tilaknagar"",""CR_HB_LABEL:kurla"",""CR_HB_LABEL:chunabhatti"",""CR_HB_LABEL:gtb nagar"",""CR_HB_LABEL:vadala road""]","[7510862054,7818098638,7818067424,7818064488,7818124494,7818030805,7818050098,7817978923,4822210969,4819972201,1366794765,3878560519,1367093081,6171366460,1367093210,7818099445,7818093995,7510862064]","[0,39,58,89,122,159,190,220,252,264,314,342,352,363,383,414,430,476]","[3423.359446536127,1906.4326480439781,2883.2709737845626,2340.5815671920627,2387.312333983669,1421.6142339978765,2479.728364314222,1862.8041087982276,1153.2327473506787,7466.497211714411,1911.707650082003,1745.3322778378265,1237.8126320750155,1247.7361695583327,1871.7102923039242,1693.960324244551,2617.689100482345]",39650.78208229981,476,True,[],[],"{""explicit_oneway"":420,""missing_direction_unresolved"":43,""nonstatic_or_unknown_direction_unresolved"":13}",0,mapped_track_candidate_operating_assignment_unverified,False
derived_boarding_assignment_on_fixed_mapped_chain,1af98664d21dd62a7fb095041c22bc3eae8d08df6566e4f90353b99ffe1f55c4,f800c66f1378a9bf794b60410ae08c67b7706420a53bc8515719485c8f4568bb,37,9622461,"[""CR_THB_CODE:BEPR"",""CR_THB_CODE:SWDV"",""CR_THB_CODE:NEU"",""CR_HB_LABEL:juinagar"",""CR_HB_LABEL:sanpada"",""CR_HB_LABEL:vashi"",""CR_HB_LABEL:mankhurd"",""CR_HB_LABEL:govandi"",""CR_HB_LABEL:chembur"",""CR_HB_LABEL:tilaknagar"",""CR_HB_LABEL:kurla"",""CR_HB_LABEL:chunabhatti"",""CR_HB_LABEL:gtb nagar"",""CR_HB_LABEL:vadala road"",""CR_HB_LABEL:sewri"",""CR_HB_LABEL:cotton green"",""CR_HB_LABEL:reay road"",""CR_HB_LABEL:dockyard road"",""CR_HB_LABEL:sandhurst road"",""CR_HB_LABEL:masjid"",""CR_HB_LABEL:mumbai csmt""]","[7818124494,7818030805,7818050098,7817978923,4822210969,4819972201,1366794765,3878560519,1367093081,6171366460,1367093210,7818099445,7818093995,7510862064,619290284,4264980597,7510862062,619290482,2178163625,2176850501,2166817452]","[122,159,190,220,252,264,314,342,352,363,383,414,430,476,510,523,534,555,569,587,620]","[2387.312333983669,1421.6142339978765,2479.728364314222,1862.8041087982276,1153.2327473506787,7466.497211714411,1911.707650082003,1745.3322778378265,1237.8126320750155,1247.7361695583327,1871.7102923039242,1693.960324244551,2617.689100482345,2037.9547147065268,1841.9341437006112,1039.5129988450374,1238.7956285432983,797.1631056792348,1020.3454118247835,1344.549352620056]",38417.39280266263,498,True,[],[],"{""explicit_oneway"":436,""missing_direction_unresolved"":59,""nonstatic_or_unknown_direction_unresolved"":3}",0,mapped_track_candidate_operating_assignment_unverified,False
derived_boarding_assignment_on_fixed_mapped_chain,522a8eabb2579cf46926c8e13952c411c2400c6f37b944286845178fa83705a3,f8a958dc857000c77b7105a8f390bbf34d813aae8f25a19dbf4c32b020409511,2,8130328,"[""CR_HB_LABEL:vadala road"",""CR_HB_LABEL:gtb nagar"",""CR_HB_LABEL:chunabhatti"",""CR_HB_LABEL:kurla"",""CR_HB_LABEL:tilaknagar"",""CR_HB_LABEL:chembur"",""CR_HB_LABEL:govandi"",""CR_HB_LABEL:mankhurd"",""CR_HB_LABEL:vashi""]","[7510862066,7818093994,7818099446,1367093212,7818024713,651265045,1366986900,246631903,241160689]","[154,197,217,247,271,280,293,312,371]","[2605.7384945038625,1690.529608859138,1877.6817294837012,1290.93978617589,1199.93276454304,1740.4244757996748,1911.5403900849337,7468.272879326191]",19785.060128776433,217,False,[],[],"{""explicit_oneway"":206,""nonstatic_or_unknown_direction_unresolved"":11}",0,mapped_track_candidate_operating_assignment_unverified,False
