date,day_type,mode,hours,tap_ons_lower,tap_ons_upper,tap_offs_lower,tap_offs_upper
2025-07-01,WEEKDAY,Bus,20,0,980,0,980
2025-07-01,WEEKDAY,Ferry,16,0,784,0,784
2025-07-01,WEEKDAY,Light rail,19,650,2131,650,2131
2025-07-01,WEEKDAY,Train,21,200,1429,250,1529
2025-07-02,WEEKDAY,Bus,19,0,931,0,931
2025-07-02,WEEKDAY,Ferry,17,0,833,0,833
2025-07-02,WEEKDAY,Light rail,19,650,2131,650,2131
2025-07-02,WEEKDAY,Train,21,100,1229,50,1129
2025-07-03,WEEKDAY,Bus,19,0,931,0,931
2025-07-03,WEEKDAY,Ferry,19,50,1031,0,931
2025-07-03,WEEKDAY,Light rail,20,900,2480,1100,2680
2025-07-03,WEEKDAY,Train,22,350,1678,400,1878
2025-07-04,WEEKDAY,Bus,18,0,882,0,882
2025-07-04,WEEKDAY,Ferry,21,200,1429,100,1229
2025-07-04,WEEKDAY,Light rail,20,1350,2980,1350,2980
2025-07-04,WEEKDAY,Train,23,500,2027,450,2027
2025-07-05,SAT,Bus,19,0,931,0,931
2025-07-05,SAT,Ferry,19,350,1631,450,1831
2025-07-05,SAT,Light rail,21,1400,3129,1400,3129
2025-07-05,SAT,Train,24,350,1876,300,1776
2025-07-06,SUN,Bus,19,0,931,0,931
2025-07-06,SUN,Ferry,16,300,1384,250,1284
2025-07-06,SUN,Light rail,21,800,2329,1050,2629
2025-07-06,SUN,Train,24,400,1976,300,1776
2025-07-07,WEEKDAY,Bus,17,0,833,0,833
2025-07-07,WEEKDAY,Ferry,18,450,1782,400,1682
2025-07-07,WEEKDAY,Light rail,20,2300,3880,2100,3680
2025-07-07,WEEKDAY,Train,24,1050,2776,700,2476
2025-07-08,WEEKDAY,Bus,17,0,833,0,833
2025-07-08,WEEKDAY,Ferry,19,350,1631,350,1631
2025-07-08,WEEKDAY,Light rail,19,2050,3631,1900,3531
2025-07-08,WEEKDAY,Train,24,950,2676,800,2676
2025-07-09,WEEKDAY,Bus,18,0,882,0,882
2025-07-09,WEEKDAY,Ferry,18,450,1782,400,1682
2025-07-09,WEEKDAY,Light rail,19,2550,4131,2650,4231
2025-07-09,WEEKDAY,Train,24,1300,3076,1150,2976
2025-07-10,WEEKDAY,Bus,18,50,982,50,982
2025-07-10,WEEKDAY,Ferry,18,200,1282,100,1082
2025-07-10,WEEKDAY,Light rail,20,2250,3880,2150,3780
2025-07-10,WEEKDAY,Train,24,1050,2776,750,2576
2025-07-11,WEEKDAY,Bus,18,0,882,0,882
2025-07-11,WEEKDAY,Ferry,19,400,1731,400,1731
2025-07-11,WEEKDAY,Light rail,21,2900,4729,2900,4729
2025-07-11,WEEKDAY,Train,24,1200,2976,1050,2876
2025-07-12,SAT,Bus,19,0,931,0,931
2025-07-12,SAT,Ferry,20,400,1780,400,1780
2025-07-12,SAT,Light rail,20,1950,3680,1950,3680
2025-07-12,SAT,Train,24,450,2076,500,2076
2025-07-13,SUN,Bus,21,0,1029,0,1029
2025-07-13,SUN,Ferry,16,300,1384,250,1284
2025-07-13,SUN,Light rail,20,950,2380,1050,2480
2025-07-13,SUN,Train,24,450,2076,450,2076
2025-07-14,WEEKDAY,Bus,18,0,882,0,882
2025-07-14,WEEKDAY,Ferry,17,450,1733,450,1733
2025-07-14,WEEKDAY,Light rail,19,1950,3431,1900,3431
2025-07-14,WEEKDAY,Train,24,1050,2776,900,2676
2025-07-15,WEEKDAY,Bus,18,0,882,0,882
2025-07-15,WEEKDAY,Ferry,18,300,1482,200,1282
2025-07-15,WEEKDAY,Light rail,20,2400,3980,2100,3680
2025-07-15,WEEKDAY,Train,24,900,2576,950,2776
2025-07-16,WEEKDAY,Bus,20,0,980,0,980
2025-07-16,WEEKDAY,Ferry,18,400,1682,450,1782
2025-07-16,WEEKDAY,Light rail,20,2800,4380,2600,4180
2025-07-16,WEEKDAY,Train,24,1150,2876,1250,3076
2025-07-17,WEEKDAY,Bus,20,0,980,0,980
2025-07-17,WEEKDAY,Ferry,18,450,1782,450,1782
2025-07-17,WEEKDAY,Light rail,20,2850,4580,2850,4580
2025-07-17,WEEKDAY,Train,24,1300,3076,1000,2776
2025-07-18,WEEKDAY,Bus,20,0,980,0,980
2025-07-18,WEEKDAY,Ferry,19,250,1431,150,1231
2025-07-18,WEEKDAY,Light rail,20,2150,3880,2150,3880
2025-07-18,WEEKDAY,Train,24,1000,2676,850,2676
2025-07-19,SAT,Bus,17,0,833,0,833
2025-07-19,SAT,Ferry,19,350,1631,300,1531
2025-07-19,SAT,Light rail,20,1450,3080,1450,3080
2025-07-19,SAT,Train,24,550,2276,550,2176
2025-07-20,SUN,Bus,20,0,980,0,980
2025-07-20,SUN,Ferry,16,300,1384,300,1384
2025-07-20,SUN,Light rail,20,1100,2680,1100,2680
2025-07-20,SUN,Train,24,500,2176,500,2076
2025-07-21,WEEKDAY,Bus,19,50,1031,0,931
2025-07-21,WEEKDAY,Ferry,18,350,1582,350,1582
2025-07-21,WEEKDAY,Light rail,20,2000,3580,2100,3680
2025-07-21,WEEKDAY,Train,24,1300,3076,1100,2876
2025-07-22,WEEKDAY,Bus,18,100,1082,50,982
2025-07-22,WEEKDAY,Ferry,17,300,1433,350,1533
2025-07-22,WEEKDAY,Light rail,21,2450,4229,2400,4129
2025-07-22,WEEKDAY,Train,23,1300,3027,1200,3027
2025-07-23,WEEKDAY,Bus,17,100,1033,50,933
2025-07-23,WEEKDAY,Ferry,19,200,1331,200,1331
2025-07-23,WEEKDAY,Light rail,20,1900,3480,2000,3580
2025-07-23,WEEKDAY,Train,23,1200,2927,1000,2827
2025-07-24,WEEKDAY,Bus,19,100,1131,100,1131
2025-07-24,WEEKDAY,Ferry,19,300,1531,200,1331
2025-07-24,WEEKDAY,Light rail,20,2100,3680,2100,3680
2025-07-24,WEEKDAY,Train,24,1150,2876,1000,2776
2025-07-25,WEEKDAY,Bus,19,50,1031,50,1031
2025-07-25,WEEKDAY,Ferry,19,300,1531,250,1431
2025-07-25,WEEKDAY,Light rail,20,1800,3480,2000,3680
2025-07-25,WEEKDAY,Train,24,1000,2776,800,2676
2025-07-26,SAT,Bus,20,0,980,0,980
2025-07-26,SAT,Ferry,20,200,1380,150,1280
2025-07-26,SAT,Light rail,20,1250,2980,1250,2980
2025-07-26,SAT,Train,24,550,2276,500,2076
2025-07-27,SUN,Bus,19,0,931,0,931
2025-07-27,SUN,Ferry,15,0,735,100,935
2025-07-27,SUN,Light rail,20,950,2480,800,2280
2025-07-27,SUN,Train,24,400,1976,250,1676
2025-07-28,WEEKDAY,Bus,17,100,1033,50,933
2025-07-28,WEEKDAY,Ferry,19,100,1131,100,1131
2025-07-28,WEEKDAY,Light rail,19,2050,3631,2150,3731
2025-07-28,WEEKDAY,Train,24,1200,2976,1100,2876
2025-07-29,WEEKDAY,Bus,18,100,1082,50,982
2025-07-29,WEEKDAY,Ferry,18,200,1282,250,1382
2025-07-29,WEEKDAY,Light rail,20,2250,3880,2300,3880
2025-07-29,WEEKDAY,Train,22,1350,3078,1150,2878
2025-07-30,WEEKDAY,Bus,19,50,1031,50,1031
2025-07-30,WEEKDAY,Ferry,19,100,1131,50,1031
2025-07-30,WEEKDAY,Light rail,19,1800,3331,1800,3331
2025-07-30,WEEKDAY,Train,21,1200,2829,1050,2729
2025-07-31,WEEKDAY,Bus,17,100,1033,100,1033
2025-07-31,WEEKDAY,Ferry,18,100,1082,0,882
2025-07-31,WEEKDAY,Light rail,21,1850,3529,1750,3429
2025-08-01,WEEKDAY,Bus,18,100,1082,100,1082
2025-08-01,WEEKDAY,Ferry,20,0,980,0,980
2025-08-01,WEEKDAY,Light rail,20,1950,3580,1650,3280
2025-08-02,SAT,Bus,17,0,833,0,833
2025-08-02,SAT,Ferry,16,0,784,0,784
2025-08-02,SAT,Light rail,19,500,1931,450,1831
2025-08-02,SAT,Train,23,150,1427,150,1427
2025-08-03,SUN,Bus,18,0,882,0,882
2025-08-03,SUN,Ferry,14,0,686,0,686
2025-08-03,SUN,Light rail,20,300,1580,400,1780
2025-08-03,SUN,Train,24,150,1476,200,1576
2025-08-04,WEEKDAY,Bus,19,150,1231,100,1131
2025-08-04,WEEKDAY,Ferry,18,100,1082,100,1082
2025-08-04,WEEKDAY,Light rail,20,1600,3180,1400,2980
2025-08-04,WEEKDAY,Train,24,650,2276,600,2376
2025-08-05,WEEKDAY,Bus,17,50,933,50,933
2025-08-05,WEEKDAY,Ferry,17,250,1333,150,1133
2025-08-05,WEEKDAY,Light rail,19,1950,3531,2050,3631
2025-08-05,WEEKDAY,Train,24,850,2476,850,2576
2025-08-06,WEEKDAY,Bus,19,100,1131,50,1031
2025-08-06,WEEKDAY,Ferry,18,400,1682,350,1582
2025-08-06,WEEKDAY,Light rail,20,2250,3880,2300,3980
2025-08-06,WEEKDAY,Train,24,1150,2876,950,2776
2025-08-07,WEEKDAY,Bus,19,0,931,0,931
2025-08-07,WEEKDAY,Ferry,18,100,1082,50,982
2025-08-07,WEEKDAY,Light rail,19,1900,3531,2200,3831
2025-08-07,WEEKDAY,Train,24,1050,2776,1000,2776
2025-08-08,WEEKDAY,Bus,19,100,1131,150,1231
2025-08-08,WEEKDAY,Ferry,20,100,1180,100,1180
2025-08-08,WEEKDAY,Light rail,20,1800,3480,1950,3680
2025-08-08,WEEKDAY,Train,24,1100,2876,750,2576
2025-08-09,SAT,Bus,19,0,931,0,931
2025-08-09,SAT,Ferry,20,300,1580,300,1580
2025-08-09,SAT,Light rail,20,1250,2980,1350,3080
2025-08-09,SAT,Train,24,450,2076,450,2076
2025-08-10,SUN,Bus,18,0,882,0,882
2025-08-10,SUN,Ferry,17,0,833,0,833
2025-08-10,SUN,Light rail,20,550,1980,450,1880
2025-08-10,SUN,Train,24,200,1576,200,1576
2025-08-11,WEEKDAY,Bus,17,50,933,50,933
2025-08-11,WEEKDAY,Ferry,17,150,1133,50,933
2025-08-11,WEEKDAY,Light rail,18,1500,2982,1400,2882
2025-08-11,WEEKDAY,Train,24,850,2476,800,2576
2025-08-12,WEEKDAY,Bus,18,100,1082,100,1082
2025-08-12,WEEKDAY,Ferry,18,250,1382,400,1682
2025-08-12,WEEKDAY,Light rail,20,2050,3680,2150,3780
2025-08-12,WEEKDAY,Train,24,1250,3076,900,2676
2025-08-13,WEEKDAY,Bus,18,100,1082,50,982
2025-08-13,WEEKDAY,Ferry,18,300,1482,300,1482
2025-08-13,WEEKDAY,Light rail,20,2300,3980,2400,4080
2025-08-13,WEEKDAY,Train,24,1300,3076,1000,2776
2025-08-14,WEEKDAY,Bus,18,50,982,50,982
2025-08-14,WEEKDAY,Ferry,18,100,1082,50,982
2025-08-14,WEEKDAY,Light rail,20,2050,3680,2100,3780
2025-08-14,WEEKDAY,Train,24,1100,2876,1150,2976
2025-08-15,WEEKDAY,Bus,18,50,982,50,982
2025-08-15,WEEKDAY,Ferry,19,300,1531,300,1531
2025-08-15,WEEKDAY,Light rail,20,2250,3980,2300,4080
2025-08-15,WEEKDAY,Train,24,1050,2776,800,2676
2025-08-16,SAT,Bus,19,0,931,0,931
2025-08-16,SAT,Ferry,20,350,1680,300,1580
2025-08-16,SAT,Light rail,20,2400,4180,2350,4080
2025-08-16,SAT,Train,24,700,2576,600,2376
2025-08-17,SUN,Bus,19,0,931,0,931
2025-08-17,SUN,Ferry,15,400,1535,400,1435
2025-08-17,SUN,Light rail,20,1600,3080,1600,3080
2025-08-17,SUN,Train,24,450,2076,450,1976
2025-08-18,WEEKDAY,Bus,18,50,982,50,982
2025-08-18,WEEKDAY,Ferry,17,200,1233,100,1033
2025-08-18,WEEKDAY,Light rail,19,1900,3431,1900,3431
2025-08-18,WEEKDAY,Train,24,1050,2776,750,2476
2025-08-19,WEEKDAY,Bus,16,50,884,50,884
2025-08-19,WEEKDAY,Ferry,17,0,833,0,833
2025-08-19,WEEKDAY,Light rail,19,800,2331,900,2431
2025-08-19,WEEKDAY,Train,24,450,1976,450,1876
2025-08-20,WEEKDAY,Bus,19,50,1031,50,1031
2025-08-20,WEEKDAY,Ferry,18,150,1182,0,882
2025-08-20,WEEKDAY,Light rail,19,1700,3231,2000,3631
2025-08-20,WEEKDAY,Train,23,1100,2727,950,2627
2025-08-21,WEEKDAY,Bus,19,50,1031,50,1031
2025-08-21,WEEKDAY,Ferry,18,50,982,0,882
2025-08-21,WEEKDAY,Light rail,20,1100,2680,1150,2780
2025-08-21,WEEKDAY,Train,24,850,2576,700,2476
2025-08-22,WEEKDAY,Bus,18,50,982,50,982
2025-08-22,WEEKDAY,Ferry,20,100,1180,50,1080
2025-08-22,WEEKDAY,Light rail,20,1750,3480,1650,3380
2025-08-22,WEEKDAY,Train,24,650,2376,700,2476
2025-08-23,SAT,Bus,22,0,1078,0,1078
2025-08-23,SAT,Ferry,19,350,1631,300,1531
2025-08-23,SAT,Light rail,20,1100,2780,1200,2880
2025-08-23,SAT,Train,20,0,980,0,980
2025-08-24,SUN,Bus,18,50,982,0,882
2025-08-24,SUN,Ferry,16,300,1384,250,1284
2025-08-24,SUN,Light rail,20,1050,2480,1200,2680
2025-08-24,SUN,Train,20,0,980,0,980
2025-08-25,WEEKDAY,Bus,18,150,1182,100,1082
2025-08-25,WEEKDAY,Ferry,18,200,1282,50,982
2025-08-25,WEEKDAY,Light rail,20,1600,3180,1500,3080
2025-08-25,WEEKDAY,Train,23,950,2727,1000,2827
2025-08-26,WEEKDAY,Bus,19,100,1131,50,1031
2025-08-26,WEEKDAY,Ferry,19,250,1431,350,1631
2025-08-26,WEEKDAY,Light rail,20,2000,3680,1950,3580
2025-08-26,WEEKDAY,Train,24,1250,2976,1100,2976
2025-08-27,WEEKDAY,Bus,19,100,1131,50,1031
2025-08-27,WEEKDAY,Ferry,19,150,1231,100,1131
2025-08-27,WEEKDAY,Light rail,19,1900,3431,1900,3431
2025-08-27,WEEKDAY,Train,24,1250,3076,1050,2876
2025-08-28,WEEKDAY,Bus,18,50,982,50,982
2025-08-28,WEEKDAY,Ferry,17,200,1233,100,1033
2025-08-28,WEEKDAY,Light rail,20,1750,3380,1850,3480
2025-08-28,WEEKDAY,Train,24,1000,2776,950,2776
2025-08-29,WEEKDAY,Bus,20,50,1080,50,1080
2025-08-29,WEEKDAY,Ferry,20,200,1380,100,1180
2025-08-29,WEEKDAY,Light rail,19,2100,3831,2100,3831
2025-08-29,WEEKDAY,Train,24,1100,2876,850,2676
2025-08-30,SAT,Bus,20,0,980,0,980
2025-08-30,SAT,Ferry,19,200,1331,400,1731
2025-08-30,SAT,Light rail,19,2200,3931,2300,4031
2025-08-30,SAT,Train,24,550,2176,750,2476
2025-08-31,SUN,Bus,19,0,931,0,931
2025-08-31,SUN,Ferry,17,300,1433,350,1533
2025-08-31,SUN,Light rail,20,1700,3180,1750,3280
2025-08-31,SUN,Train,24,450,2076,350,1876
2025-09-01,WEEKDAY,Bus,18,100,1082,100,1082
2025-09-01,WEEKDAY,Ferry,10,100,690,50,590
2025-09-01,WEEKDAY,Light rail,19,1900,3431,1800,3331
2025-09-01,WEEKDAY,Train,24,1350,3176,900,2676
2025-09-02,WEEKDAY,Bus,19,50,1031,50,1031
2025-09-02,WEEKDAY,Ferry,3,0,147,0,147
2025-09-02,WEEKDAY,Light rail,20,1900,3480,2000,3580
2025-09-02,WEEKDAY,Train,24,1350,3176,1050,2876
2025-09-03,WEEKDAY,Bus,19,100,1131,100,1131
2025-09-03,WEEKDAY,Ferry,19,250,1431,250,1431
2025-09-03,WEEKDAY,Light rail,20,2500,4180,2450,4080
2025-09-03,WEEKDAY,Train,24,1300,3076,1050,2876
2025-09-04,WEEKDAY,Bus,18,150,1182,150,1182
2025-09-04,WEEKDAY,Ferry,18,250,1382,150,1182
2025-09-04,WEEKDAY,Light rail,19,2100,3731,2300,3931
2025-09-04,WEEKDAY,Train,24,1250,2976,1000,2776
2025-09-05,WEEKDAY,Bus,19,50,1031,50,1031
2025-09-05,WEEKDAY,Ferry,20,250,1480,200,1380
2025-09-05,WEEKDAY,Light rail,20,2250,3980,2150,3880
2025-09-05,WEEKDAY,Train,23,1100,2827,850,2627
2025-09-06,SAT,Bus,20,0,980,0,980
2025-09-06,SAT,Ferry,20,350,1680,350,1680
2025-09-06,SAT,Light rail,20,1750,3480,1650,3380
2025-09-06,SAT,Train,24,600,2376,550,2176
2025-09-07,SUN,Bus,20,0,980,0,980
2025-09-07,SUN,Ferry,14,300,1286,300,1286
2025-09-07,SUN,Light rail,19,1100,2631,1200,2631
2025-09-07,SUN,Train,24,400,1976,350,1876
2025-09-08,WEEKDAY,Bus,19,150,1231,150,1231
2025-09-08,WEEKDAY,Ferry,19,250,1431,50,1031
2025-09-08,WEEKDAY,Light rail,21,2150,3829,1950,3629
2025-09-08,WEEKDAY,Train,24,1300,3076,1100,2876
2025-09-09,WEEKDAY,Bus,20,50,1080,50,1080
2025-09-09,WEEKDAY,Ferry,17,150,1133,150,1133
2025-09-09,WEEKDAY,Light rail,19,1950,3531,1950,3531
2025-09-09,WEEKDAY,Train,24,1300,3076,1100,2876
2025-09-10,WEEKDAY,Bus,18,150,1182,50,982
2025-09-10,WEEKDAY,Ferry,18,50,982,100,1082
2025-09-10,WEEKDAY,Light rail,21,1650,3329,1650,3329
2025-09-10,WEEKDAY,Train,24,900,2576,950,2676
2025-09-11,WEEKDAY,Bus,19,100,1131,50,1031
2025-09-11,WEEKDAY,Ferry,18,100,1082,100,1082
2025-09-11,WEEKDAY,Light rail,20,1400,2980,1200,2780
2025-09-11,WEEKDAY,Train,24,600,2176,450,1976
2025-09-12,WEEKDAY,Bus,20,50,1080,100,1180
2025-09-12,WEEKDAY,Ferry,19,250,1431,150,1231
2025-09-12,WEEKDAY,Light rail,19,2250,3931,2200,3931
2025-09-12,WEEKDAY,Train,24,1100,2876,1100,2976
2025-09-13,SAT,Bus,21,0,1029,0,1029
2025-09-13,SAT,Ferry,20,350,1680,400,1780
2025-09-13,SAT,Light rail,20,1700,3480,1750,3480
2025-09-13,SAT,Train,24,600,2376,700,2376
2025-09-14,SUN,Bus,20,0,980,0,980
2025-09-14,SUN,Ferry,14,300,1286,250,1186
2025-09-14,SUN,Light rail,19,900,2331,1000,2431
2025-09-14,SUN,Train,24,400,1976,350,1776
2025-09-15,WEEKDAY,Bus,18,50,982,100,1082
2025-09-15,WEEKDAY,Ferry,18,200,1282,100,1082
2025-09-15,WEEKDAY,Light rail,20,1900,3480,2100,3680
2025-09-15,WEEKDAY,Train,24,1300,3076,1250,3076
2025-09-16,WEEKDAY,Bus,20,100,1180,50,1080
2025-09-16,WEEKDAY,Ferry,18,200,1282,250,1382
2025-09-16,WEEKDAY,Light rail,20,2000,3580,2000,3580
2025-09-16,WEEKDAY,Train,24,1400,3176,1050,2776
2025-09-17,WEEKDAY,Bus,19,100,1131,50,1031
2025-09-17,WEEKDAY,Ferry,19,350,1631,250,1431
2025-09-17,WEEKDAY,Light rail,20,2200,3880,2300,3980
2025-09-17,WEEKDAY,Train,24,1350,3176,1250,2976
2025-09-18,WEEKDAY,Bus,17,0,833,0,833
2025-09-18,WEEKDAY,Ferry,17,50,933,50,933
2025-09-18,WEEKDAY,Light rail,19,600,2131,700,2231
2025-09-18,WEEKDAY,Train,24,150,1476,300,1676
2025-09-19,WEEKDAY,Bus,19,100,1131,50,1031
2025-09-19,WEEKDAY,Ferry,19,400,1731,450,1831
2025-09-19,WEEKDAY,Light rail,21,2250,4029,2400,4229
2025-09-19,WEEKDAY,Train,24,1100,2876,1050,2876
2025-09-20,SAT,Bus,20,0,980,0,980
2025-09-20,SAT,Ferry,20,300,1580,450,1880
2025-09-20,SAT,Light rail,20,1650,3380,1550,3280
2025-09-20,SAT,Train,24,500,2176,600,2276
2025-09-21,SUN,Bus,21,0,1029,0,1029
2025-09-21,SUN,Ferry,15,300,1335,250,1235
2025-09-21,SUN,Light rail,20,750,2280,950,2480
2025-09-21,SUN,Train,24,550,2276,400,1876
2025-09-22,WEEKDAY,Bus,12,100,788,100,788
2025-09-22,WEEKDAY,Ferry,18,250,1382,250,1382
2025-09-22,WEEKDAY,Light rail,20,2000,3580,1900,3480
2025-09-22,WEEKDAY,Train,24,1150,2876,1200,2976
2025-09-23,WEEKDAY,Bus,18,150,1182,50,982
2025-09-23,WEEKDAY,Ferry,18,350,1582,300,1482
2025-09-23,WEEKDAY,Light rail,19,2450,4031,2350,3931
2025-09-23,WEEKDAY,Train,22,1400,3078,1350,3078
2025-09-24,WEEKDAY,Bus,17,100,1033,50,933
2025-09-24,WEEKDAY,Ferry,18,350,1582,250,1382
2025-09-24,WEEKDAY,Light rail,21,2100,3829,2400,4129
2025-09-24,WEEKDAY,Train,24,1300,3076,1250,3076
2025-09-25,WEEKDAY,Bus,18,100,1082,50,982
2025-09-25,WEEKDAY,Ferry,18,400,1682,350,1582
2025-09-25,WEEKDAY,Light rail,21,2550,4229,2500,4229
2025-09-25,WEEKDAY,Train,24,1300,3076,1350,3176
2025-09-26,WEEKDAY,Bus,19,100,1131,100,1131
2025-09-26,WEEKDAY,Ferry,19,200,1331,250,1431
2025-09-26,WEEKDAY,Light rail,21,3000,4829,3000,4829
2025-09-26,WEEKDAY,Train,24,1200,2976,1300,3176
2025-09-27,SAT,Bus,17,0,833,0,833
2025-09-27,SAT,Ferry,19,300,1531,450,1831
2025-09-27,SAT,Light rail,20,2050,3780,2050,3780
2025-09-27,SAT,Train,24,850,2776,950,2676
2025-09-28,SUN,Bus,19,0,931,50,1031
2025-09-28,SUN,Ferry,15,200,1135,200,1135
2025-09-28,SUN,Light rail,20,1450,2980,1400,2980
2025-09-28,SUN,Train,24,500,2176,500,1976
2025-09-29,WEEKDAY,Bus,18,100,1082,50,982
2025-09-29,WEEKDAY,Ferry,18,400,1682,400,1682
2025-09-29,WEEKDAY,Light rail,20,2150,3780,2100,3680
2025-09-29,WEEKDAY,Train,24,1200,2976,1200,2976
2025-09-30,WEEKDAY,Bus,18,50,982,0,882
2025-09-30,WEEKDAY,Ferry,18,400,1682,400,1682
2025-09-30,WEEKDAY,Light rail,19,2450,4031,2600,4131
2025-09-30,WEEKDAY,Train,24,1500,3276,1600,3376
2025-10-01,WEEKDAY,Bus,17,50,933,0,833
2025-10-01,WEEKDAY,Ferry,18,450,1782,450,1782
2025-10-01,WEEKDAY,Light rail,20,2800,4480,2900,4580
2025-10-01,WEEKDAY,Train,24,1500,3276,1550,3376
2025-10-02,WEEKDAY,Bus,20,0,980,0,980
2025-10-02,WEEKDAY,Ferry,18,450,1782,450,1782
2025-10-02,WEEKDAY,Light rail,21,2900,4629,2700,4429
2025-10-02,WEEKDAY,Train,24,1450,3276,1250,3076
2025-10-03,WEEKDAY,Bus,19,0,931,0,931
2025-10-03,WEEKDAY,Ferry,19,400,1731,450,1831
2025-10-03,WEEKDAY,Light rail,20,2850,4580,3050,4780
2025-10-03,WEEKDAY,Train,24,1200,2976,1200,3076
2025-10-04,SAT,Bus,19,0,931,0,931
2025-10-04,SAT,Ferry,20,500,1880,500,1980
2025-10-04,SAT,Light rail,20,2650,4380,2750,4480
2025-10-04,SAT,Train,24,850,2676,950,2576
2025-10-05,SUN,Bus,17,0,833,50,933
2025-10-05,SUN,Ferry,15,350,1435,450,1535
2025-10-05,SUN,Light rail,20,2200,3880,2200,3880
2025-10-05,SUN,Train,24,900,2676,850,2576
2025-10-06,WEEKDAY,Bus,17,0,833,0,833
2025-10-06,WEEKDAY,Ferry,14,250,1186,200,1086
2025-10-06,WEEKDAY,Light rail,21,1350,2929,1250,2829
2025-10-06,WEEKDAY,Train,24,750,2476,600,2176
2025-10-07,WEEKDAY,Bus,18,100,1082,0,882
2025-10-07,WEEKDAY,Ferry,18,350,1582,350,1582
2025-10-07,WEEKDAY,Light rail,20,2450,4080,2350,3980
2025-10-07,WEEKDAY,Train,24,1450,3276,1350,3176
2025-10-08,WEEKDAY,Bus,20,200,1380,0,980
2025-10-08,WEEKDAY,Ferry,18,400,1682,350,1582
2025-10-08,WEEKDAY,Light rail,20,2750,4380,2650,4280
2025-10-08,WEEKDAY,Train,21,1300,2929,1250,2929
2025-10-09,WEEKDAY,Bus,20,50,1080,0,980
2025-10-09,WEEKDAY,Ferry,18,400,1682,350,1582
2025-10-09,WEEKDAY,Light rail,20,3000,4680,2750,4380
2025-10-09,WEEKDAY,Train,23,1250,2927,1400,3127
2025-10-10,WEEKDAY,Bus,18,50,982,50,982
2025-10-10,WEEKDAY,Ferry,20,300,1580,350,1680
2025-10-10,WEEKDAY,Light rail,21,3250,5029,3150,4929
2025-10-10,WEEKDAY,Train,23,1400,3127,1350,3227
2025-10-11,SAT,Bus,20,0,980,0,980
2025-10-11,SAT,Ferry,19,200,1331,300,1531
2025-10-11,SAT,Light rail,20,2250,3980,2250,3980
2025-10-11,SAT,Train,24,500,2176,600,2276
2025-10-12,SUN,Bus,19,0,931,0,931
2025-10-12,SUN,Ferry,15,300,1335,300,1235
2025-10-12,SUN,Light rail,20,1750,3280,1650,3180
2025-10-12,SUN,Train,24,550,2176,700,2376
2025-10-13,WEEKDAY,Bus,19,150,1231,100,1131
2025-10-13,WEEKDAY,Ferry,18,300,1482,350,1582
2025-10-13,WEEKDAY,Light rail,20,2550,4180,2550,4180
2025-10-13,WEEKDAY,Train,24,1400,3176,1450,3276
2025-10-14,WEEKDAY,Bus,18,150,1182,150,1182
2025-10-14,WEEKDAY,Ferry,11,150,839,200,939
2025-10-14,WEEKDAY,Light rail,19,2600,4231,2600,4231
2025-10-14,WEEKDAY,Train,23,1350,3027,1300,3027
2025-10-15,WEEKDAY,Bus,19,250,1331,200,1331
2025-10-15,WEEKDAY,Ferry,6,0,294,50,394
2025-10-15,WEEKDAY,Light rail,22,2750,4578,2700,4478
2025-10-15,WEEKDAY,Train,24,1350,3176,1350,3176
2025-10-16,WEEKDAY,Bus,20,200,1380,100,1180
2025-10-16,WEEKDAY,Ferry,18,250,1382,350,1582
2025-10-16,WEEKDAY,Light rail,20,2850,4580,2750,4480
2025-10-16,WEEKDAY,Train,24,1250,3076,1350,3176
2025-10-17,WEEKDAY,Bus,19,50,1031,150,1231
2025-10-17,WEEKDAY,Ferry,20,150,1280,200,1380
2025-10-17,WEEKDAY,Light rail,20,2350,4080,2400,4180
2025-10-17,WEEKDAY,Train,24,1100,2876,1000,2876
2025-10-18,SAT,Bus,21,0,1029,0,1029
2025-10-18,SAT,Ferry,19,450,1831,500,1931
2025-10-18,SAT,Light rail,20,2700,4480,2700,4480
2025-10-18,SAT,Train,24,900,2776,1000,2776
2025-10-19,SUN,Bus,21,0,1029,0,1029
2025-10-19,SUN,Ferry,14,250,1186,250,1186
2025-10-19,SUN,Light rail,20,1350,2980,1450,3080
2025-10-19,SUN,Train,24,450,2076,500,2176
2025-10-20,WEEKDAY,Bus,19,100,1131,150,1231
2025-10-20,WEEKDAY,Ferry,18,200,1282,250,1382
2025-10-20,WEEKDAY,Light rail,20,2050,3680,2050,3680
2025-10-20,WEEKDAY,Train,24,1350,3176,1050,2876
2025-10-21,WEEKDAY,Bus,19,200,1331,50,1031
2025-10-21,WEEKDAY,Ferry,18,300,1482,200,1282
2025-10-21,WEEKDAY,Light rail,21,2300,3929,2350,4029
2025-10-21,WEEKDAY,Train,24,1350,3176,1300,3076
2025-10-22,WEEKDAY,Bus,18,150,1182,100,1082
2025-10-22,WEEKDAY,Ferry,18,100,1082,150,1182
2025-10-22,WEEKDAY,Light rail,20,2100,3780,2100,3780
2025-10-22,WEEKDAY,Train,24,1350,3176,1150,2976
2025-10-23,WEEKDAY,Bus,19,100,1131,150,1231
2025-10-23,WEEKDAY,Ferry,18,250,1382,150,1182
2025-10-23,WEEKDAY,Light rail,20,2250,3980,2350,4080
2025-10-23,WEEKDAY,Train,24,1200,2976,1050,2876
2025-10-24,WEEKDAY,Bus,18,100,1082,150,1182
2025-10-24,WEEKDAY,Ferry,19,250,1431,300,1531
2025-10-24,WEEKDAY,Light rail,21,2800,4629,2700,4529
2025-10-24,WEEKDAY,Train,24,1200,2976,1100,2976
2025-10-25,SAT,Bus,20,0,980,0,980
2025-10-25,SAT,Ferry,19,350,1631,400,1731
2025-10-25,SAT,Light rail,20,1250,2980,1250,2980
2025-10-25,SAT,Train,22,0,1078,0,1078
2025-10-26,SUN,Bus,20,0,980,0,980
2025-10-26,SUN,Ferry,16,250,1284,200,1184
2025-10-26,SUN,Light rail,20,750,2280,600,2080
2025-10-26,SUN,Train,20,0,980,0,980
2025-10-27,WEEKDAY,Bus,17,50,933,150,1133
2025-10-27,WEEKDAY,Ferry,18,200,1282,150,1182
2025-10-27,WEEKDAY,Light rail,21,1900,3529,1900,3529
2025-10-27,WEEKDAY,Train,23,1050,2627,1100,2827
2025-10-28,WEEKDAY,Bus,20,50,1080,100,1180
2025-10-28,WEEKDAY,Ferry,18,150,1182,150,1182
2025-10-28,WEEKDAY,Light rail,20,2150,3780,2050,3680
2025-10-28,WEEKDAY,Train,24,1200,2976,1100,2876
2025-10-29,WEEKDAY,Bus,18,100,1082,100,1082
2025-10-29,WEEKDAY,Ferry,18,100,1082,100,1082
2025-10-29,WEEKDAY,Light rail,20,1950,3580,2000,3680
2025-10-29,WEEKDAY,Train,24,1250,3076,1050,2776
2025-10-30,WEEKDAY,Bus,18,50,982,50,982
2025-10-30,WEEKDAY,Ferry,19,300,1531,250,1431
2025-10-30,WEEKDAY,Light rail,20,2450,4180,2450,4180
2025-10-30,WEEKDAY,Train,24,1200,3076,1250,3076
2025-10-31,WEEKDAY,Bus,18,100,1082,150,1182
2025-10-31,WEEKDAY,Ferry,19,250,1431,350,1631
2025-10-31,WEEKDAY,Light rail,22,2500,4378,2400,4278
2025-10-31,WEEKDAY,Train,24,1050,2876,1200,3176
2025-11-01,SAT,Bus,19,0,931,0,931
2025-11-01,SAT,Ferry,19,300,1331,150,1231
2025-11-01,SAT,Light rail,20,800,2280,800,2280
2025-11-01,SAT,Train,24,800,2276,550,2076
2025-11-02,SUN,Bus,19,0,931,0,931
2025-11-02,SUN,Ferry,17,150,1133,50,933
2025-11-02,SUN,Light rail,22,1150,2878,900,2578
2025-11-02,SUN,Train,24,600,2376,500,2176
2025-11-03,WEEKDAY,Bus,19,50,1031,150,1231
2025-11-03,WEEKDAY,Ferry,18,200,1282,250,1382
2025-11-03,WEEKDAY,Light rail,21,1500,3129,1500,3129
2025-11-03,WEEKDAY,Train,24,950,2676,1050,2776
2025-11-04,WEEKDAY,Bus,17,100,1033,100,1033
2025-11-04,WEEKDAY,Ferry,18,250,1382,250,1382
2025-11-04,WEEKDAY,Light rail,21,2350,4029,2700,4429
2025-11-04,WEEKDAY,Train,24,1250,3076,1400,3176
2025-11-05,WEEKDAY,Bus,19,150,1231,100,1131
2025-11-05,WEEKDAY,Ferry,18,200,1282,200,1282
2025-11-05,WEEKDAY,Light rail,21,2350,4029,2350,4029
2025-11-05,WEEKDAY,Train,23,1200,2827,1150,2927
2025-11-06,WEEKDAY,Bus,18,100,1082,50,982
2025-11-06,WEEKDAY,Ferry,18,350,1582,250,1382
2025-11-06,WEEKDAY,Light rail,20,2500,4180,2400,4080
2025-11-06,WEEKDAY,Train,23,1150,2827,1150,2927
2025-11-07,WEEKDAY,Bus,18,50,982,50,982
2025-11-07,WEEKDAY,Ferry,19,200,1331,250,1431
2025-11-07,WEEKDAY,Light rail,19,2550,4331,2450,4231
2025-11-07,WEEKDAY,Train,24,1200,3076,1000,2876
2025-11-08,SAT,Bus,22,0,1078,0,1078
2025-11-08,SAT,Ferry,20,250,1480,300,1580
2025-11-08,SAT,Light rail,20,1900,3680,2000,3780
2025-11-08,SAT,Train,24,500,2176,650,2276
2025-11-09,SUN,Bus,21,0,1029,0,1029
2025-11-09,SUN,Ferry,15,200,1135,250,1235
2025-11-09,SUN,Light rail,20,1100,2680,1100,2680
2025-11-09,SUN,Train,24,450,2076,400,1876
2025-11-10,WEEKDAY,Bus,19,50,1031,50,1031
2025-11-10,WEEKDAY,Ferry,18,50,982,50,982
2025-11-10,WEEKDAY,Light rail,20,700,2280,700,2280
2025-11-10,WEEKDAY,Train,24,450,1976,550,2076
2025-11-11,WEEKDAY,Bus,19,150,1231,100,1131
2025-11-11,WEEKDAY,Ferry,19,150,1231,150,1231
2025-11-11,WEEKDAY,Light rail,20,1200,2880,1150,2880
2025-11-11,WEEKDAY,Train,24,650,2176,700,2376
2025-11-12,WEEKDAY,Bus,19,100,1131,50,1031
2025-11-12,WEEKDAY,Ferry,19,200,1331,200,1331
2025-11-12,WEEKDAY,Light rail,19,2100,3731,2350,4031
2025-11-12,WEEKDAY,Train,24,1400,3176,1250,3076
2025-11-13,WEEKDAY,Bus,19,100,1131,100,1131
2025-11-13,WEEKDAY,Ferry,19,400,1731,300,1531
2025-11-13,WEEKDAY,Light rail,20,2450,4080,2250,3880
2025-11-13,WEEKDAY,Train,23,1250,3027,1250,3027
2025-11-14,WEEKDAY,Bus,18,100,1082,100,1082
2025-11-14,WEEKDAY,Ferry,19,350,1631,300,1531
2025-11-14,WEEKDAY,Light rail,20,2100,3880,2200,3980
2025-11-14,WEEKDAY,Train,24,1100,2976,1050,2876
2025-11-15,SAT,Bus,18,50,982,50,982
2025-11-15,SAT,Ferry,20,350,1680,500,1980
2025-11-15,SAT,Light rail,18,400,1582,450,1682
2025-11-15,SAT,Train,24,600,2376,700,2476
2025-11-16,SUN,Bus,18,0,882,0,882
2025-11-16,SUN,Ferry,16,250,1284,100,984
2025-11-16,SUN,Light rail,21,1350,3029,1450,3129
2025-11-16,SUN,Train,24,550,2276,500,2076
2025-11-17,WEEKDAY,Bus,18,150,1182,50,982
2025-11-17,WEEKDAY,Ferry,18,200,1282,200,1282
2025-11-17,WEEKDAY,Light rail,21,1800,3429,1900,3529
2025-11-17,WEEKDAY,Train,24,1100,2876,1100,2876
2025-11-18,WEEKDAY,Bus,18,100,1082,100,1082
2025-11-18,WEEKDAY,Ferry,17,250,1333,150,1133
2025-11-18,WEEKDAY,Light rail,21,2100,3829,2150,3829
2025-11-18,WEEKDAY,Train,22,1200,2878,1200,2878
2025-11-19,WEEKDAY,Bus,19,50,1031,150,1231
2025-11-19,WEEKDAY,Ferry,18,250,1382,200,1282
2025-11-19,WEEKDAY,Light rail,21,2050,3729,2300,4029
2025-11-19,WEEKDAY,Train,23,1200,2927,1150,2927
2025-11-20,WEEKDAY,Bus,19,50,1031,100,1131
2025-11-20,WEEKDAY,Ferry,13,100,837,100,837
2025-11-20,WEEKDAY,Light rail,21,1450,3129,1600,3329
2025-11-20,WEEKDAY,Train,21,1000,2429,900,2429
2025-11-21,WEEKDAY,Bus,18,50,982,50,982
2025-11-21,WEEKDAY,Ferry,19,50,1031,100,1131
2025-11-21,WEEKDAY,Light rail,21,1300,3129,1200,2929
2025-11-21,WEEKDAY,Train,24,800,2476,850,2776
2025-11-22,SAT,Bus,18,0,882,0,882
2025-11-22,SAT,Ferry,19,400,1731,500,1931
2025-11-22,SAT,Light rail,19,2050,3731,2150,3831
2025-11-22,SAT,Train,24,700,2576,750,2476
2025-11-23,SUN,Bus,21,0,1029,0,1029
2025-11-23,SUN,Ferry,14,250,1186,200,1086
2025-11-23,SUN,Light rail,20,950,2480,950,2480
2025-11-23,SUN,Train,24,500,2176,300,1776
2025-11-24,WEEKDAY,Bus,18,100,1082,100,1082
2025-11-24,WEEKDAY,Ferry,18,150,1182,100,1082
2025-11-24,WEEKDAY,Light rail,21,1800,3529,1550,3229
2025-11-24,WEEKDAY,Train,24,1200,2976,950,2676
2025-11-25,WEEKDAY,Bus,18,50,982,50,982
2025-11-25,WEEKDAY,Ferry,19,250,1431,250,1431
2025-11-25,WEEKDAY,Light rail,21,1950,3629,2050,3729
2025-11-25,WEEKDAY,Train,24,1100,2876,1050,2876
2025-11-26,WEEKDAY,Bus,19,50,1031,100,1131
2025-11-26,WEEKDAY,Ferry,18,200,1282,200,1282
2025-11-26,WEEKDAY,Light rail,20,1950,3680,1950,3680
2025-11-26,WEEKDAY,Train,24,1200,2976,1200,2976
2025-11-27,WEEKDAY,Bus,18,100,1082,150,1182
2025-11-27,WEEKDAY,Ferry,18,100,1082,200,1282
2025-11-27,WEEKDAY,Light rail,21,2450,4229,2650,4429
2025-11-27,WEEKDAY,Train,23,1250,3027,1250,3027
2025-11-28,WEEKDAY,Bus,18,100,1082,100,1082
2025-11-28,WEEKDAY,Ferry,19,450,1831,500,1931
2025-11-28,WEEKDAY,Light rail,20,2700,4480,2800,4580
2025-11-28,WEEKDAY,Train,24,1150,2976,1100,3076
2025-11-29,SAT,Bus,21,0,1029,100,1229
2025-11-29,SAT,Ferry,10,100,690,300,1090
2025-11-29,SAT,Light rail,20,3600,5380,3700,5480
2025-11-29,SAT,Train,24,850,2676,1250,2976
2025-11-30,SUN,Bus,18,0,882,0,882
2025-11-30,SUN,Ferry,1,0,49,0,49
2025-11-30,SUN,Light rail,20,650,2080,650,2080
2025-11-30,SUN,Train,23,250,1627,250,1627
2025-12-01,WEEKDAY,Bus,17,50,933,50,933
2025-12-01,WEEKDAY,Light rail,19,650,2131,650,2131
2025-12-01,WEEKDAY,Train,24,500,2076,500,1976
2025-12-02,WEEKDAY,Bus,17,50,933,50,933
2025-12-02,WEEKDAY,Light rail,20,750,2380,900,2580
2025-12-02,WEEKDAY,Train,24,550,2076,600,2076
2025-12-03,WEEKDAY,Bus,17,50,933,50,933
2025-12-03,WEEKDAY,Light rail,18,750,2182,800,2282
2025-12-03,WEEKDAY,Train,24,500,1976,550,2076
2025-12-04,WEEKDAY,Bus,18,50,982,50,982
2025-12-04,WEEKDAY,Light rail,19,1000,2531,1100,2631
2025-12-04,WEEKDAY,Train,24,500,2076,700,2376
2025-12-05,WEEKDAY,Bus,18,50,982,50,982
2025-12-05,WEEKDAY,Ferry,18,0,882,0,882
2025-12-05,WEEKDAY,Light rail,20,900,2680,1000,2780
2025-12-05,WEEKDAY,Train,24,400,1976,500,2076
2025-12-06,SAT,Bus,20,0,980,0,980
2025-12-06,SAT,Ferry,20,200,1380,350,1680
2025-12-06,SAT,Light rail,20,1800,3580,1800,3580
2025-12-06,SAT,Train,24,550,2276,800,2576
2025-12-07,SUN,Bus,20,0,980,0,980
2025-12-07,SUN,Ferry,15,50,835,50,835
2025-12-07,SUN,Light rail,20,800,2380,700,2280
2025-12-07,SUN,Train,24,350,1876,300,1776
2025-12-08,WEEKDAY,Bus,18,100,1082,50,982
2025-12-08,WEEKDAY,Ferry,18,200,1282,150,1182
2025-12-08,WEEKDAY,Light rail,21,1200,2829,1250,2929
2025-12-08,WEEKDAY,Train,24,850,2576,750,2376
2025-12-09,WEEKDAY,Bus,19,100,1131,50,1031
2025-12-09,WEEKDAY,Ferry,18,200,1282,200,1282
2025-12-09,WEEKDAY,Light rail,21,2050,3729,2000,3729
2025-12-09,WEEKDAY,Train,24,1250,3076,1150,2876
2025-12-10,WEEKDAY,Bus,19,50,1031,50,1031
2025-12-10,WEEKDAY,Ferry,18,150,1182,150,1182
2025-12-10,WEEKDAY,Light rail,20,2000,3680,2200,3880
2025-12-10,WEEKDAY,Train,24,1100,2876,1100,2976
2025-12-11,WEEKDAY,Bus,19,100,1131,0,931
2025-12-11,WEEKDAY,Ferry,18,150,1182,150,1182
2025-12-11,WEEKDAY,Light rail,21,2000,3729,1900,3629
2025-12-11,WEEKDAY,Train,24,1050,2876,1050,2776
2025-12-12,WEEKDAY,Bus,1,0,49,0,49
2025-12-12,WEEKDAY,Ferry,19,100,1131,150,1231
2025-12-12,WEEKDAY,Light rail,20,2650,4480,2450,4280
2025-12-12,WEEKDAY,Train,24,950,2776,1200,3076
2025-12-13,SAT,Bus,18,0,882,0,882
2025-12-13,SAT,Ferry,9,100,641,150,741
2025-12-13,SAT,Light rail,21,2450,4329,2500,4329
2025-12-13,SAT,Train,24,750,2676,700,2276
2025-12-14,SUN,Bus,18,0,882,0,882
2025-12-14,SUN,Light rail,22,1450,3178,1400,3078
2025-12-14,SUN,Train,24,500,2176,500,1976
2025-12-15,WEEKDAY,Bus,17,0,833,50,933
2025-12-15,WEEKDAY,Light rail,21,1600,3229,1600,3229
2025-12-15,WEEKDAY,Train,24,950,2676,900,2676
2025-12-16,WEEKDAY,Bus,19,50,1031,50,1031
2025-12-16,WEEKDAY,Ferry,4,0,196,0,196
2025-12-16,WEEKDAY,Light rail,20,1700,3380,1550,3180
2025-12-16,WEEKDAY,Train,24,1050,2876,1050,2876
2025-12-17,WEEKDAY,Bus,19,50,1031,0,931
2025-12-17,WEEKDAY,Ferry,18,0,882,100,1082
2025-12-17,WEEKDAY,Light rail,20,1950,3680,2050,3780
2025-12-17,WEEKDAY,Train,24,1000,2676,1050,2876
2025-12-18,WEEKDAY,Bus,20,100,1180,0,980
2025-12-18,WEEKDAY,Ferry,18,50,982,300,1482
2025-12-18,WEEKDAY,Light rail,19,2550,4231,2500,4231
2025-12-18,WEEKDAY,Train,24,1100,2776,1050,2876
2025-12-19,WEEKDAY,Bus,20,50,1080,0,980
2025-12-19,WEEKDAY,Ferry,20,100,1180,250,1480
2025-12-19,WEEKDAY,Light rail,20,2500,4280,2300,4080
2025-12-19,WEEKDAY,Train,24,1150,3076,1100,2976
2025-12-20,SAT,Bus,18,0,882,0,882
2025-12-20,SAT,Ferry,19,150,1231,300,1531
2025-12-20,SAT,Light rail,20,1850,3580,1950,3680
2025-12-20,SAT,Train,24,600,2376,700,2476
2025-12-21,SUN,Bus,19,0,931,0,931
2025-12-21,SUN,Ferry,16,0,784,50,884
2025-12-21,SUN,Light rail,21,900,2529,900,2529
2025-12-21,SUN,Train,24,400,1976,450,1876
2025-12-22,WEEKDAY,Bus,18,0,882,50,982
2025-12-22,WEEKDAY,Ferry,18,100,1082,100,1082
2025-12-22,WEEKDAY,Light rail,21,1450,3129,1500,3229
2025-12-22,WEEKDAY,Train,24,600,2276,650,2376
2025-12-23,WEEKDAY,Bus,18,0,882,0,882
2025-12-23,WEEKDAY,Ferry,17,250,1333,300,1433
2025-12-23,WEEKDAY,Light rail,19,2450,4131,2550,4231
2025-12-23,WEEKDAY,Train,24,800,2576,700,2376
2025-12-24,WEEKDAY,Bus,19,0,931,0,931
2025-12-24,WEEKDAY,Ferry,20,50,1080,50,1080
2025-12-24,WEEKDAY,Light rail,21,950,2629,950,2629
2025-12-24,WEEKDAY,Train,24,550,2276,550,2276
2025-12-25,WEEKDAY,Bus,18,0,882,0,882
2025-12-25,WEEKDAY,Ferry,15,0,735,0,735
2025-12-25,WEEKDAY,Light rail,20,700,2180,600,2080
2025-12-25,WEEKDAY,Train,24,300,1776,200,1576
2025-12-26,WEEKDAY,Bus,16,0,784,0,784
2025-12-26,WEEKDAY,Ferry,15,0,735,50,835
2025-12-26,WEEKDAY,Light rail,20,600,2180,700,2380
2025-12-26,WEEKDAY,Train,24,550,2276,650,2176
2025-12-27,SAT,Bus,17,0,833,0,833
2025-12-27,SAT,Ferry,19,400,1731,500,1931
2025-12-27,SAT,Light rail,20,1700,3380,1600,3280
2025-12-27,SAT,Train,24,600,2276,700,2276
2025-12-28,SUN,Bus,17,0,833,50,933
2025-12-28,SUN,Ferry,16,400,1584,300,1384
2025-12-28,SUN,Light rail,20,1500,3180,1550,3180
2025-12-28,SUN,Train,24,450,2076,500,1976
2025-12-29,WEEKDAY,Bus,19,0,931,50,1031
2025-12-29,WEEKDAY,Ferry,18,450,1782,500,1782
2025-12-29,WEEKDAY,Light rail,19,2000,3631,1950,3531
2025-12-29,WEEKDAY,Train,24,500,2176,600,2176
2025-12-30,WEEKDAY,Bus,18,50,982,0,882
2025-12-30,WEEKDAY,Ferry,19,450,1831,400,1731
2025-12-30,WEEKDAY,Light rail,20,2450,4080,2350,3980
2025-12-30,WEEKDAY,Train,24,800,2576,750,2376
2025-12-31,WEEKDAY,Bus,19,0,931,300,1431
2025-12-31,WEEKDAY,Ferry,20,650,2280,700,2280
2025-12-31,WEEKDAY,Light rail,21,4900,6729,5000,6829
2025-12-31,WEEKDAY,Train,24,1150,2976,1500,3376
2026-01-01,WEEKDAY,Bus,18,0,882,0,882
2026-01-01,WEEKDAY,Ferry,15,300,1335,150,1035
2026-01-01,WEEKDAY,Light rail,21,1150,2829,1100,2729
2026-01-01,WEEKDAY,Train,24,700,2376,350,1776
2026-01-02,WEEKDAY,Bus,18,0,882,0,882
2026-01-02,WEEKDAY,Ferry,19,400,1731,500,1931
2026-01-02,WEEKDAY,Light rail,19,2250,3931,2200,3831
2026-01-02,WEEKDAY,Train,24,650,2376,700,2276
2026-01-03,SAT,Bus,19,0,931,50,1031
2026-01-03,SAT,Ferry,19,400,1731,450,1831
2026-01-03,SAT,Light rail,20,1600,3280,1600,3280
2026-01-03,SAT,Train,24,0,1176,100,1376
2026-01-04,SUN,Bus,17,0,833,0,833
2026-01-04,SUN,Ferry,15,200,1135,250,1235
2026-01-04,SUN,Light rail,20,950,2480,800,2280
2026-01-04,SUN,Train,23,0,1127,0,1127
2026-01-05,WEEKDAY,Bus,19,50,1031,0,931
2026-01-05,WEEKDAY,Ferry,18,350,1582,400,1682
2026-01-05,WEEKDAY,Light rail,21,2300,4029,2300,4029
2026-01-05,WEEKDAY,Train,24,1050,2876,1050,2876
2026-01-06,WEEKDAY,Bus,19,100,1131,100,1131
2026-01-06,WEEKDAY,Ferry,18,450,1782,450,1782
2026-01-06,WEEKDAY,Light rail,21,2800,4529,2850,4629
2026-01-06,WEEKDAY,Train,24,1200,2976,1250,3076
2026-01-07,WEEKDAY,Bus,20,50,1080,50,1080
2026-01-07,WEEKDAY,Ferry,19,400,1731,300,1531
2026-01-07,WEEKDAY,Light rail,21,2500,4229,2550,4329
2026-01-07,WEEKDAY,Train,24,1000,2676,1100,2876
2026-01-08,WEEKDAY,Bus,20,50,1080,0,980
2026-01-08,WEEKDAY,Ferry,19,400,1731,300,1531
2026-01-08,WEEKDAY,Light rail,21,2200,3929,2500,4229
2026-01-08,WEEKDAY,Train,24,1100,2976,1000,2776
2026-01-09,WEEKDAY,Bus,19,50,1031,0,931
2026-01-09,WEEKDAY,Ferry,19,300,1531,350,1631
2026-01-09,WEEKDAY,Light rail,21,2300,4129,2300,4129
2026-01-09,WEEKDAY,Train,24,800,2576,750,2576
2026-01-10,SAT,Bus,19,0,931,0,931
2026-01-10,SAT,Ferry,19,0,931,200,1331
2026-01-10,SAT,Light rail,21,1750,3529,1550,3329
2026-01-10,SAT,Train,24,600,2376,700,2476
2026-01-11,SUN,Bus,19,0,931,0,931
2026-01-11,SUN,Ferry,15,300,1335,200,1135
2026-01-11,SUN,Light rail,20,950,2480,950,2480
2026-01-11,SUN,Train,24,500,2176,450,1976
2026-01-12,WEEKDAY,Bus,19,50,1031,0,931
2026-01-12,WEEKDAY,Ferry,18,350,1582,300,1482
2026-01-12,WEEKDAY,Light rail,19,1650,3231,1750,3331
2026-01-12,WEEKDAY,Train,24,950,2676,900,2676
2026-01-13,WEEKDAY,Bus,20,50,1080,50,1080
2026-01-13,WEEKDAY,Ferry,18,350,1582,350,1582
2026-01-13,WEEKDAY,Light rail,21,2400,4129,2400,4129
2026-01-13,WEEKDAY,Train,24,1350,3176,1200,2976
2026-01-14,WEEKDAY,Bus,19,50,1031,100,1131
2026-01-14,WEEKDAY,Ferry,18,400,1682,300,1482
2026-01-14,WEEKDAY,Light rail,21,2000,3729,1800,3529
2026-01-14,WEEKDAY,Train,24,1000,2776,850,2576
2026-01-15,WEEKDAY,Bus,20,50,1080,0,980
2026-01-15,WEEKDAY,Ferry,18,350,1582,350,1582
2026-01-15,WEEKDAY,Light rail,21,1950,3629,1900,3629
2026-01-15,WEEKDAY,Train,24,1150,2976,1050,2976
2026-01-16,WEEKDAY,Bus,18,0,882,0,882
2026-01-16,WEEKDAY,Ferry,19,350,1631,350,1631
2026-01-16,WEEKDAY,Light rail,20,2300,4080,2300,4080
2026-01-16,WEEKDAY,Train,24,900,2676,1050,2876
2026-01-17,SAT,Bus,19,0,931,0,931
2026-01-17,SAT,Ferry,19,400,1731,400,1731
2026-01-17,SAT,Light rail,20,1500,3180,1700,3380
2026-01-17,SAT,Train,24,550,2276,550,2076
2026-01-18,SUN,Bus,19,0,931,0,931
2026-01-18,SUN,Ferry,16,0,784,0,784
2026-01-18,SUN,Light rail,20,500,1980,550,2080
2026-01-18,SUN,Train,24,100,1376,100,1376
2026-01-19,WEEKDAY,Bus,19,100,1131,0,931
2026-01-19,WEEKDAY,Ferry,18,400,1682,400,1682
2026-01-19,WEEKDAY,Light rail,20,1850,3480,1950,3580
2026-01-19,WEEKDAY,Train,24,950,2776,1000,2776
2026-01-20,WEEKDAY,Bus,20,150,1280,50,1080
2026-01-20,WEEKDAY,Ferry,18,450,1782,400,1682
2026-01-20,WEEKDAY,Light rail,20,2550,4280,2450,4180
2026-01-20,WEEKDAY,Train,24,1150,2876,1100,2876
2026-01-21,WEEKDAY,Bus,18,200,1282,150,1182
2026-01-21,WEEKDAY,Ferry,19,400,1731,350,1631
2026-01-21,WEEKDAY,Light rail,20,2700,4380,2700,4380
2026-01-21,WEEKDAY,Train,24,1450,3276,1350,3276
2026-01-22,WEEKDAY,Bus,20,150,1280,100,1180
2026-01-22,WEEKDAY,Ferry,18,450,1782,450,1782
2026-01-22,WEEKDAY,Light rail,21,2300,4029,2100,3829
2026-01-22,WEEKDAY,Train,24,1150,2976,1150,2876
2026-01-23,WEEKDAY,Bus,19,250,1431,150,1231
2026-01-23,WEEKDAY,Ferry,19,400,1731,550,2031
2026-01-23,WEEKDAY,Light rail,20,2800,4580,2700,4480
2026-01-23,WEEKDAY,Train,24,1150,2976,1300,3276
2026-01-24,SAT,Bus,21,100,1229,50,1129
2026-01-24,SAT,Ferry,19,400,1731,550,2031
2026-01-24,SAT,Light rail,22,2550,4378,2550,4378
2026-01-24,SAT,Train,24,700,2576,1150,2976
2026-01-25,SUN,Bus,21,50,1129,50,1129
2026-01-25,SUN,Ferry,16,400,1584,350,1384
2026-01-25,SUN,Light rail,22,2250,4078,2150,3978
2026-01-25,SUN,Train,24,700,2576,750,2476
2026-01-26,WEEKDAY,Bus,17,50,933,50,933
2026-01-26,WEEKDAY,Ferry,14,350,1386,350,1286
2026-01-26,WEEKDAY,Light rail,21,1700,3329,1800,3429
2026-01-26,WEEKDAY,Train,24,700,2476,650,2276
2026-01-27,WEEKDAY,Bus,17,150,1133,100,1033
2026-01-27,WEEKDAY,Ferry,18,300,1482,400,1682
2026-01-27,WEEKDAY,Light rail,20,2400,4080,2450,4080
2026-01-27,WEEKDAY,Train,24,1300,3076,1250,3076
2026-01-28,WEEKDAY,Bus,18,0,882,0,882
2026-01-28,WEEKDAY,Ferry,18,50,982,100,1082
2026-01-28,WEEKDAY,Light rail,20,1650,3280,1300,2880
2026-01-28,WEEKDAY,Train,24,550,2076,650,2276
2026-01-29,WEEKDAY,Bus,17,0,833,0,833
2026-01-29,WEEKDAY,Ferry,18,100,1082,100,1082
2026-01-29,WEEKDAY,Light rail,20,1400,2980,1300,2880
2026-01-29,WEEKDAY,Train,24,650,2276,700,2276
2026-01-30,WEEKDAY,Bus,20,0,980,0,980
2026-01-30,WEEKDAY,Ferry,19,200,1331,200,1331
2026-01-30,WEEKDAY,Light rail,20,1650,3280,1450,3080
2026-01-30,WEEKDAY,Train,24,650,2276,700,2376
2026-01-31,SAT,Bus,20,0,980,0,980
2026-01-31,SAT,Ferry,18,0,882,50,982
2026-01-31,SAT,Light rail,19,500,1931,450,1831
2026-01-31,SAT,Train,20,0,980,0,980
2026-02-01,SUN,Bus,18,0,882,0,882
2026-02-01,SUN,Ferry,18,0,882,0,882
2026-02-01,SUN,Light rail,20,350,1680,350,1680
2026-02-01,SUN,Train,15,0,735,0,735
2026-02-02,WEEKDAY,Bus,18,50,982,50,982
2026-02-02,WEEKDAY,Ferry,18,0,882,0,882
2026-02-02,WEEKDAY,Light rail,19,800,2331,800,2331
2026-02-02,WEEKDAY,Train,22,500,1878,350,1678
2026-02-03,WEEKDAY,Bus,19,50,1031,50,1031
2026-02-03,WEEKDAY,Ferry,18,0,882,100,1082
2026-02-03,WEEKDAY,Light rail,19,1100,2631,1100,2631
2026-02-03,WEEKDAY,Train,24,550,2076,650,2176
2026-02-04,WEEKDAY,Bus,19,50,1031,50,1031
2026-02-04,WEEKDAY,Ferry,18,0,882,0,882
2026-02-04,WEEKDAY,Light rail,20,1050,2680,1200,2880
2026-02-04,WEEKDAY,Train,24,450,1876,700,2276
2026-02-05,WEEKDAY,Bus,17,150,1133,100,1033
2026-02-05,WEEKDAY,Ferry,18,0,882,100,1082
2026-02-05,WEEKDAY,Light rail,20,1300,2880,1400,2980
2026-02-05,WEEKDAY,Train,24,500,1976,750,2376
2026-02-06,WEEKDAY,Bus,19,150,1231,100,1131
2026-02-06,WEEKDAY,Ferry,19,250,1431,250,1431
2026-02-06,WEEKDAY,Light rail,21,2600,4329,2400,4129
2026-02-06,WEEKDAY,Train,24,1150,2976,1000,2776
2026-02-07,SAT,Bus,21,0,1029,50,1129
2026-02-07,SAT,Ferry,19,300,1531,400,1731
2026-02-07,SAT,Light rail,21,1800,3629,1700,3529
2026-02-07,SAT,Train,24,500,2176,500,2176
2026-02-08,SUN,Bus,18,0,882,0,882
2026-02-08,SUN,Ferry,15,50,835,100,935
2026-02-08,SUN,Light rail,21,800,2329,750,2329
2026-02-08,SUN,Train,24,450,2076,350,1876
2026-02-09,WEEKDAY,Bus,19,50,1031,200,1331
2026-02-09,WEEKDAY,Ferry,18,150,1182,100,1082
2026-02-09,WEEKDAY,Light rail,21,1950,3629,1950,3629
2026-02-09,WEEKDAY,Train,24,1150,2976,1250,3076
2026-02-10,WEEKDAY,Bus,19,300,1431,100,1131
2026-02-10,WEEKDAY,Ferry,18,200,1282,200,1282
2026-02-10,WEEKDAY,Light rail,22,2350,4078,2350,4078
2026-02-10,WEEKDAY,Train,24,1350,3176,1300,3076
2026-02-11,WEEKDAY,Bus,19,300,1531,200,1331
2026-02-11,WEEKDAY,Ferry,18,250,1382,200,1282
2026-02-11,WEEKDAY,Light rail,20,2250,3880,2350,3980
2026-02-11,WEEKDAY,Train,24,1350,3176,1200,2976
2026-02-12,WEEKDAY,Bus,20,150,1280,100,1180
2026-02-12,WEEKDAY,Ferry,19,200,1331,200,1331
2026-02-12,WEEKDAY,Light rail,20,2400,4080,2350,3980
2026-02-12,WEEKDAY,Train,24,1450,3276,1350,3176
2026-02-13,WEEKDAY,Bus,20,100,1180,250,1480
2026-02-13,WEEKDAY,Ferry,19,200,1331,200,1331
2026-02-13,WEEKDAY,Light rail,21,2400,4229,2250,4029
2026-02-13,WEEKDAY,Train,24,1150,2976,1000,2876
2026-02-14,SAT,Bus,19,50,1031,50,1031
2026-02-14,SAT,Ferry,19,750,2331,1000,2431
2026-02-14,SAT,Light rail,20,3650,5380,3900,5680
2026-02-14,SAT,Train,24,1000,2976,1450,3376
2026-02-15,SUN,Bus,19,0,931,0,931
2026-02-15,SUN,Ferry,15,150,1035,200,1135
2026-02-15,SUN,Light rail,20,800,2380,750,2280
2026-02-15,SUN,Train,24,600,2376,400,1876
2026-02-16,WEEKDAY,Bus,19,200,1331,350,1631
2026-02-16,WEEKDAY,Ferry,18,250,1382,150,1182
2026-02-16,WEEKDAY,Light rail,21,2200,3929,2200,3929
2026-02-16,WEEKDAY,Train,24,1250,3076,1350,3176
2026-02-17,WEEKDAY,Bus,19,300,1531,350,1631
2026-02-17,WEEKDAY,Ferry,18,350,1582,300,1482
2026-02-17,WEEKDAY,Light rail,20,2800,4480,2650,4280
2026-02-17,WEEKDAY,Train,24,1400,3176,1550,3376
2026-02-18,WEEKDAY,Bus,19,200,1331,200,1331
2026-02-18,WEEKDAY,Ferry,20,250,1480,300,1480
2026-02-18,WEEKDAY,Light rail,21,2750,4529,2550,4229
2026-02-18,WEEKDAY,Train,24,1450,3276,1450,3276
2026-02-19,WEEKDAY,Bus,20,200,1380,300,1580
2026-02-19,WEEKDAY,Ferry,18,350,1582,300,1482
2026-02-19,WEEKDAY,Light rail,20,2750,4380,2800,4480
2026-02-19,WEEKDAY,Train,24,1400,3176,1350,3176
2026-02-20,WEEKDAY,Bus,19,200,1331,150,1231
2026-02-20,WEEKDAY,Ferry,20,300,1580,350,1680
2026-02-20,WEEKDAY,Light rail,20,2800,4580,2700,4480
2026-02-20,WEEKDAY,Train,24,1300,3176,1250,3176
2026-02-21,SAT,Bus,22,100,1278,100,1278
2026-02-21,SAT,Ferry,19,350,1631,450,1831
2026-02-21,SAT,Light rail,20,1850,3580,1950,3680
2026-02-21,SAT,Train,24,650,2476,650,2376
2026-02-22,SUN,Bus,18,0,882,50,982
2026-02-22,SUN,Ferry,14,50,786,50,786
2026-02-22,SUN,Light rail,20,950,2480,1200,2780
2026-02-22,SUN,Train,24,450,2076,450,1976
2026-02-23,WEEKDAY,Bus,17,200,1233,200,1233
2026-02-23,WEEKDAY,Ferry,18,150,1182,150,1182
2026-02-23,WEEKDAY,Light rail,20,2600,4280,2400,4080
2026-02-23,WEEKDAY,Train,24,1350,3176,1300,3076
2026-02-24,WEEKDAY,Bus,19,150,1231,250,1431
2026-02-24,WEEKDAY,Ferry,18,200,1282,250,1382
2026-02-24,WEEKDAY,Light rail,20,2200,3880,2300,3980
2026-02-24,WEEKDAY,Train,24,1300,3076,1250,3076
2026-02-25,WEEKDAY,Bus,18,200,1282,100,1082
2026-02-25,WEEKDAY,Ferry,18,200,1282,250,1382
2026-02-25,WEEKDAY,Light rail,20,2800,4580,2650,4380
2026-02-25,WEEKDAY,Train,24,1450,3276,1500,3376
2026-02-26,WEEKDAY,Bus,19,250,1431,300,1531
2026-02-26,WEEKDAY,Ferry,19,300,1531,300,1531
2026-02-26,WEEKDAY,Light rail,21,2700,4529,2750,4529
2026-02-26,WEEKDAY,Train,24,1500,3376,1250,3076
2026-02-27,WEEKDAY,Bus,14,150,986,250,1186
2026-02-27,WEEKDAY,Ferry,19,150,1231,350,1631
2026-02-27,WEEKDAY,Light rail,20,3000,4780,2800,4580
2026-02-27,WEEKDAY,Train,24,1350,3276,1350,3276
2026-02-28,SAT,Bus,7,0,343,0,343
2026-02-28,SAT,Ferry,19,350,1631,400,1731
2026-02-28,SAT,Light rail,20,1850,3580,1800,3580
2026-02-28,SAT,Train,24,500,2176,650,2276
2026-03-01,SUN,Bus,19,0,931,0,931
2026-03-01,SUN,Ferry,16,150,1084,150,1084
2026-03-01,SUN,Light rail,23,800,2527,750,2427
2026-03-01,SUN,Train,24,500,2176,350,1876
2026-03-02,WEEKDAY,Bus,19,150,1231,150,1231
2026-03-02,WEEKDAY,Ferry,19,300,1531,250,1431
2026-03-02,WEEKDAY,Light rail,20,2150,3780,2150,3780
2026-03-02,WEEKDAY,Train,24,1150,2976,1200,2976
2026-03-03,WEEKDAY,Bus,19,250,1431,250,1431
2026-03-03,WEEKDAY,Ferry,19,250,1431,200,1331
2026-03-03,WEEKDAY,Light rail,20,2300,3980,2150,3780
2026-03-03,WEEKDAY,Train,24,1350,3176,1350,3176
2026-03-04,WEEKDAY,Bus,19,300,1431,200,1331
2026-03-04,WEEKDAY,Ferry,19,300,1531,300,1531
2026-03-04,WEEKDAY,Light rail,21,2800,4529,2600,4329
2026-03-04,WEEKDAY,Train,24,1450,3276,1400,3176
2026-03-05,WEEKDAY,Bus,20,200,1380,250,1480
2026-03-05,WEEKDAY,Ferry,19,300,1531,250,1431
2026-03-05,WEEKDAY,Light rail,20,2750,4480,2950,4680
2026-03-05,WEEKDAY,Train,24,1500,3376,1450,3276
2026-03-06,WEEKDAY,Bus,20,150,1280,200,1380
2026-03-06,WEEKDAY,Ferry,20,200,1380,300,1580
2026-03-06,WEEKDAY,Light rail,20,2450,4180,2450,4180
2026-03-06,WEEKDAY,Train,24,1250,3076,1150,3076
2026-03-07,SAT,Bus,19,50,1031,50,1031
2026-03-07,SAT,Ferry,20,450,1880,550,2080
2026-03-07,SAT,Light rail,21,1850,3629,2050,3829
2026-03-07,SAT,Train,24,650,2476,900,2576
2026-03-08,SUN,Bus,20,0,980,0,980
2026-03-08,SUN,Ferry,15,0,735,50,835
2026-03-08,SUN,Light rail,21,700,2229,700,2229
2026-03-08,SUN,Train,24,450,2076,450,1976
2026-03-09,WEEKDAY,Bus,19,100,1131,150,1231
2026-03-09,WEEKDAY,Ferry,18,100,1082,100,1082
2026-03-09,WEEKDAY,Light rail,21,1300,2929,1300,2929
2026-03-09,WEEKDAY,Train,24,950,2776,1000,2776
2026-03-10,WEEKDAY,Bus,19,150,1231,200,1331
2026-03-10,WEEKDAY,Ferry,18,200,1282,200,1282
2026-03-10,WEEKDAY,Light rail,21,2050,3729,2050,3729
2026-03-10,WEEKDAY,Train,24,1350,3176,1100,2876
2026-03-11,WEEKDAY,Bus,20,150,1280,300,1580
2026-03-11,WEEKDAY,Ferry,19,300,1531,200,1331
2026-03-11,WEEKDAY,Light rail,20,2250,3880,2200,3780
2026-03-11,WEEKDAY,Train,24,1350,3176,1300,3176
2026-03-12,WEEKDAY,Bus,19,100,1131,250,1431
2026-03-12,WEEKDAY,Ferry,20,300,1580,300,1580
2026-03-12,WEEKDAY,Light rail,21,2400,4129,2350,4029
2026-03-12,WEEKDAY,Train,24,1300,3176,1400,3276
2026-03-13,WEEKDAY,Bus,19,150,1231,150,1231
2026-03-13,WEEKDAY,Ferry,20,200,1380,200,1380
2026-03-13,WEEKDAY,Light rail,20,2250,3980,2200,3980
2026-03-13,WEEKDAY,Train,24,1150,2976,1050,2976
2026-03-14,SAT,Bus,22,50,1178,0,1078
2026-03-14,SAT,Ferry,20,350,1680,450,1880
2026-03-14,SAT,Light rail,20,1900,3680,2100,3880
2026-03-14,SAT,Train,24,700,2476,850,2576
2026-03-15,SUN,Bus,20,0,980,50,1080
2026-03-15,SUN,Ferry,14,300,1286,200,1086
2026-03-15,SUN,Light rail,21,1300,3029,1350,3029
2026-03-15,SUN,Train,24,450,2076,550,2176
2026-03-16,WEEKDAY,Bus,19,150,1231,150,1231
2026-03-16,WEEKDAY,Ferry,18,300,1482,300,1482
2026-03-16,WEEKDAY,Light rail,21,2250,3929,2050,3729
2026-03-16,WEEKDAY,Train,24,1400,3276,1400,3176
2026-03-17,WEEKDAY,Bus,18,350,1482,350,1582
2026-03-17,WEEKDAY,Ferry,18,350,1582,300,1482
2026-03-17,WEEKDAY,Light rail,21,2550,4329,2600,4329
2026-03-17,WEEKDAY,Train,24,1550,3376,1500,3376
2026-03-18,WEEKDAY,Bus,19,150,1231,350,1631
2026-03-18,WEEKDAY,Ferry,18,350,1582,250,1382
2026-03-18,WEEKDAY,Light rail,21,2700,4429,2800,4529
2026-03-18,WEEKDAY,Train,24,1450,3276,1350,3176
2026-03-19,WEEKDAY,Bus,20,200,1380,150,1280
2026-03-19,WEEKDAY,Ferry,18,150,1182,150,1182
2026-03-19,WEEKDAY,Light rail,20,2350,4080,2500,4180
2026-03-19,WEEKDAY,Train,24,1600,3476,1400,3176
2026-03-20,WEEKDAY,Bus,20,150,1280,300,1580
2026-03-20,WEEKDAY,Ferry,19,350,1631,400,1731
2026-03-20,WEEKDAY,Light rail,20,3600,5380,3500,5280
2026-03-20,WEEKDAY,Train,24,1300,3076,1300,3176
2026-03-21,SAT,Bus,19,100,1131,50,1031
2026-03-21,SAT,Ferry,19,350,1631,450,1831
2026-03-21,SAT,Light rail,20,1950,3780,1950,3780
2026-03-21,SAT,Train,24,750,2676,1000,2876
2026-03-22,SUN,Bus,22,0,1078,0,1078
2026-03-22,SUN,Ferry,15,300,1335,250,1235
2026-03-22,SUN,Light rail,20,1450,3080,1550,3180
2026-03-22,SUN,Train,24,600,2376,650,2276
2026-03-23,WEEKDAY,Bus,19,200,1331,300,1531
2026-03-23,WEEKDAY,Ferry,19,350,1631,300,1531
2026-03-23,WEEKDAY,Light rail,20,2450,4080,2450,4080
2026-03-23,WEEKDAY,Train,24,1350,3176,1300,3076
2026-03-24,WEEKDAY,Bus,20,200,1380,400,1780
2026-03-24,WEEKDAY,Ferry,19,350,1631,300,1531
2026-03-24,WEEKDAY,Light rail,22,2850,4678,2950,4678
2026-03-24,WEEKDAY,Train,24,1600,3476,1700,3576
2026-03-25,WEEKDAY,Bus,20,250,1480,400,1780
2026-03-25,WEEKDAY,Ferry,18,400,1682,400,1682
2026-03-25,WEEKDAY,Light rail,20,3250,4980,3100,4780
2026-03-25,WEEKDAY,Train,24,1650,3476,1550,3376
2026-03-26,WEEKDAY,Bus,20,300,1580,300,1580
2026-03-26,WEEKDAY,Ferry,18,300,1482,300,1482
2026-03-26,WEEKDAY,Light rail,20,3000,4680,2950,4580
2026-03-26,WEEKDAY,Train,24,1500,3376,1750,3676
2026-03-27,WEEKDAY,Bus,18,200,1282,300,1482
2026-03-27,WEEKDAY,Ferry,19,100,1131,200,1331
2026-03-27,WEEKDAY,Light rail,21,2900,4729,3100,4929
2026-03-27,WEEKDAY,Train,24,1350,3176,1550,3476
2026-03-28,SAT,Bus,19,50,1031,50,1031
2026-03-28,SAT,Ferry,19,400,1731,450,1831
2026-03-28,SAT,Light rail,20,2900,4580,3100,4880
2026-03-28,SAT,Train,24,850,2776,950,2576
2026-03-29,SUN,Bus,18,50,982,100,1082
2026-03-29,SUN,Ferry,16,150,1084,150,1084
2026-03-29,SUN,Light rail,21,1850,3529,1800,3429
2026-03-29,SUN,Train,24,700,2476,700,2276
2026-03-30,WEEKDAY,Bus,19,200,1331,150,1231
2026-03-30,WEEKDAY,Ferry,18,300,1482,300,1482
2026-03-30,WEEKDAY,Light rail,21,2300,4029,2450,4129
2026-03-30,WEEKDAY,Train,24,1450,3276,1500,3276
2026-03-31,WEEKDAY,Bus,19,300,1531,300,1531
2026-03-31,WEEKDAY,Ferry,18,350,1582,300,1482
2026-03-31,WEEKDAY,Light rail,20,3200,4880,3050,4680
2026-03-31,WEEKDAY,Train,24,1650,3476,1250,2976
2026-04-01,WEEKDAY,Bus,20,250,1480,350,1680
2026-04-01,WEEKDAY,Ferry,19,350,1631,250,1431
2026-04-01,WEEKDAY,Light rail,20,2600,4280,2600,4280
2026-04-01,WEEKDAY,Train,24,1400,3276,1500,3376
2026-04-02,WEEKDAY,Bus,19,200,1331,300,1531
2026-04-02,WEEKDAY,Ferry,18,300,1482,350,1582
2026-04-02,WEEKDAY,Light rail,20,2350,3980,2700,4380
2026-04-02,WEEKDAY,Train,24,1500,3376,1400,3376
2026-04-03,WEEKDAY,Bus,18,0,882,50,982
2026-04-03,WEEKDAY,Ferry,14,350,1386,400,1486
2026-04-03,WEEKDAY,Light rail,20,2200,3880,2150,3780
2026-04-03,WEEKDAY,Train,24,1100,2976,1350,2976
2026-04-04,SAT,Bus,19,50,1031,0,931
2026-04-04,SAT,Ferry,19,200,1331,300,1531
2026-04-04,SAT,Light rail,21,2350,4129,2250,4029
2026-04-04,SAT,Train,24,1150,2976,1250,2976
2026-04-05,SUN,Bus,20,50,1080,50,1080
2026-04-05,SUN,Ferry,16,350,1484,300,1384
2026-04-05,SUN,Light rail,23,2400,4227,2550,4427
2026-04-05,SUN,Train,24,1100,2976,1400,3276
2026-04-06,WEEKDAY,Bus,18,0,882,0,882
2026-04-06,WEEKDAY,Ferry,14,350,1386,400,1386
2026-04-06,WEEKDAY,Light rail,20,1550,3080,1500,2980
2026-04-06,WEEKDAY,Train,24,950,2676,950,2576
2026-04-07,WEEKDAY,Bus,18,200,1282,250,1382
2026-04-07,WEEKDAY,Ferry,18,450,1782,350,1582
2026-04-07,WEEKDAY,Light rail,21,3050,4729,3050,4729
2026-04-07,WEEKDAY,Train,24,1550,3376,1400,3176
2026-04-08,WEEKDAY,Bus,18,250,1382,300,1482
2026-04-08,WEEKDAY,Ferry,18,450,1782,400,1682
2026-04-08,WEEKDAY,Light rail,20,3200,4880,3100,4780
2026-04-08,WEEKDAY,Train,24,1700,3576,1700,3576
2026-04-09,WEEKDAY,Bus,20,150,1280,150,1280
2026-04-09,WEEKDAY,Ferry,20,450,1880,400,1780
2026-04-09,WEEKDAY,Light rail,21,3550,5329,3650,5429
2026-04-09,WEEKDAY,Train,24,1500,3376,1600,3476
2026-04-10,WEEKDAY,Bus,20,200,1380,250,1480
2026-04-10,WEEKDAY,Ferry,19,500,1931,400,1731
2026-04-10,WEEKDAY,Light rail,21,3400,5229,3300,5129
2026-04-10,WEEKDAY,Train,24,1650,3476,1650,3476
2026-04-11,SAT,Bus,20,100,1180,50,1080
2026-04-11,SAT,Ferry,19,500,1931,450,1831
2026-04-11,SAT,Light rail,21,2300,4029,2200,3929
2026-04-11,SAT,Train,24,1000,2976,1050,2876
2026-04-12,SUN,Bus,20,0,980,100,1180
2026-04-12,SUN,Ferry,15,350,1435,400,1435
2026-04-12,SUN,Light rail,20,1400,2980,1400,2980
2026-04-12,SUN,Train,24,550,2276,800,2476
2026-04-13,WEEKDAY,Bus,19,250,1431,450,1831
2026-04-13,WEEKDAY,Ferry,18,450,1782,350,1582
2026-04-13,WEEKDAY,Light rail,18,2450,3982,2700,4182
2026-04-13,WEEKDAY,Train,24,1300,3076,1100,2876
2026-04-14,WEEKDAY,Bus,20,200,1380,450,1880
2026-04-14,WEEKDAY,Ferry,18,400,1682,450,1782
2026-04-14,WEEKDAY,Light rail,22,3300,5078,3300,5078
2026-04-14,WEEKDAY,Train,24,1550,3376,1400,3176
2026-04-15,WEEKDAY,Bus,19,250,1431,400,1731
2026-04-15,WEEKDAY,Ferry,18,450,1782,400,1682
2026-04-15,WEEKDAY,Light rail,21,3500,5229,3550,5329
2026-04-15,WEEKDAY,Train,24,1750,3576,1700,3476
2026-04-16,WEEKDAY,Bus,20,250,1480,350,1680
2026-04-16,WEEKDAY,Ferry,18,400,1682,450,1782
2026-04-16,WEEKDAY,Light rail,20,3500,5280,3700,5480
2026-04-16,WEEKDAY,Train,24,1550,3376,1600,3476
2026-04-17,WEEKDAY,Bus,19,200,1331,250,1431
2026-04-17,WEEKDAY,Ferry,19,450,1831,500,1931
2026-04-17,WEEKDAY,Light rail,21,3500,5329,3550,5329
2026-04-17,WEEKDAY,Train,24,1750,3576,1700,3576
2026-04-18,SAT,Bus,20,100,1180,0,980
2026-04-18,SAT,Ferry,19,500,1931,550,2031
2026-04-18,SAT,Light rail,19,2350,4031,2350,4031
2026-04-18,SAT,Train,24,750,2476,950,2676
2026-04-19,SUN,Bus,20,50,1080,50,1080
2026-04-19,SUN,Ferry,15,350,1435,350,1435
2026-04-19,SUN,Light rail,23,2800,4727,2800,4727
2026-04-19,SUN,Train,24,600,2276,550,2176
2026-04-20,WEEKDAY,Bus,18,150,1182,200,1282
2026-04-20,WEEKDAY,Ferry,18,350,1582,300,1482
2026-04-20,WEEKDAY,Light rail,22,2350,4078,2400,4078
2026-04-20,WEEKDAY,Train,24,1550,3376,1550,3376
2026-04-21,WEEKDAY,Bus,19,250,1431,400,1631
2026-04-21,WEEKDAY,Ferry,18,400,1682,350,1582
2026-04-21,WEEKDAY,Light rail,21,2050,3629,1950,3529
2026-04-21,WEEKDAY,Train,24,1750,3576,1600,3376
2026-04-22,WEEKDAY,Bus,19,300,1431,250,1431
2026-04-22,WEEKDAY,Ferry,18,250,1382,250,1382
2026-04-22,WEEKDAY,Light rail,21,2500,4229,2500,4229
2026-04-22,WEEKDAY,Train,24,1450,3276,1600,3476
2026-04-23,WEEKDAY,Bus,19,300,1431,300,1531
2026-04-23,WEEKDAY,Ferry,18,350,1582,250,1382
2026-04-23,WEEKDAY,Light rail,20,2600,4280,2750,4380
2026-04-23,WEEKDAY,Train,23,1400,3127,1400,3227
2026-04-24,WEEKDAY,Bus,20,200,1380,350,1680
2026-04-24,WEEKDAY,Ferry,20,350,1680,250,1480
2026-04-24,WEEKDAY,Light rail,21,2450,4229,2300,4029
2026-04-24,WEEKDAY,Train,24,1300,3176,1350,3176
2026-04-25,SAT,Bus,20,150,1280,100,1180
2026-04-25,SAT,Ferry,21,450,1929,500,2029
2026-04-25,SAT,Light rail,22,3650,5678,3350,5378
2026-04-25,SAT,Train,24,1150,3176,1600,3476
2026-04-26,SUN,Bus,17,50,933,100,1033
2026-04-26,SUN,Ferry,15,400,1535,600,1835
2026-04-26,SUN,Light rail,21,2100,3829,2100,3829
2026-04-26,SUN,Train,24,900,2576,1200,2876
2026-04-27,WEEKDAY,Bus,18,0,882,0,882
2026-04-27,WEEKDAY,Ferry,14,350,1386,350,1286
2026-04-27,WEEKDAY,Light rail,22,1100,2678,1200,2778
2026-04-27,WEEKDAY,Train,24,850,2576,500,2076
2026-04-28,WEEKDAY,Bus,19,150,1231,250,1431
2026-04-28,WEEKDAY,Ferry,18,250,1382,250,1382
2026-04-28,WEEKDAY,Light rail,21,2050,3729,2000,3629
2026-04-28,WEEKDAY,Train,24,1250,3076,1100,2876
2026-04-29,WEEKDAY,Bus,20,450,1780,500,1980
2026-04-29,WEEKDAY,Ferry,18,250,1382,200,1282
2026-04-29,WEEKDAY,Light rail,20,2050,3680,2150,3780
2026-04-29,WEEKDAY,Train,24,1250,3076,1150,2876
2026-04-30,WEEKDAY,Bus,20,600,2080,600,2180
2026-04-30,WEEKDAY,Ferry,11,200,939,300,1139
2026-04-30,WEEKDAY,Light rail,21,2200,3929,2150,3829
2026-04-30,WEEKDAY,Train,24,1450,3276,1350,3176
2026-05-01,WEEKDAY,Bus,21,450,1929,600,2229
2026-05-01,WEEKDAY,Ferry,14,300,1286,200,1086
2026-05-01,WEEKDAY,Light rail,21,2500,4329,2450,4229
2026-05-01,WEEKDAY,Train,24,1100,2876,1050,2976
2026-05-02,SAT,Bus,22,250,1578,450,1978
2026-05-02,SAT,Ferry,19,300,1531,300,1531
2026-05-02,SAT,Light rail,19,1850,3531,1750,3431
2026-05-02,SAT,Train,24,700,2576,700,2276
2026-05-03,SUN,Bus,21,150,1329,150,1329
2026-05-03,SUN,Ferry,14,250,1186,250,1186
2026-05-03,SUN,Light rail,21,950,2529,1050,2629
2026-05-03,SUN,Train,24,500,2176,600,2176
2026-05-04,WEEKDAY,Bus,19,600,2031,750,2231
2026-05-04,WEEKDAY,Ferry,18,250,1382,250,1382
2026-05-04,WEEKDAY,Light rail,20,1950,3480,2000,3580
2026-05-04,WEEKDAY,Train,24,1200,2976,1150,2976
2026-05-05,WEEKDAY,Bus,20,700,2180,650,2180
2026-05-05,WEEKDAY,Ferry,18,200,1282,200,1282
2026-05-05,WEEKDAY,Light rail,21,1900,3529,2150,3829
2026-05-05,WEEKDAY,Train,24,1450,3376,1200,2876
2026-05-06,WEEKDAY,Bus,20,650,2180,600,2180
2026-05-06,WEEKDAY,Ferry,18,350,1582,250,1382
2026-05-06,WEEKDAY,Light rail,20,2050,3680,2000,3580
2026-05-06,WEEKDAY,Train,24,1350,3176,1150,2976
2026-05-07,WEEKDAY,Bus,20,650,2180,600,2080
2026-05-07,WEEKDAY,Ferry,18,200,1282,200,1282
2026-05-07,WEEKDAY,Light rail,19,1950,3531,2050,3631
2026-05-07,WEEKDAY,Train,24,1300,3076,1100,2876
2026-05-08,WEEKDAY,Bus,20,450,1880,550,2080
2026-05-08,WEEKDAY,Ferry,19,200,1331,250,1431
2026-05-08,WEEKDAY,Light rail,20,2250,3980,2050,3780
2026-05-08,WEEKDAY,Train,24,1100,2876,1050,2976
2026-05-09,SAT,Bus,22,200,1478,250,1578
2026-05-09,SAT,Ferry,19,400,1731,500,1931
2026-05-09,SAT,Light rail,20,1750,3480,1650,3380
2026-05-09,SAT,Train,24,600,2376,800,2476
2026-05-10,SUN,Bus,20,200,1380,150,1280
2026-05-10,SUN,Ferry,18,400,1682,450,1682
2026-05-10,SUN,Light rail,21,1100,2629,1050,2629
2026-05-10,SUN,Train,24,400,1976,400,1976
2026-05-11,WEEKDAY,Bus,20,450,1880,550,2080
2026-05-11,WEEKDAY,Ferry,17,100,1033,100,1033
2026-05-11,WEEKDAY,Light rail,21,1450,3129,1650,3329
2026-05-11,WEEKDAY,Train,24,1100,2876,1050,2776
2026-05-12,WEEKDAY,Bus,19,550,1931,600,2031
2026-05-12,WEEKDAY,Ferry,18,150,1182,100,1082
2026-05-12,WEEKDAY,Light rail,21,1950,3629,1900,3529
2026-05-12,WEEKDAY,Train,24,1300,3076,1200,2976
2026-05-13,WEEKDAY,Bus,20,500,1980,650,2180
2026-05-13,WEEKDAY,Ferry,18,200,1282,100,1082
2026-05-13,WEEKDAY,Light rail,20,1750,3380,1850,3480
2026-05-13,WEEKDAY,Train,24,1300,3076,1100,2876
2026-05-14,WEEKDAY,Bus,20,500,1980,600,2080
2026-05-14,WEEKDAY,Ferry,20,0,980,100,1180
2026-05-14,WEEKDAY,Light rail,20,1700,3380,1900,3580
2026-05-14,WEEKDAY,Train,24,1250,2976,1150,2976
2026-05-15,WEEKDAY,Bus,20,500,1980,500,1980
2026-05-15,WEEKDAY,Ferry,19,0,931,0,931
2026-05-15,WEEKDAY,Light rail,20,1950,3680,1950,3680
2026-05-15,WEEKDAY,Train,24,1000,2776,1000,2876
2026-05-16,SAT,Bus,22,300,1678,200,1478
2026-05-16,SAT,Ferry,19,50,1031,200,1331
2026-05-16,SAT,Light rail,19,350,1631,300,1531
2026-05-16,SAT,Train,19,0,931,0,931
2026-05-17,SUN,Bus,23,0,1127,50,1227
2026-05-17,SUN,Ferry,15,0,735,50,835
2026-05-17,SUN,Light rail,19,450,1831,450,1831
2026-05-17,SUN,Train,22,0,1078,0,1078
2026-05-18,WEEKDAY,Bus,19,450,1831,500,1931
2026-05-18,WEEKDAY,Ferry,16,0,784,0,784
2026-05-18,WEEKDAY,Light rail,20,1050,2580,1100,2680
2026-05-18,WEEKDAY,Train,23,600,2227,550,2127
2026-05-19,WEEKDAY,Bus,19,550,1931,650,2131
2026-05-19,WEEKDAY,Ferry,18,0,882,0,882
2026-05-19,WEEKDAY,Light rail,21,1650,3329,1800,3429
2026-05-19,WEEKDAY,Train,24,1200,2976,1050,2776
2026-05-20,WEEKDAY,Bus,20,650,2180,600,2180
2026-05-20,WEEKDAY,Ferry,18,0,882,50,982
2026-05-20,WEEKDAY,Light rail,20,2000,3580,2100,3680
2026-05-20,WEEKDAY,Train,24,1250,2976,1150,2976
2026-05-21,WEEKDAY,Bus,20,450,1880,600,2080
2026-05-21,WEEKDAY,Ferry,18,0,882,0,882
2026-05-21,WEEKDAY,Light rail,21,1800,3529,1850,3529
2026-05-21,WEEKDAY,Train,23,1200,2927,1050,2727
2026-05-22,WEEKDAY,Bus,20,400,1780,500,1980
2026-05-22,WEEKDAY,Ferry,20,0,980,0,980
2026-05-22,WEEKDAY,Light rail,21,1900,3729,2000,3829
2026-05-22,WEEKDAY,Train,24,1100,2876,900,2776
2026-05-23,SAT,Bus,22,50,1178,100,1278
2026-05-23,SAT,Ferry,19,0,931,100,1131
2026-05-23,SAT,Light rail,21,1150,2929,1300,3029
2026-05-23,SAT,Train,24,550,2276,650,2376
2026-05-24,SUN,Bus,22,100,1278,200,1478
2026-05-24,SUN,Ferry,15,0,735,50,835
2026-05-24,SUN,Light rail,20,1100,2580,950,2380
2026-05-24,SUN,Train,24,550,2276,500,1976
2026-05-25,WEEKDAY,Bus,19,650,2131,600,2031
2026-05-25,WEEKDAY,Ferry,18,0,882,0,882
2026-05-25,WEEKDAY,Light rail,21,1450,3129,1450,3129
2026-05-25,WEEKDAY,Train,24,1000,2676,850,2576
2026-05-26,WEEKDAY,Bus,19,400,1731,650,2131
2026-05-26,WEEKDAY,Ferry,17,50,933,50,933
2026-05-26,WEEKDAY,Light rail,20,1900,3480,2150,3780
2026-05-26,WEEKDAY,Train,24,1300,3076,1150,2876
2026-05-27,WEEKDAY,Bus,20,550,1980,700,2280
2026-05-27,WEEKDAY,Ferry,18,0,882,50,982
2026-05-27,WEEKDAY,Light rail,20,1750,3380,1850,3480
2026-05-27,WEEKDAY,Train,23,1300,3027,1100,2727
2026-05-28,WEEKDAY,Bus,20,450,1880,500,1980
2026-05-28,WEEKDAY,Ferry,17,0,833,0,833
2026-05-28,WEEKDAY,Light rail,19,1650,3231,1850,3431
2026-05-28,WEEKDAY,Train,24,1100,2876,1000,2776
2026-05-29,WEEKDAY,Bus,21,350,1729,600,2229
2026-05-29,WEEKDAY,Ferry,19,50,1031,0,931
2026-05-29,WEEKDAY,Light rail,20,700,2280,700,2280
2026-05-29,WEEKDAY,Train,24,650,2376,850,2676
2026-05-30,SAT,Bus,22,100,1278,150,1378
2026-05-30,SAT,Ferry,20,300,1580,400,1780
2026-05-30,SAT,Light rail,20,1450,3180,1350,3080
2026-05-30,SAT,Train,24,550,2276,650,2276
2026-05-31,SUN,Bus,23,150,1427,100,1327
2026-05-31,SUN,Ferry,15,150,1035,250,1235
2026-05-31,SUN,Light rail,20,800,2280,750,2180
2026-05-31,SUN,Train,24,450,2076,400,1876
2026-06-01,WEEKDAY,Bus,19,700,2131,550,2031
2026-06-01,WEEKDAY,Ferry,17,200,1233,150,1133
2026-06-01,WEEKDAY,Light rail,20,1900,3480,1700,3280
2026-06-01,WEEKDAY,Train,24,1000,2776,1000,2676
2026-06-02,WEEKDAY,Bus,20,450,1880,650,2180
2026-06-02,WEEKDAY,Ferry,18,100,1082,150,1182
2026-06-02,WEEKDAY,Light rail,21,1800,3429,1800,3429
2026-06-02,WEEKDAY,Train,24,750,2376,900,2476
2026-06-03,WEEKDAY,Bus,20,700,2280,650,2180
2026-06-03,WEEKDAY,Ferry,18,150,1182,200,1282
2026-06-03,WEEKDAY,Light rail,19,1900,3431,1900,3431
2026-06-03,WEEKDAY,Train,24,1200,2976,1050,2776
2026-06-04,WEEKDAY,Bus,20,600,2080,600,2080
2026-06-04,WEEKDAY,Ferry,18,100,1082,150,1182
2026-06-04,WEEKDAY,Light rail,20,2000,3580,1900,3480
2026-06-04,WEEKDAY,Train,23,1050,2727,1000,2727
2026-06-05,WEEKDAY,Bus,21,450,1929,600,2129
2026-06-05,WEEKDAY,Ferry,18,0,882,0,882
2026-06-05,WEEKDAY,Light rail,21,1700,3429,1500,3229
2026-06-05,WEEKDAY,Train,24,900,2576,1000,2876
2026-06-06,SAT,Bus,21,200,1429,400,1829
2026-06-06,SAT,Ferry,19,350,1631,500,1931
2026-06-06,SAT,Light rail,21,1750,3529,1750,3529
2026-06-06,SAT,Train,24,700,2476,950,2676
2026-06-07,SUN,Bus,21,300,1629,400,1829
2026-06-07,SUN,Ferry,16,450,1684,450,1584
2026-06-07,SUN,Light rail,20,1900,3580,1900,3580
2026-06-07,SUN,Train,24,700,2576,850,2576
2026-06-08,WEEKDAY,Bus,18,0,882,50,982
2026-06-08,WEEKDAY,Ferry,14,300,1286,300,1186
2026-06-08,WEEKDAY,Light rail,20,1000,2480,950,2380
2026-06-08,WEEKDAY,Train,24,600,2276,400,1876
2026-06-09,WEEKDAY,Bus,19,600,2031,700,2231
2026-06-09,WEEKDAY,Ferry,18,200,1282,150,1182
2026-06-09,WEEKDAY,Light rail,19,1900,3431,2150,3731
2026-06-09,WEEKDAY,Train,24,1200,2976,1100,2876
2026-06-10,WEEKDAY,Bus,20,700,2180,550,2080
2026-06-10,WEEKDAY,Ferry,18,250,1382,250,1382
2026-06-10,WEEKDAY,Light rail,20,2000,3680,2000,3680
2026-06-10,WEEKDAY,Train,24,1300,3076,1150,2976
2026-06-11,WEEKDAY,Bus,20,450,1880,600,2080
2026-06-11,WEEKDAY,Ferry,18,150,1182,150,1182
2026-06-11,WEEKDAY,Light rail,20,1950,3580,1800,3480
2026-06-11,WEEKDAY,Train,24,950,2676,1050,2876
2026-06-12,WEEKDAY,Bus,20,550,1980,550,2080
2026-06-12,WEEKDAY,Ferry,19,300,1531,350,1631
2026-06-12,WEEKDAY,Light rail,20,1900,3680,1900,3680
2026-06-12,WEEKDAY,Train,24,1050,2876,950,2876
2026-06-13,SAT,Bus,23,250,1627,200,1527
2026-06-13,SAT,Ferry,20,350,1680,500,1980
2026-06-13,SAT,Light rail,20,1350,3080,1450,3180
2026-06-13,SAT,Train,24,500,2176,550,2176
2026-06-14,SUN,Bus,22,50,1178,150,1378
2026-06-14,SUN,Ferry,15,200,1135,200,1135
2026-06-14,SUN,Light rail,21,900,2429,1000,2529
2026-06-14,SUN,Train,24,400,1976,350,1876
2026-06-15,WEEKDAY,Bus,18,550,1982,650,2082
2026-06-15,WEEKDAY,Ferry,18,100,1082,100,1082
2026-06-15,WEEKDAY,Light rail,20,1400,2980,1500,3080
2026-06-15,WEEKDAY,Train,24,1050,2776,950,2676
2026-06-16,WEEKDAY,Bus,19,550,1931,650,2131
2026-06-16,WEEKDAY,Ferry,17,150,1133,150,1133
2026-06-16,WEEKDAY,Light rail,20,1900,3580,2000,3680
2026-06-16,WEEKDAY,Train,24,1150,2876,1050,2776
2026-06-17,WEEKDAY,Bus,20,550,2080,650,2180
2026-06-17,WEEKDAY,Ferry,18,200,1282,200,1282
2026-06-17,WEEKDAY,Light rail,21,1900,3529,2000,3629
2026-06-17,WEEKDAY,Train,24,1350,3076,1100,2876
2026-06-18,WEEKDAY,Bus,20,650,2180,650,2180
2026-06-18,WEEKDAY,Ferry,18,50,982,100,1082
2026-06-18,WEEKDAY,Light rail,21,2000,3629,1950,3629
2026-06-18,WEEKDAY,Train,24,900,2576,950,2676
2026-06-19,WEEKDAY,Bus,20,500,1980,600,2180
2026-06-19,WEEKDAY,Ferry,19,200,1331,300,1531
2026-06-19,WEEKDAY,Light rail,22,2200,4078,2200,4078
2026-06-19,WEEKDAY,Train,24,950,2776,900,2776
2026-06-20,SAT,Bus,22,350,1778,400,1878
2026-06-20,SAT,Ferry,19,350,1631,450,1831
2026-06-20,SAT,Light rail,20,1150,2880,1300,2980
2026-06-20,SAT,Train,24,550,2276,650,2276
2026-06-21,SUN,Bus,22,250,1578,150,1378
2026-06-21,SUN,Ferry,16,200,1184,150,1084
2026-06-21,SUN,Light rail,20,1050,2580,1000,2480
2026-06-21,SUN,Train,24,450,2076,400,1876
2026-06-22,WEEKDAY,Bus,19,600,2031,650,2131
2026-06-22,WEEKDAY,Ferry,18,150,1182,150,1182
2026-06-22,WEEKDAY,Light rail,20,1800,3380,1700,3280
2026-06-22,WEEKDAY,Train,24,1050,2776,1200,2976
2026-06-23,WEEKDAY,Bus,19,550,2031,650,2131
2026-06-23,WEEKDAY,Ferry,18,250,1382,150,1182
2026-06-23,WEEKDAY,Light rail,19,1900,3431,1850,3431
2026-06-23,WEEKDAY,Train,24,1300,3076,1250,3076
2026-06-24,WEEKDAY,Bus,20,550,1980,650,2180
2026-06-24,WEEKDAY,Ferry,18,200,1282,150,1182
2026-06-24,WEEKDAY,Light rail,19,2250,3831,2100,3631
2026-06-24,WEEKDAY,Train,24,1350,3076,1150,2876
2026-06-25,WEEKDAY,Bus,20,450,1880,600,2080
2026-06-25,WEEKDAY,Ferry,18,100,1082,100,1082
2026-06-25,WEEKDAY,Light rail,20,1500,3080,1550,3180
2026-06-25,WEEKDAY,Train,24,1100,2876,950,2676
2026-06-26,WEEKDAY,Bus,20,550,2080,550,2080
2026-06-26,WEEKDAY,Ferry,19,100,1131,250,1431
2026-06-26,WEEKDAY,Light rail,20,1900,3680,1900,3680
2026-06-26,WEEKDAY,Train,24,1000,2776,950,2876
2026-06-27,SAT,Bus,20,100,1180,250,1480
2026-06-27,SAT,Ferry,19,250,1431,400,1731
2026-06-27,SAT,Light rail,19,1150,2831,1400,3031
2026-06-27,SAT,Train,24,500,2176,650,2276
2026-06-28,SUN,Bus,22,50,1178,100,1278
2026-06-28,SUN,Ferry,15,200,1135,150,1035
2026-06-28,SUN,Light rail,21,750,2229,850,2329
2026-06-28,SUN,Train,24,450,2076,350,1876
2026-06-29,WEEKDAY,Bus,19,500,1931,500,1931
2026-06-29,WEEKDAY,Ferry,18,200,1282,100,1082
2026-06-29,WEEKDAY,Light rail,21,1650,3329,1650,3329
2026-06-29,WEEKDAY,Train,24,950,2676,1050,2776
2026-06-30,WEEKDAY,Bus,19,550,2031,650,2131
2026-06-30,WEEKDAY,Ferry,18,200,1282,250,1382
2026-06-30,WEEKDAY,Light rail,19,1900,3431,2150,3731
2026-06-30,WEEKDAY,Train,24,1150,2876,1000,2676
2026-07-01,WEEKDAY,Bus,20,550,2080,650,2180
2026-07-01,WEEKDAY,Ferry,18,400,1682,350,1582
2026-07-01,WEEKDAY,Light rail,20,1850,3480,1950,3580
2026-07-01,WEEKDAY,Train,24,1050,2776,1050,2776
2026-07-02,WEEKDAY,Bus,20,550,2080,650,2180
2026-07-02,WEEKDAY,Ferry,19,350,1631,300,1531
2026-07-02,WEEKDAY,Light rail,21,2100,3829,2000,3729
2026-07-02,WEEKDAY,Train,24,1050,2776,1000,2776
2026-07-03,WEEKDAY,Bus,19,450,1831,500,1931
2026-07-03,WEEKDAY,Ferry,19,250,1431,350,1631
2026-07-03,WEEKDAY,Light rail,20,2350,4080,2350,4080
2026-07-03,WEEKDAY,Train,24,1200,2976,1100,2976
2026-07-04,SAT,Bus,22,200,1478,350,1778
2026-07-04,SAT,Ferry,19,300,1531,400,1731
2026-07-04,SAT,Light rail,21,1800,3629,1800,3529
2026-07-04,SAT,Train,24,600,2376,800,2476
2026-07-05,SUN,Bus,22,50,1178,0,1078
2026-07-05,SUN,Ferry,14,0,686,100,886
2026-07-05,SUN,Light rail,21,600,2129,700,2229
2026-07-05,SUN,Train,24,450,2076,400,1976
2026-07-06,WEEKDAY,Bus,19,200,1331,150,1231
2026-07-06,WEEKDAY,Ferry,17,0,833,50,933
2026-07-06,WEEKDAY,Light rail,20,950,2480,1100,2680
2026-07-06,WEEKDAY,Train,24,350,1876,850,2476
2026-07-07,WEEKDAY,Bus,19,550,2031,550,2031
2026-07-07,WEEKDAY,Ferry,18,150,1182,100,1082
2026-07-07,WEEKDAY,Light rail,20,2000,3580,1800,3380
2026-07-07,WEEKDAY,Train,24,1150,2876,950,2676
2026-07-08,WEEKDAY,Bus,20,350,1680,500,1980
2026-07-08,WEEKDAY,Ferry,18,350,1582,350,1582
2026-07-08,WEEKDAY,Light rail,20,2000,3580,1900,3480
2026-07-08,WEEKDAY,Train,24,650,2376,750,2476
2026-07-09,WEEKDAY,Bus,20,700,2280,700,2280
2026-07-09,WEEKDAY,Ferry,18,400,1682,300,1482
2026-07-09,WEEKDAY,Light rail,19,1850,3431,2050,3631
2026-07-09,WEEKDAY,Train,24,950,2676,650,2376
2026-07-10,WEEKDAY,Bus,19,550,2031,550,2031
2026-07-10,WEEKDAY,Ferry,19,400,1731,450,1831
2026-07-10,WEEKDAY,Light rail,20,2500,4280,2400,4180
2026-07-10,WEEKDAY,Train,24,1200,2976,1050,2976
2026-07-11,SAT,Bus,23,500,2127,400,1927
2026-07-11,SAT,Ferry,20,350,1680,600,2080
2026-07-11,SAT,Light rail,21,2400,4229,2500,4329
2026-07-11,SAT,Train,24,900,2776,1300,3076
2026-07-12,SUN,Bus,23,250,1627,200,1527
2026-07-12,SUN,Ferry,14,250,1186,250,1186
2026-07-12,SUN,Light rail,20,1150,2680,1450,2980
2026-07-12,SUN,Train,24,800,2476,550,2076
2026-07-13,WEEKDAY,Bus,19,500,1931,500,1931
2026-07-13,WEEKDAY,Ferry,18,450,1782,350,1582
2026-07-13,WEEKDAY,Light rail,19,2100,3631,2000,3531
2026-07-13,WEEKDAY,Train,24,1150,2876,950,2676
2026-07-14,WEEKDAY,Bus,19,550,2031,650,2131
2026-07-14,WEEKDAY,Ferry,18,400,1682,450,1782
2026-07-14,WEEKDAY,Light rail,19,2500,4031,2450,4031
2026-07-14,WEEKDAY,Train,24,1450,3276,1250,2976
2026-07-15,WEEKDAY,Bus,20,550,2080,600,2180
2026-07-15,WEEKDAY,Ferry,18,350,1582,250,1382
2026-07-15,WEEKDAY,Light rail,20,2400,4080,2250,3880
2026-07-15,WEEKDAY,Train,24,1350,3076,1400,3276
2026-07-16,WEEKDAY,Bus,19,450,1831,550,2031
2026-07-16,WEEKDAY,Ferry,18,100,1082,100,1082
2026-07-16,WEEKDAY,Light rail,19,1800,3331,1600,3131
2026-07-16,WEEKDAY,Train,24,850,2576,850,2576
2026-07-17,WEEKDAY,Bus,19,500,1931,550,2031
2026-07-17,WEEKDAY,Ferry,16,150,1084,200,1184
2026-07-17,WEEKDAY,Light rail,21,2050,3829,2100,3929
2026-07-17,WEEKDAY,Train,24,1000,2776,1050,2876
2026-07-18,SAT,Bus,23,100,1327,200,1527
2026-07-18,SAT,Ferry,19,100,1131,200,1331
2026-07-18,SAT,Light rail,21,1450,3229,1450,3229
2026-07-18,SAT,Train,24,500,2176,500,2176
2026-07-19,SUN,Bus,20,150,1280,50,1080
2026-07-19,SUN,Ferry,16,250,1284,250,1284
2026-07-19,SUN,Light rail,20,1050,2580,1100,2580
2026-07-19,SUN,Train,24,550,2276,550,2076
2026-07-20,WEEKDAY,Bus,19,600,2131,550,2031
2026-07-20,WEEKDAY,Ferry,18,350,1582,350,1582
2026-07-20,WEEKDAY,Light rail,20,2100,3680,1850,3480
2026-07-20,WEEKDAY,Train,24,1000,2676,950,2676
2026-07-21,WEEKDAY,Bus,20,550,2080,650,2180
2026-07-21,WEEKDAY,Ferry,18,400,1682,300,1482
2026-07-21,WEEKDAY,Light rail,20,1800,3380,1800,3380
2026-07-21,WEEKDAY,Train,24,1300,3076,1150,2976
2026-07-22,WEEKDAY,Bus,20,600,2080,800,2380
2026-07-22,WEEKDAY,Ferry,18,300,1482,200,1282
2026-07-22,WEEKDAY,Light rail,19,2000,3531,2150,3731
2026-07-22,WEEKDAY,Train,21,1250,2829,1400,3129
2026-07-23,WEEKDAY,Bus,20,650,2180,550,2080
2026-07-23,WEEKDAY,Ferry,18,350,1582,350,1582
2026-07-23,WEEKDAY,Light rail,20,1950,3580,1850,3480
2026-07-23,WEEKDAY,Train,24,1100,2876,1050,2876
2026-07-24,WEEKDAY,Bus,20,600,2080,800,2380
2026-07-24,WEEKDAY,Ferry,19,350,1631,350,1631
2026-07-24,WEEKDAY,Light rail,20,2150,3880,2200,3980
2026-07-24,WEEKDAY,Train,24,1000,2776,900,2776
2026-07-25,SAT,Bus,22,200,1478,200,1478
2026-07-25,SAT,Ferry,19,300,1531,450,1831
2026-07-25,SAT,Light rail,20,1550,3280,1650,3380
2026-07-25,SAT,Train,24,550,2276,750,2376
2026-07-26,SUN,Bus,23,100,1327,50,1227
2026-07-26,SUN,Ferry,15,300,1335,300,1335
2026-07-26,SUN,Light rail,21,950,2529,1000,2529
2026-07-26,SUN,Train,24,450,2076,450,1976
2026-07-27,WEEKDAY,Bus,19,600,1931,650,2131
2026-07-27,WEEKDAY,Ferry,18,100,1082,150,1182
2026-07-27,WEEKDAY,Light rail,19,1450,3031,1450,3031
2026-07-27,WEEKDAY,Train,24,1100,2876,1000,2776
2026-07-28,WEEKDAY,Bus,20,750,2280,650,2180
2026-07-28,WEEKDAY,Ferry,18,200,1282,200,1282
2026-07-28,WEEKDAY,Light rail,20,1900,3480,1900,3480
2026-07-28,WEEKDAY,Train,24,1250,2976,1200,2976
2026-07-29,WEEKDAY,Bus,20,600,2080,800,2380
2026-07-29,WEEKDAY,Ferry,18,250,1382,150,1182
2026-07-29,WEEKDAY,Light rail,21,2000,3629,2000,3629
2026-07-29,WEEKDAY,Train,24,1250,2976,1200,2976
2026-07-30,WEEKDAY,Bus,20,700,2280,550,2080
2026-07-30,WEEKDAY,Ferry,18,250,1382,250,1382
2026-07-30,WEEKDAY,Light rail,20,2100,3680,2100,3680
2026-07-30,WEEKDAY,Train,24,1250,2976,1200,2976
2026-07-31,WEEKDAY,Bus,19,550,2031,600,2131
2026-07-31,WEEKDAY,Ferry,19,100,1131,150,1231
2026-07-31,WEEKDAY,Light rail,19,1850,3531,1850,3531
2026-07-31,WEEKDAY,Train,24,1150,2976,1050,2976
2026-08-01,SAT,Bus,22,200,1478,400,1878
2026-08-01,SAT,Ferry,19,350,1631,450,1831
2026-08-01,SAT,Light rail,21,2350,4129,2100,3829
2026-08-01,SAT,Train,24,650,2476,950,2676
2026-08-02,SUN,Bus,22,250,1578,200,1478
2026-08-02,SUN,Ferry,16,400,1584,250,1284
2026-08-02,SUN,Light rail,21,1050,2629,950,2529
2026-08-02,SUN,Train,24,550,2276,400,1976
2026-08-03,WEEKDAY,Bus,19,450,1831,550,2031
2026-08-03,WEEKDAY,Ferry,18,200,1282,150,1182
2026-08-03,WEEKDAY,Light rail,20,1500,3080,1600,3180
2026-08-03,WEEKDAY,Train,24,1100,2876,1050,2876
2026-08-04,WEEKDAY,Bus,20,600,2080,650,2180
2026-08-04,WEEKDAY,Ferry,18,300,1482,300,1482
2026-08-04,WEEKDAY,Light rail,20,1800,3380,1750,3380
2026-08-04,WEEKDAY,Train,24,1200,2976,1150,2976
2026-08-05,WEEKDAY,Bus,20,700,2180,700,2280
2026-08-05,WEEKDAY,Ferry,18,250,1382,250,1382
2026-08-05,WEEKDAY,Light rail,19,1850,3431,1950,3531
2026-08-05,WEEKDAY,Train,24,1150,2976,1150,2976
2026-08-06,WEEKDAY,Bus,20,700,2280,700,2280
2026-08-06,WEEKDAY,Ferry,18,350,1582,300,1482
2026-08-06,WEEKDAY,Light rail,20,1800,3380,1700,3280
2026-08-06,WEEKDAY,Train,24,1150,2876,1250,3076
2026-08-07,WEEKDAY,Bus,20,550,2080,700,2280
2026-08-07,WEEKDAY,Ferry,19,250,1431,350,1631
2026-08-07,WEEKDAY,Light rail,20,2250,3980,2150,3880
2026-08-07,WEEKDAY,Train,24,1250,3076,1000,2876
2026-08-08,SAT,Bus,22,300,1678,450,1978
2026-08-08,SAT,Ferry,19,350,1631,600,2031
2026-08-08,SAT,Light rail,20,1700,3380,2050,3780
2026-08-08,SAT,Train,24,600,2376,800,2376
2026-08-09,SUN,Bus,23,200,1527,200,1527
2026-08-09,SUN,Ferry,16,200,1184,350,1384
2026-08-09,SUN,Light rail,19,850,2331,800,2231
2026-08-09,SUN,Train,24,550,2276,700,2276
2026-08-10,WEEKDAY,Bus,19,500,1931,700,2231
2026-08-10,WEEKDAY,Ferry,12,0,588,100,788
2026-08-10,WEEKDAY,Light rail,21,1250,2829,1200,2829
2026-08-10,WEEKDAY,Train,24,950,2676,950,2676
2026-08-11,WEEKDAY,Bus,20,800,2380,650,2180
2026-08-11,WEEKDAY,Ferry,18,100,1082,150,1182
2026-08-11,WEEKDAY,Light rail,20,1900,3480,2000,3580
2026-08-11,WEEKDAY,Train,24,1200,2976,1200,2976
2026-08-12,WEEKDAY,Bus,20,650,2180,700,2280
2026-08-12,WEEKDAY,Ferry,18,250,1382,200,1282
2026-08-12,WEEKDAY,Light rail,20,2000,3580,1850,3480
2026-08-12,WEEKDAY,Train,24,1250,2976,1200,3076
2026-08-13,WEEKDAY,Bus,20,600,2080,700,2280
2026-08-13,WEEKDAY,Ferry,18,300,1482,300,1482
2026-08-13,WEEKDAY,Light rail,19,2150,3731,2350,3931
2026-08-13,WEEKDAY,Train,24,1050,2776,1200,3076
2026-08-14,WEEKDAY,Bus,20,700,2280,700,2280
2026-08-14,WEEKDAY,Ferry,19,350,1631,300,1531
2026-08-14,WEEKDAY,Light rail,20,2150,3880,2150,3880
2026-08-14,WEEKDAY,Train,24,1050,2776,1100,2976
2026-08-15,SAT,Bus,20,300,1580,500,1980
2026-08-15,SAT,Ferry,19,350,1631,500,1931
2026-08-15,SAT,Light rail,20,1850,3580,1750,3480
2026-08-15,SAT,Train,24,500,2176,800,2476
2026-08-16,SUN,Bus,22,150,1378,200,1478
2026-08-16,SUN,Ferry,15,200,1135,150,1035
2026-08-16,SUN,Light rail,19,650,2031,900,2331
2026-08-16,SUN,Train,24,400,1976,450,1976
2026-08-17,WEEKDAY,Bus,19,900,2431,750,2231
2026-08-17,WEEKDAY,Ferry,18,250,1382,150,1182
2026-08-17,WEEKDAY,Light rail,20,1900,3480,1900,3480
2026-08-17,WEEKDAY,Train,24,950,2676,950,2676
2026-08-18,WEEKDAY,Bus,19,800,2331,900,2431
2026-08-18,WEEKDAY,Ferry,18,250,1382,150,1182
2026-08-18,WEEKDAY,Light rail,20,2100,3780,2050,3680
2026-08-18,WEEKDAY,Train,24,1350,3176,1300,3076
2026-08-19,WEEKDAY,Bus,20,800,2380,900,2480
2026-08-19,WEEKDAY,Ferry,18,150,1182,150,1182
2026-08-19,WEEKDAY,Light rail,19,2450,4031,2450,4031
2026-08-19,WEEKDAY,Train,24,1450,3276,1250,3076
2026-08-20,WEEKDAY,Bus,20,800,2380,550,2080
2026-08-20,WEEKDAY,Ferry,18,350,1582,300,1482
2026-08-20,WEEKDAY,Light rail,20,2500,4180,2700,4380
2026-08-20,WEEKDAY,Train,24,1400,3176,1350,3176
2026-08-21,WEEKDAY,Bus,19,700,2231,700,2231
2026-08-21,WEEKDAY,Ferry,19,100,1131,200,1331
2026-08-21,WEEKDAY,Light rail,20,2350,4080,2150,3880
2026-08-21,WEEKDAY,Train,24,1200,2976,1150,2976
2026-08-22,SAT,Bus,21,400,1829,500,2029
2026-08-22,SAT,Ferry,19,450,1831,650,2131
2026-08-22,SAT,Light rail,20,1500,3180,1500,3180
2026-08-22,SAT,Train,24,0,1176,0,1176
2026-08-23,SUN,Bus,21,250,1529,200,1429
2026-08-23,SUN,Ferry,15,300,1335,250,1235
2026-08-23,SUN,Light rail,21,1300,2829,1250,2829
2026-08-23,SUN,Train,21,0,1029,0,1029
2026-08-24,WEEKDAY,Bus,19,550,2031,700,2231
2026-08-24,WEEKDAY,Ferry,18,300,1482,300,1482
2026-08-24,WEEKDAY,Light rail,20,2100,3780,2050,3680
2026-08-24,WEEKDAY,Train,24,1250,3076,1150,2976
2026-08-25,WEEKDAY,Bus,20,750,2280,750,2280
2026-08-25,WEEKDAY,Ferry,18,250,1382,250,1382
2026-08-25,WEEKDAY,Light rail,20,2250,3880,2100,3680
2026-08-25,WEEKDAY,Train,24,1350,3076,1150,2876
2026-08-26,WEEKDAY,Bus,20,800,2380,600,2180
2026-08-26,WEEKDAY,Ferry,18,100,1082,150,1182
2026-08-26,WEEKDAY,Light rail,21,1900,3529,2000,3629
2026-08-26,WEEKDAY,Train,24,1300,3076,1250,3076
2026-08-27,WEEKDAY,Bus,20,900,2480,650,2180
2026-08-27,WEEKDAY,Ferry,19,200,1331,150,1231
2026-08-27,WEEKDAY,Light rail,20,2200,3880,2300,3980
2026-08-27,WEEKDAY,Train,24,1300,3076,1100,2876
2026-08-28,WEEKDAY,Bus,20,600,2180,550,2080
2026-08-28,WEEKDAY,Ferry,19,200,1331,250,1431
2026-08-28,WEEKDAY,Light rail,20,2500,4280,2650,4480
2026-08-28,WEEKDAY,Train,24,1100,2876,1100,2976
2026-08-29,SAT,Bus,21,400,1829,500,2029
2026-08-29,SAT,Ferry,19,250,1431,450,1831
2026-08-29,SAT,Light rail,20,1800,3580,1800,3580
2026-08-29,SAT,Train,24,650,2476,700,2376
2026-08-30,SUN,Bus,22,200,1478,350,1778
2026-08-30,SUN,Ferry,14,300,1286,350,1386
2026-08-30,SUN,Light rail,20,1200,2780,1050,2580
2026-08-30,SUN,Train,24,500,2176,500,2076
2026-08-31,WEEKDAY,Bus,19,800,2331,750,2231
2026-08-31,WEEKDAY,Ferry,18,300,1482,250,1382
2026-08-31,WEEKDAY,Light rail,20,2100,3780,2150,3780
2026-08-31,WEEKDAY,Train,24,1150,2876,1150,2976
